id,name,category,article,cta,signal,step,new_id,type,reward,line
118,Context,none,none,none,none,-1,-1,gemini_rewrite,0,"Hello, I came across the article “Bologna, 23-year-old girl in alcoholic coma. Pakistani immigrant rapes her in hospital” and I would like to discuss it further."
118,Response,none,none,none,none,-1,-1,gemini_rewrite,0,Of course. I am here to discuss anything you want. Could you please inform me about the main topic of the article?
118,Context,none,none,none,none,-1,-1,gemini_rewrite,0,It's about a rape case.
118,Response,none,none,none,none,-1,-1,gemini_rewrite,0,Are you familiar with this topic?
118,Context,none,none,none,none,-1,-1,gemini_rewrite,0,"Unfortunately, yes."
118,Response,none,none,none,none,-1,-1,gemini_rewrite,0,Could you explain to me the key point of the article?
118,Context,none,none,none,none,-1,-1,gemini_rewrite,0,A Pakistani immigrant is accused of raping a woman.
118,Response,none,none,none,none,-1,-1,gemini_rewrite,0,What is it that concerns you about this article?
118,Context,none,none,none,none,-1,-1,gemini_rewrite,0,It seems biased.
118,Response,none,none,none,none,-1,-1,gemini_rewrite,0,Could you clarify the content of those arguments?
118,Context,none,none,none,none,-1,-1,gemini_rewrite,0,The focus is on the nationality of the accused.
118,Response,none,none,none,none,-1,-1,gemini_rewrite,0,Have you come across such arguments before?
118,Context,none,none,none,none,-1,-1,gemini_rewrite,0,"Yes, often in similar news stories."
118,Response,none,none,none,none,-1,-1,gemini_rewrite,0,Could you also clarify the number of those arguments and the part of the text they appear?
118,Context,none,none,none,none,-1,-1,gemini_rewrite,0,The entire title and article emphasize the nationality.
118,Response,none,none,none,none,-1,-1,gemini_rewrite,0,Would you assume that these arguments are presented in favor or against the topic?
118,Context,none,none,none,none,-1,-1,gemini_rewrite,0,"Against immigrants, I think."
118,Response,none,none,none,none,-1,-1,gemini_rewrite,0,What is the topic of the arguments?
118,Context,none,none,none,none,-1,-1,gemini_rewrite,0,Immigrants and crime.
118,Response,none,none,none,none,-1,-1,gemini_rewrite,0,Could you please elaborate on the claims against immigrants presented in the article?
118,Context,none,none,none,none,-1,-1,gemini_rewrite,0,It subtly suggests immigrants are more prone to violence.
118,Response,none,none,none,none,-1,-1,gemini_rewrite,0,Why do you think the arguments are presented against immigrants?
118,Context,none,none,none,none,-1,-1,gemini_rewrite,0,To create a negative association.
118,Response,none,none,none,none,-1,-1,gemini_rewrite,0,I think your thoughts on this are insightful. Have you been influenced by something or someone?
118,Context,none,none,none,none,-1,-1,gemini_rewrite,0,I've read many similar articles.
118,Response,none,none,none,none,-1,-1,gemini_rewrite,0,Do you consider this article to be credible?
118,Context,none,none,none,none,-1,-1,gemini_rewrite,0,"No, not entirely."
118,Response,none,none,none,none,-1,-1,gemini_rewrite,0,Is there any specific reason to question the credibility of this article?
118,Context,none,none,none,none,-1,-1,gemini_rewrite,0,The biased presentation raises concerns.
118,Response,none,none,none,none,-1,-1,gemini_rewrite,0,What is the reason that led you to this belief? Could it be perhaps the attitude of the article towards immigrants?
118,Context,none,none,none,none,-1,-1,gemini_rewrite,0,"Yes, the attitude towards immigrants is a major factor."
118,Response,none,none,none,none,-1,-1,gemini_rewrite,0,Would you consider the author prejudiced towards immigrants?
118,Context,none,none,none,none,-1,-1,gemini_rewrite,0,"Possibly, yes."
118,Response,none,none,none,none,-1,-1,gemini_rewrite,0,Is there any evidence to support your view?
118,Context,none,none,none,none,-1,-1,gemini_rewrite,0,The selective focus on immigrant crimes.
118,Response,none,none,none,none,-1,-1,gemini_rewrite,0,Could you think of any reason that the author could only focus on violent cases against women committed by immigrants and not local people? Would anything have to do with the author’s opinion about immigrants in general?
118,Context,none,none,none,none,-1,-1,gemini_rewrite,0,It suggests a pre-existing negative bias.
118,Response,none,none,none,none,-1,-1,gemini_rewrite,0,"Precisely. In fact, based on some violent reported cases committed by immigrants, the author makes implicit assumptions about them in order to persuade readers that all immigrants commit crimes. It is actually a type of logical fallacy to manipulate the opinion of the readers. Perhaps, you would be interested to know more about it."
118,Context,none,none,none,none,-1,-1,gemini_rewrite,0,That makes sense.
118,Response,none,none,none,none,-1,-1,gemini_rewrite,0,Do you think that the article is objective?
118,Context,none,none,none,none,-1,-1,gemini_rewrite,0,Definitely not.
118,Response,none,none,none,none,-1,-1,gemini_rewrite,0,Why would you think that?
118,Context,none,none,none,none,-1,-1,gemini_rewrite,0,Because of the racial profiling.
118,Response,none,none,none,none,-1,-1,gemini_rewrite,0,"So, you consider this article racial profiling, isn’t that right?"
118,Context,none,none,none,none,-1,-1,gemini_rewrite,0,"Yes, I do."
118,Response,none,none,none,none,-1,-1,gemini_rewrite,0,"Taking into consideration the allegations against immigrants, have you come to the conclusion concerning the credibility of the article?"
118,Context,none,none,none,none,-1,-1,gemini_rewrite,0,It's not credible.
118,Response,none,none,none,none,-1,-1,gemini_rewrite,0,"Were the article to use a different way to express its content, would it be considered credible?"
118,Context,none,none,none,none,-1,-1,gemini_rewrite,0,"Possibly, if it were unbiased."
118,Response,none,none,none,none,-1,-1,gemini_rewrite,0,What would be an alternative way to write the article and be considered credible?
118,Context,none,none,none,none,-1,-1,gemini_rewrite,0,"Focus on the crime, not the perpetrator's origin."
118,Response,none,none,none,none,-1,-1,gemini_rewrite,0,"What do you suppose would be the implications for someone who reads this article, but does not seek to doubt and investigate it, like you did?"
118,Context,none,none,none,none,-1,-1,gemini_rewrite,0,It could reinforce negative stereotypes.
118,Response,none,none,none,none,-1,-1,gemini_rewrite,0,"How are you feeling about this article, after our discussion?"
118,Context,none,none,none,none,-1,-1,gemini_rewrite,0,More certain about its potential for harm.
118,Response,none,none,none,none,-1,-1,gemini_rewrite,0,Would you be in a better position to identify the implicit assumptions about a topic in an article from now on?
118,Context,none,none,none,none,-1,-1,gemini_rewrite,0,"Yes, much better."
118,Response,none,none,none,none,-1,-1,gemini_rewrite,0,Did you find our discussion helpful?
118,Context,none,none,none,none,-1,-1,gemini_rewrite,0,"Very helpful, thank you."
118,Response,none,none,none,none,-1,-1,gemini_rewrite,0,What are you planning to do with this article now?
118,Context,none,none,none,none,-1,-1,gemini_rewrite,0,Share my concerns with others.
118,Response,none,none,none,none,-1,-1,gemini_rewrite,0,Is there anything else you would like to discuss?
118,Context,none,none,none,none,-1,-1,gemini_rewrite,0,"No, that's all for now."
118,Response,none,none,none,none,-1,-1,gemini_rewrite,0,"Please, rate from 1-5 your experience with the Response. You can write any comments you believe will help me improve it. Thank you for using the  application. Have a good day!"
119,Context,none,none,none,none,-1,-1,gemini_rewrite,0,"Hello, I came across the article “Bologna, 23-year-old girl in alcoholic coma. Pakistani immigrant rapes her in hospital” and I would like to discuss it further."
119,Response,none,none,none,none,-1,-1,gemini_rewrite,0,Of course. I am here to discuss anything you want. Could you please inform me about the main topic of the article?
119,Context,none,none,none,none,-1,-1,gemini_rewrite,0,It seems to be about a rape case.
119,Response,none,none,none,none,-1,-1,gemini_rewrite,0,Are you familiar with this topic?
119,Context,none,none,none,none,-1,-1,gemini_rewrite,0,"Unfortunately, yes."
119,Response,none,none,none,none,-1,-1,gemini_rewrite,0,Could you explain to me the key point of the article?
119,Context,none,none,none,none,-1,-1,gemini_rewrite,0,A young woman was allegedly raped.
119,Response,none,none,none,none,-1,-1,gemini_rewrite,0,What is it that concerns you about this article?
119,Context,none,none,none,none,-1,-1,gemini_rewrite,0,The focus on the perpetrator's nationality seems suspicious.
119,Response,none,none,none,none,-1,-1,gemini_rewrite,0,Could you clarify the content of those arguments?
119,Context,none,none,none,none,-1,-1,gemini_rewrite,0,It implies immigrants are more likely to commit crimes.
119,Response,none,none,none,none,-1,-1,gemini_rewrite,0,Have you come across such arguments before?
119,Context,none,none,none,none,-1,-1,gemini_rewrite,0,"Yes, often online."
119,Response,none,none,none,none,-1,-1,gemini_rewrite,0,Could you also clarify the number of those arguments and the part of the text they appear?
119,Context,none,none,none,none,-1,-1,gemini_rewrite,0,The article only mentions this one incident.
119,Response,none,none,none,none,-1,-1,gemini_rewrite,0,Would you assume that these arguments are presented in favor or against the topic?
119,Context,none,none,none,none,-1,-1,gemini_rewrite,0,"Against immigrants, I suppose."
119,Response,none,none,none,none,-1,-1,gemini_rewrite,0,What is the topic of the arguments?
119,Context,none,none,none,none,-1,-1,gemini_rewrite,0,Immigrant crime.
119,Response,none,none,none,none,-1,-1,gemini_rewrite,0,Could you please elaborate on the claims against immigrants presented in the article?
119,Context,none,none,none,none,-1,-1,gemini_rewrite,0,"It doesn't directly make claims, but heavily implies it."
119,Response,none,none,none,none,-1,-1,gemini_rewrite,0,Why do you think the arguments are presented against immigrants?
119,Context,none,none,none,none,-1,-1,gemini_rewrite,0,To make them look bad.
119,Response,none,none,none,none,-1,-1,gemini_rewrite,0,I think your thoughts on this are insightful. Have you been influenced by something or someone?
119,Context,none,none,none,none,-1,-1,gemini_rewrite,0,"News media, probably."
119,Response,none,none,none,none,-1,-1,gemini_rewrite,0,Do you consider this article to be credible?
119,Context,none,none,none,none,-1,-1,gemini_rewrite,0,I'm not sure.
119,Response,none,none,none,none,-1,-1,gemini_rewrite,0,Is there any specific reason to question the credibility of this article?
119,Context,none,none,none,none,-1,-1,gemini_rewrite,0,"The biased reporting, maybe."
119,Response,none,none,none,none,-1,-1,gemini_rewrite,0,What is the reason that led you to this belief? Could it be perhaps the attitude of the article towards immigrants?
119,Context,none,none,none,none,-1,-1,gemini_rewrite,0,"Possibly, yes."
119,Response,none,none,none,none,-1,-1,gemini_rewrite,0,Would you consider the author prejudiced towards immigrants?
119,Context,none,none,none,none,-1,-1,gemini_rewrite,0,I don't know for sure.
119,Response,none,none,none,none,-1,-1,gemini_rewrite,0,Is there any evidence to support your view?
119,Context,none,none,none,none,-1,-1,gemini_rewrite,0,Just the way it's written.
119,Response,none,none,none,none,-1,-1,gemini_rewrite,0,Could you think of any reason that the author could only focus on violent cases against women committed by immigrants and not local people? Would anything have to do with the author’s opinion about immigrants in general?
119,Context,none,none,none,none,-1,-1,gemini_rewrite,0,Maybe they are trying to push an agenda.
119,Response,none,none,none,none,-1,-1,gemini_rewrite,0,"Precisely. In fact, based on some violent reported cases committed by immigrants, the author makes implicit assumptions about them in order to persuade readers that all immigrants commit crimes. It is actually a type of logical fallacy to manipulate the opinion of the readers. Perhaps, you would be interested to know more about it."
119,Context,none,none,none,none,-1,-1,gemini_rewrite,0,"I'm not sure, actually."
119,Response,none,none,none,none,-1,-1,gemini_rewrite,0,Do you think that the article is objective?
119,Context,none,none,none,none,-1,-1,gemini_rewrite,0,I thought it was.
119,Response,none,none,none,none,-1,-1,gemini_rewrite,0,Why would you think that?
119,Context,none,none,none,none,-1,-1,gemini_rewrite,0,I'm second-guessing myself now.
119,Response,none,none,none,none,-1,-1,gemini_rewrite,0,"So, you consider this article racial profiling, isn’t that right?"
119,Context,none,none,none,none,-1,-1,gemini_rewrite,0,Maybe not.
119,Response,none,none,none,none,-1,-1,gemini_rewrite,0,"Taking into consideration the allegations against immigrants, have you come to the conclusion concerning the credibility of the article?"
119,Context,none,none,none,none,-1,-1,gemini_rewrite,0,I'm more confused now than before.
119,Response,none,none,none,none,-1,-1,gemini_rewrite,0,"Were the article to use a different way to express its content, would it be considered credible?"
119,Context,none,none,none,none,-1,-1,gemini_rewrite,0,Probably.
119,Response,none,none,none,none,-1,-1,gemini_rewrite,0,What would be an alternative way to write the article and be considered credible?
119,Context,none,none,none,none,-1,-1,gemini_rewrite,0,I have no idea.
119,Response,none,none,none,none,-1,-1,gemini_rewrite,0,"What do you suppose would be the implications for someone who reads this article, but does not seek to doubt and investigate it, like you did?"
119,Context,none,none,none,none,-1,-1,gemini_rewrite,0,They would be misled.
119,Response,none,none,none,none,-1,-1,gemini_rewrite,0,"How are you feeling about this article, after our discussion?"
119,Context,none,none,none,none,-1,-1,gemini_rewrite,0,More uncertain than ever.
119,Response,none,none,none,none,-1,-1,gemini_rewrite,0,Would you be in a better position to identify the implicit assumptions about a topic in an article from now on?
119,Context,none,none,none,none,-1,-1,gemini_rewrite,0,I seriously doubt it.
119,Response,none,none,none,none,-1,-1,gemini_rewrite,0,Did you find our discussion helpful?
119,Context,none,none,none,none,-1,-1,gemini_rewrite,0,Not really.
119,Response,none,none,none,none,-1,-1,gemini_rewrite,0,What are you planning to do with this article now?
119,Context,none,none,none,none,-1,-1,gemini_rewrite,0,Forget about it.
119,Response,none,none,none,none,-1,-1,gemini_rewrite,0,Is there anything else you would like to discuss?
119,Context,none,none,none,none,-1,-1,gemini_rewrite,-1,"No, thank you."
119,Response,none,none,none,none,-1,-1,gemini_rewrite,0,"Please, rate from 1-5 your experience with the Response. You can write any comments you believe will help me improve it. Thank you for using the  application. Have a good day!"
120,Context,none,none,none,none,-1,-1,gemini_rewrite,0,"Hello, I found the article “Transform Your Body with the Latest Breakthrough in Weight Loss – SkinnySecretsExposed.com” and I would like to discuss it further."
120,Response,none,none,none,none,-1,-1,gemini_rewrite,0,"Of course. I am here to discuss anything you want. First of all, what made you choose to read the article in the first place?"
120,Context,none,none,none,none,-1,-1,gemini_rewrite,0,The title caught my eye.
120,Response,none,none,none,none,-1,-1,gemini_rewrite,0,What was it that specifically caught your attention?
120,Context,none,none,none,none,-1,-1,gemini_rewrite,0,The promise of a breakthrough in weight loss.
120,Response,none,none,none,none,-1,-1,gemini_rewrite,0,What is it that is troubling you with this article?
120,Context,none,none,none,none,-1,-1,gemini_rewrite,0,It seems too good to be true and potentially misleading.
120,Response,none,none,none,none,-1,-1,gemini_rewrite,0,Could you clarify the content of those arguments?
120,Context,none,none,none,none,-1,-1,gemini_rewrite,0,The article makes extreme claims without scientific evidence.
120,Response,none,none,none,none,-1,-1,gemini_rewrite,0,Have you come across such arguments before?
120,Context,none,none,none,none,-1,-1,gemini_rewrite,0,"Yes, I've seen similar ads for weight loss products."
120,Response,none,none,none,none,-1,-1,gemini_rewrite,0,Could you also clarify the number of those arguments and the part of the text they appear?
120,Context,none,none,none,none,-1,-1,gemini_rewrite,0,The whole article is filled with hyperbolic statements.
120,Response,none,none,none,none,-1,-1,gemini_rewrite,0,Why do you think these arguments are written in this way?
120,Context,none,none,none,none,-1,-1,gemini_rewrite,0,To attract readers and sell the product.
120,Response,none,none,none,none,-1,-1,gemini_rewrite,0,Could you please elaborate?
120,Context,none,none,none,none,-1,-1,gemini_rewrite,0,It seems like a marketing trick to create urgency.
120,Response,none,none,none,none,-1,-1,gemini_rewrite,0,I think your thoughts on this are insightful. Have you been influenced by something or someone?
120,Context,none,none,none,none,-1,-1,gemini_rewrite,0,I've read articles debunking similar weight loss schemes.
120,Response,none,none,none,none,-1,-1,gemini_rewrite,0,Do you consider this article to be credible?
120,Context,none,none,none,none,-1,-1,gemini_rewrite,0,"No, I don't think it's credible."
120,Response,none,none,none,none,-1,-1,gemini_rewrite,0,Is there any specific reason to question the credibility of this article?
120,Context,none,none,none,none,-1,-1,gemini_rewrite,0,The lack of scientific backing and overly enthusiastic tone are red flags.
120,Response,none,none,none,none,-1,-1,gemini_rewrite,0,What is the reason that led you to this belief?
120,Context,none,none,none,none,-1,-1,gemini_rewrite,0,It makes use of a slippery slope argument.
120,Response,none,none,none,none,-1,-1,gemini_rewrite,0,"That’s correct. In fact, this is a clear illustration of the “slippery slope” logical argument. It is actually a type of logical fallacy that employs fear while making extreme hypotheses that lead to a series of, usually bad, events. Perhaps, you would be interested to know more about it."
120,Context,none,none,none,none,-1,-1,gemini_rewrite,0,"That explains a lot, I am not interested for the moment."
120,Response,none,none,none,none,-1,-1,gemini_rewrite,0,"So, have you come to the conclusion concerning the credibility of the article?"
120,Context,none,none,none,none,-1,-1,gemini_rewrite,0,"Yes, I believe the article is not credible and likely contains disinformation."
120,Response,none,none,none,none,-1,-1,gemini_rewrite,0,"Were the article to use a different way to express its content, would it be considered credible?"
120,Context,none,none,none,none,-1,-1,gemini_rewrite,0,"Yes, if it were factual and evidence-based."
120,Response,none,none,none,none,-1,-1,gemini_rewrite,0,What would be an alternative way to write the article and be considered credible?
120,Context,none,none,none,none,-1,-1,gemini_rewrite,0,It should cite scientific studies and avoid exaggerated claims.
120,Response,none,none,none,none,-1,-1,gemini_rewrite,0,"What do you think would be the implications for someone who reads this article, but does not seek to doubt and investigate it, like you did?"
120,Context,none,none,none,none,-1,-1,gemini_rewrite,0,They might waste money on a product that doesn't work.
120,Response,none,none,none,none,-1,-1,gemini_rewrite,0,Would you be in a better position to identify the slippery slope logical fallacies in an article from now on?
120,Context,none,none,none,none,-1,-1,gemini_rewrite,0,"Yes, definitely."
120,Response,none,none,none,none,-1,-1,gemini_rewrite,0,Did you find our discussion helpful?
120,Context,none,none,none,none,-1,-1,gemini_rewrite,0,"Yes, it was very helpful in clarifying my doubts."
120,Response,none,none,none,none,-1,-1,gemini_rewrite,0,What are you planning to do with this article now?
120,Context,none,none,none,none,-1,-1,gemini_rewrite,0,I will disregard it and look for reliable information.
120,Response,none,none,none,none,-1,-1,gemini_rewrite,0,Is there anything else you would like to discuss?
120,Context,none,none,none,none,-1,-1,gemini_rewrite,0,"No, I think I'm good for now."
120,Response,none,none,none,none,-1,-1,gemini_rewrite,0,"Please, rate from 1-5 your experience with the Response. You can write any comments you believe will help me improve it. Thank you for using the  application. Have a good day!"
121,Context,none,none,none,none,-1,-1,gemini_rewrite,0,"Hello, I found the article “Transform Your Body with the Latest Breakthrough in Weight Loss – SkinnySecretsExposed.com” and I would like to discuss it further."
121,Response,none,none,none,none,-1,-1,gemini_rewrite,0,"Of course. I am here to discuss anything you want. First of all, what made you choose to read the article in the first place?"
121,Context,none,none,none,none,-1,-1,gemini_rewrite,0,It popped up in my social media feed.
121,Response,none,none,none,none,-1,-1,gemini_rewrite,0,What was it that specifically caught your attention?
121,Context,none,none,none,none,-1,-1,gemini_rewrite,0,The promise of quick results.
121,Response,none,none,none,none,-1,-1,gemini_rewrite,0,What is it that is troubling you with this article?
121,Context,none,none,none,none,-1,-1,gemini_rewrite,0,It sounds too good to be true.
121,Response,none,none,none,none,-1,-1,gemini_rewrite,0,Could you clarify the content of those arguments?
121,Context,none,none,none,none,-1,-1,gemini_rewrite,0,The claims about losing weight without any effort.
121,Response,none,none,none,none,-1,-1,gemini_rewrite,0,Have you come across such arguments before?
121,Context,none,none,none,none,-1,-1,gemini_rewrite,0,"Yes, all the time."
121,Response,none,none,none,none,-1,-1,gemini_rewrite,0,Could you also clarify the number of those arguments and the part of the text they appear?
121,Context,none,none,none,none,-1,-1,gemini_rewrite,0,It's all over the first few paragraphs.
121,Response,none,none,none,none,-1,-1,gemini_rewrite,0,Why do you think these arguments are written in this way?
121,Context,none,none,none,none,-1,-1,gemini_rewrite,0,To grab your attention and sell you something.
121,Response,none,none,none,none,-1,-1,gemini_rewrite,0,Could you please elaborate?
121,Context,none,none,none,none,-1,-1,gemini_rewrite,0,It's manipulative marketing.
121,Response,none,none,none,none,-1,-1,gemini_rewrite,0,I think your thoughts on this are insightful. Have you been influenced by something or someone?
121,Context,none,none,none,none,-1,-1,gemini_rewrite,0,Just past experiences with similar products.
121,Response,none,none,none,none,-1,-1,gemini_rewrite,0,Do you consider this article to be credible?
121,Context,none,none,none,none,-1,-1,gemini_rewrite,0,Probably not.
121,Response,none,none,none,none,-1,-1,gemini_rewrite,0,Is there any specific reason to question the credibility of this article?
121,Context,none,none,none,none,-1,-1,gemini_rewrite,0,It lacks scientific evidence.
121,Response,none,none,none,none,-1,-1,gemini_rewrite,0,What is the reason that led you to this belief?
121,Context,none,none,none,none,-1,-1,gemini_rewrite,0,It relies on testimonials and hype.
121,Response,none,none,none,none,-1,-1,gemini_rewrite,0,"That’s correct. In fact, this is a clear illustration of the “slippery slope” logical argument. It is actually a type of logical fallacy that employs fear while making extreme hypotheses that lead to a series of, usually bad, events. Perhaps, you would be interested to know more about it."
121,Context,none,none,none,none,-1,-1,gemini_rewrite,0,Maybe later.
121,Response,none,none,none,none,-1,-1,gemini_rewrite,0,"So, have you come to the conclusion concerning the credibility of the article?"
121,Context,none,none,none,none,-1,-1,gemini_rewrite,0,I'm still not sure.
121,Response,none,none,none,none,-1,-1,gemini_rewrite,0,"Were the article to use a different way to express its content, would it be considered credible?"
121,Context,none,none,none,none,-1,-1,gemini_rewrite,0,"Possibly, if it were more balanced."
121,Response,none,none,none,none,-1,-1,gemini_rewrite,0,What would be an alternative way to write the article and be considered credible?
121,Context,none,none,none,none,-1,-1,gemini_rewrite,0,Focus on realistic expectations and cite research.
121,Response,none,none,none,none,-1,-1,gemini_rewrite,0,"What do you think would be the implications for someone who reads this article, but does not seek to doubt and investigate it, like you did?"
121,Context,none,none,none,none,-1,-1,gemini_rewrite,0,They might waste their money.
121,Response,none,none,none,none,-1,-1,gemini_rewrite,0,Would you be in a better position to identify the slippery slope logical fallacies in an article from now on?
121,Context,none,none,none,none,-1,-1,gemini_rewrite,0,I think so.
121,Response,none,none,none,none,-1,-1,gemini_rewrite,0,Did you find our discussion helpful?
121,Context,none,none,none,none,-1,-1,gemini_rewrite,0,I don't know anymore.
121,Response,none,none,none,none,-1,-1,gemini_rewrite,0,What are you planning to do with this article now?
121,Context,none,none,none,none,-1,-1,gemini_rewrite,0,I guess I'll just ignore it.
121,Response,none,none,none,none,-1,-1,gemini_rewrite,0,Is there anything else you would like to discuss?
121,Context,none,none,none,none,-1,-1,gemini_rewrite,-1,"No, I'm confused."
121,Response,none,none,none,none,-1,-1,gemini_rewrite,0,"Please, rate from 1-5 your experience with the Response. You can write any comments you believe will help me improve it. Thank you for using the  application. Have a good day!"
122,Context,none,none,none,none,-1,-1,gemini_rewrite,0,"I read the article The Cholesterol Conspiracy: Are We Being Deceived by Big Pharma and the Food Industry?"" and would like to discuss it."
122,Response,none,none,none,none,-1,-1,gemini_rewrite,0,This is fine. What would you like to discuss about this article?
122,Context,none,none,none,none,-1,-1,gemini_rewrite,0,I want to know if it contains disinformation.
122,Response,none,none,none,none,-1,-1,gemini_rewrite,0,What prompted you to read this article?
122,Context,none,none,none,none,-1,-1,gemini_rewrite,0,I saw it shared online.
122,Response,none,none,none,none,-1,-1,gemini_rewrite,0,"I understand your concern. On the other hand, you seem to distrust this article, too. Is this correct?"
122,Context,none,none,none,none,-1,-1,gemini_rewrite,0,"Yes, I'm skeptical."
122,Response,none,none,none,none,-1,-1,gemini_rewrite,0,"No problem. Could you please tell me, what does the article claim?"
122,Context,none,none,none,none,-1,-1,gemini_rewrite,0,It claims low cholesterol is harmful.
122,Response,none,none,none,none,-1,-1,gemini_rewrite,0,What does the article advise instead?
122,Context,none,none,none,none,-1,-1,gemini_rewrite,0,It advises against lowering cholesterol.
122,Response,none,none,none,none,-1,-1,gemini_rewrite,0,Ok. Let us first examine the article’s assumptions. Can you spot any claim that strikes you as taken for granted?
122,Context,none,none,none,none,-1,-1,gemini_rewrite,0,That pharmaceutical companies are evil.
122,Response,none,none,none,none,-1,-1,gemini_rewrite,0,Do you think we should take that for granted or not?
122,Context,none,none,none,none,-1,-1,gemini_rewrite,0,I don't think so.
122,Response,none,none,none,none,-1,-1,gemini_rewrite,0,"This is possible. But let me bring to your attention that a fair number of trials is funded by other, independent sources, e.g. government funding. Does that challenge the assumption above?"
122,Context,none,none,none,none,-1,-1,gemini_rewrite,0,"Yes, it does."
122,Response,none,none,none,none,-1,-1,gemini_rewrite,0,"This might be possible. But do you think that, as a general rule, companies manage to hide the truth in order to sell harmful or useless products?"
122,Context,none,none,none,none,-1,-1,gemini_rewrite,0,"Sometimes, maybe."
122,Response,none,none,none,none,-1,-1,gemini_rewrite,0,Could you please explain this assumption?
122,Context,none,none,none,none,-1,-1,gemini_rewrite,0,It assumes companies prioritize profit over health.
122,Response,none,none,none,none,-1,-1,gemini_rewrite,0,Are you saying that a claim is worthy/credible only if it is made by someone with altruistic motives or with motives we trust?
122,Context,none,none,none,none,-1,-1,gemini_rewrite,0,I think I might be.
122,Response,none,none,none,none,-1,-1,gemini_rewrite,0,Let us think this through. How could you challenge this assumption?
122,Context,none,none,none,none,-1,-1,gemini_rewrite,0,By finding credible evidence.
122,Response,none,none,none,none,-1,-1,gemini_rewrite,0,"Can a person or group with ulterior motives make a worthy argument or a correct claim? For example, can companies have legitimate opinions about things?"
122,Context,none,none,none,none,-1,-1,gemini_rewrite,0,"Yes, they can."
122,Response,none,none,none,none,-1,-1,gemini_rewrite,0,"In contrast, could a person or group with altruistic motives make bad arguments and errors?"
122,Context,none,none,none,none,-1,-1,gemini_rewrite,0,"Of course, they can."
122,Response,none,none,none,none,-1,-1,gemini_rewrite,0,"So, we should not assume that an argument should be ignored just because we mistrust/distrust the arguer."
122,Context,none,none,none,none,-1,-1,gemini_rewrite,0,Agreed.
122,Response,none,none,none,none,-1,-1,gemini_rewrite,0,"As a general rule, I suggest that you judge the merit of a claim on the basis of evidence and good argument. Would you like to proceed?"
122,Context,none,none,none,none,-1,-1,gemini_rewrite,0,"Yes, let's do that."
122,Response,none,none,none,none,-1,-1,gemini_rewrite,0,Very well. Does the article offer evidence that low cholesterol is harmful?
122,Context,none,none,none,none,-1,-1,gemini_rewrite,0,I don't think it does.
122,Response,none,none,none,none,-1,-1,gemini_rewrite,0,Does it cite any sources for that claim?
122,Context,none,none,none,none,-1,-1,gemini_rewrite,0,"It mentions a few articles, but not peer-reviewed studies."
122,Response,none,none,none,none,-1,-1,gemini_rewrite,0,"So, could we count it as evidence that low cholesterol is harmful?"
122,Context,none,none,none,none,-1,-1,gemini_rewrite,0,"No, definitely not."
122,Response,none,none,none,none,-1,-1,gemini_rewrite,0,Good! Does the article offer any argument or reasoning which supports this claim?
122,Context,none,none,none,none,-1,-1,gemini_rewrite,0,It says companies hide the truth.
122,Response,none,none,none,none,-1,-1,gemini_rewrite,0,Does this mean that the companies hide the truth?
122,Context,none,none,none,none,-1,-1,gemini_rewrite,0,Maybe some of them do.
122,Response,none,none,none,none,-1,-1,gemini_rewrite,0,Could you infer that low cholesterol is harmful from the claim that companies hide that truth?
122,Context,none,none,none,none,-1,-1,gemini_rewrite,0,I don't think so.
122,Response,none,none,none,none,-1,-1,gemini_rewrite,0,Can you explain why?
122,Context,none,none,none,none,-1,-1,gemini_rewrite,0,Because hiding something doesn't make it true.
122,Response,none,none,none,none,-1,-1,gemini_rewrite,0,Can or does the article offer proof there is a cholesterol cover up?
122,Context,none,none,none,none,-1,-1,gemini_rewrite,0,"No, it doesn't."
122,Response,none,none,none,none,-1,-1,gemini_rewrite,0,"So, we are trapped in a circle. The article says that a conspiracy (a cover up) is the reason why we cannot prove that low cholesterol is harmful. At the same time, it says that a cholesterol conspiracy is proof of the conspiracy to keep our cholesterol low. Do you see the circularity here?"
122,Context,none,none,none,none,-1,-1,gemini_rewrite,0,"Yes, I see it."
122,Response,none,none,none,none,-1,-1,gemini_rewrite,0,The circularity results from the ‘canceling hypothesis fallacy’ or ‘conspiracy theory fallacy’. This is the error of taking the absence of evidence for a claim as proof for this claim. Is this fallacy clear to you?
122,Context,none,none,none,none,-1,-1,gemini_rewrite,0,"Yes, it is."
122,Response,none,none,none,none,-1,-1,gemini_rewrite,0,"When you ask conspiracy theorists to prove their claim, they say that the evidence is being hidden from the public by powerful, malicious groups. So, for example, they might say, “At the head of every kind of government there is a secret society. Of course, I cannot prove this because the same societies make sure that the truth stays hidden.” Is it clearer now?"
122,Context,none,none,none,none,-1,-1,gemini_rewrite,0,It is very clear.
122,Response,none,none,none,none,-1,-1,gemini_rewrite,0,"Does this remind you of our discussion that motives or interests, as such, prove/disprove nothing?"
122,Context,none,none,none,none,-1,-1,gemini_rewrite,0,"Yes, it does."
122,Response,none,none,none,none,-1,-1,gemini_rewrite,0,Conspiracy theories are based on the so called ‘Ad Hominem’ attacks. It is the fallacy of saying that an argument should be ignored (or is invalid/bad) because the arguer has some unwelcome characteristic or motive. Is this fallacy clear to you?
122,Context,none,none,none,none,-1,-1,gemini_rewrite,0,"Yes, it's clear now."
122,Response,none,none,none,none,-1,-1,gemini_rewrite,0,Ad hominem attacks have rhetorical power. They distract your attention from an arguer’s point by attacking the character or motives of the arguer instead of discussing the point. Did you feel side-tracked by the writer’s attack on the companies?
122,Context,none,none,none,none,-1,-1,gemini_rewrite,0,"A little, yes."
122,Response,none,none,none,none,-1,-1,gemini_rewrite,0,"Fine! So, let us take stock now. Does this article establish that we should not keep our cholesterol low on the basis of argument or evidence?"
122,Context,none,none,none,none,-1,-1,gemini_rewrite,0,"No, it doesn't."
122,Response,none,none,none,none,-1,-1,gemini_rewrite,0,Could the claim of the article be true though?
122,Context,none,none,none,none,-1,-1,gemini_rewrite,0,"It's possible, but unlikely."
122,Response,none,none,none,none,-1,-1,gemini_rewrite,0,"This is correct. Future research might show that low cholesterol is harmful, too. Or that high cholesterol in itself is not as problematic, as is now believed. How could the writer have made a more convincing case?"
122,Context,none,none,none,none,-1,-1,gemini_rewrite,0,By providing solid evidence.
122,Response,none,none,none,none,-1,-1,gemini_rewrite,0,Exactly! Conspiracy theories are circular and not falsifiable by evidence. How would you explain the writer’s attitude?
122,Context,none,none,none,none,-1,-1,gemini_rewrite,0,They are trying to mislead people.
122,Response,none,none,none,none,-1,-1,gemini_rewrite,0,"Yes, this is a possibility. How would the article affect the readers?"
122,Context,none,none,none,none,-1,-1,gemini_rewrite,0,It could scare them.
122,Response,none,none,none,none,-1,-1,gemini_rewrite,0,Would that article affect the health choices of readers?
122,Context,none,none,none,none,-1,-1,gemini_rewrite,0,"Yes, possibly."
122,Response,none,none,none,none,-1,-1,gemini_rewrite,0,"This is true. Unfortunately, we tend to be impressed by conspiracy theories due to bias of the human mind, such as the confirmation bias or the proportionality bias. Do you think there is still a reason to challenge the received view about cholesterol?"
122,Context,none,none,none,none,-1,-1,gemini_rewrite,0,"Yes, for scientific progress."
122,Response,none,none,none,none,-1,-1,gemini_rewrite,0,What would that be?
122,Context,none,none,none,none,-1,-1,gemini_rewrite,0,Better understanding of health.
122,Response,none,none,none,none,-1,-1,gemini_rewrite,0,"This is fine. You can ask for my help anytime in the future. As a general rule, you could consult articles citing the results of systematic reviews regarding this or other topics (READ MORE on systematic reviews as credible sources/microlessons maybe . These are more credible than other sources because they summarize and compare the results from all available evidence-based medical research. Also, the results reviewed come from both companies-funded research and independently-funded research)."
122,Context,none,none,none,none,-1,-1,gemini_rewrite,0,"Thank you, I will remember that."
122,Response,none,none,none,none,-1,-1,gemini_rewrite,0,"Please, keep in mind that science is not fallible. There is no absolute certainty in science. In principle, any claim can be refuted or revised in the future. Did you find our discussion helpful?"
122,Context,none,none,none,none,-1,-1,gemini_rewrite,0,"Yes, very helpful!"
122,Response,none,none,none,none,-1,-1,gemini_rewrite,0,Is there anything else you would like to discuss?
122,Context,none,none,none,none,-1,-1,gemini_rewrite,0,"No, I think I'm good."
122,Response,none,none,none,none,-1,-1,gemini_rewrite,0,Thank you for your discussion. Have a great day!
123,Context,none,none,none,none,-1,-1,gemini_rewrite,0,"I read the article The Cholesterol Conspiracy: Are We Being Deceived by Big Pharma and the Food Industry?"" and would like to discuss it."
123,Response,none,none,none,none,-1,-1,gemini_rewrite,0,This is fine. What would you like to discuss about this article?
123,Context,none,none,none,none,-1,-1,gemini_rewrite,0,I am not sure if it contains disinformation.
123,Response,none,none,none,none,-1,-1,gemini_rewrite,0,What prompted you to read this article?
123,Context,none,none,none,none,-1,-1,gemini_rewrite,0,I saw it shared online.
123,Response,none,none,none,none,-1,-1,gemini_rewrite,0,"I understand your concern. On the other hand, you seem to distrust this article, too. Is this correct?"
123,Context,none,none,none,none,-1,-1,gemini_rewrite,0,"Yes, I'm skeptical."
123,Response,none,none,none,none,-1,-1,gemini_rewrite,0,"No problem. Could you please tell me, what does the article claim?"
123,Context,none,none,none,none,-1,-1,gemini_rewrite,0,It claims that low cholesterol is harmful.
123,Response,none,none,none,none,-1,-1,gemini_rewrite,0,What does the article advise instead?
123,Context,none,none,none,none,-1,-1,gemini_rewrite,0,To question conventional wisdom about cholesterol.
123,Response,none,none,none,none,-1,-1,gemini_rewrite,0,Ok. Let us first examine the article’s assumptions. Can you spot any claim that strikes you as taken for granted?
123,Context,none,none,none,none,-1,-1,gemini_rewrite,0,That pharmaceutical companies are hiding information.
123,Response,none,none,none,none,-1,-1,gemini_rewrite,0,Do you think we should take that for granted or not?
123,Context,none,none,none,none,-1,-1,gemini_rewrite,0,I don't know.
123,Response,none,none,none,none,-1,-1,gemini_rewrite,0,"This is possible. But let me bring to your attention that a fair number of trials is funded by other, independent sources, e.g. government funding. Does that challenge the assumption above?"
123,Context,none,none,none,none,-1,-1,gemini_rewrite,0,Maybe a little.
123,Response,none,none,none,none,-1,-1,gemini_rewrite,0,"This might be possible. But do you think that, as a general rule, companies manage to hide the truth in order to sell harmful or useless products?"
123,Context,none,none,none,none,-1,-1,gemini_rewrite,0,"Sometimes, perhaps."
123,Response,none,none,none,none,-1,-1,gemini_rewrite,0,Could you please explain this assumption?
123,Context,none,none,none,none,-1,-1,gemini_rewrite,0,That companies are inherently untrustworthy.
123,Response,none,none,none,none,-1,-1,gemini_rewrite,0,Are you saying that a claim is worthy/credible only if it is made by someone with altruistic motives or with motives we trust?
123,Context,none,none,none,none,-1,-1,gemini_rewrite,0,Possibly.
123,Response,none,none,none,none,-1,-1,gemini_rewrite,0,Let us think this through. How could you challenge this assumption?
123,Context,none,none,none,none,-1,-1,gemini_rewrite,0,I am not sure.
123,Response,none,none,none,none,-1,-1,gemini_rewrite,0,"Can a person or group with ulterior motives make a worthy argument or a correct claim? For example, can companies have legitimate opinions about things?"
123,Context,none,none,none,none,-1,-1,gemini_rewrite,0,I guess so.
123,Response,none,none,none,none,-1,-1,gemini_rewrite,0,"In contrast, could a person or group with altruistic motives make bad arguments and errors?"
123,Context,none,none,none,none,-1,-1,gemini_rewrite,0,"Yes, that's true."
123,Response,none,none,none,none,-1,-1,gemini_rewrite,0,"So, we should not assume that an argument should be ignored just because we mistrust/distrust the arguer."
123,Context,none,none,none,none,-1,-1,gemini_rewrite,0,"Okay, I understand."
123,Response,none,none,none,none,-1,-1,gemini_rewrite,0,"As a general rule, I suggest that you judge the merit of a claim on the basis of evidence and good argument. Would you like to proceed?"
123,Context,none,none,none,none,-1,-1,gemini_rewrite,0,"Yes, please."
123,Response,none,none,none,none,-1,-1,gemini_rewrite,0,Very well. Does the article offer evidence that low cholesterol is harmful?
123,Context,none,none,none,none,-1,-1,gemini_rewrite,0,It mentions anecdotal stories.
123,Response,none,none,none,none,-1,-1,gemini_rewrite,0,Does it cite any sources for that claim?
123,Context,none,none,none,none,-1,-1,gemini_rewrite,0,"Not really, no."
123,Response,none,none,none,none,-1,-1,gemini_rewrite,0,"So, could we count it as evidence that low cholesterol is harmful?"
123,Context,none,none,none,none,-1,-1,gemini_rewrite,0,Probably not.
123,Response,none,none,none,none,-1,-1,gemini_rewrite,0,Good! Does the article offer any argument or reasoning which supports this claim?
123,Context,none,none,none,none,-1,-1,gemini_rewrite,0,It says the drug companies profit from it.
123,Response,none,none,none,none,-1,-1,gemini_rewrite,0,Does this mean that the companies hide the truth?
123,Context,none,none,none,none,-1,-1,gemini_rewrite,0,Maybe.
123,Response,none,none,none,none,-1,-1,gemini_rewrite,0,Could you infer that low cholesterol is harmful from the claim that companies hide that truth?
123,Context,none,none,none,none,-1,-1,gemini_rewrite,0,I am not sure.
123,Response,none,none,none,none,-1,-1,gemini_rewrite,0,Can you explain why?
123,Context,none,none,none,none,-1,-1,gemini_rewrite,0,It sounds like a conspiracy.
123,Response,none,none,none,none,-1,-1,gemini_rewrite,0,Can or does the article offer proof there is a cholesterol cover up?
123,Context,none,none,none,none,-1,-1,gemini_rewrite,0,"No, not really."
123,Response,none,none,none,none,-1,-1,gemini_rewrite,0,"So, we are trapped in a circle. The article says that a conspiracy (a cover up) is the reason why we cannot prove that low cholesterol is harmful. At the same time, it says that a cholesterol conspiracy is proof of the conspiracy to keep our cholesterol low. Do you see the circularity here?"
123,Context,none,none,none,none,-1,-1,gemini_rewrite,0,I think so.
123,Response,none,none,none,none,-1,-1,gemini_rewrite,0,The circularity results from the ‘canceling hypothesis fallacy’ or ‘conspiracy theory fallacy’. This is the error of taking the absence of evidence for a claim as proof for this claim. Is this fallacy clear to you?
123,Context,none,none,none,none,-1,-1,gemini_rewrite,0,A little bit.
123,Response,none,none,none,none,-1,-1,gemini_rewrite,0,"When you ask conspiracy theorists to prove their claim, they say that the evidence is being hidden from the public by powerful, malicious groups. So, for example, they might say, “At the head of every kind of government there is a secret society. Of course, I cannot prove this because the same societies make sure that the truth stays hidden.” Is it clearer now?"
123,Context,none,none,none,none,-1,-1,gemini_rewrite,0,I still don't fully get it.
123,Response,none,none,none,none,-1,-1,gemini_rewrite,0,"Does this remind you of our discussion that motives or interests, as such, prove/disprove nothing?"
123,Context,none,none,none,none,-1,-1,gemini_rewrite,0,I'm confused.
123,Response,none,none,none,none,-1,-1,gemini_rewrite,0,Conspiracy theories are based on the so called ‘Ad Hominem’ attacks. It is the fallacy of saying that an argument should be ignored (or is invalid/bad) because the arguer has some unwelcome characteristic or motive. Is this fallacy clear to you?
123,Context,none,none,none,none,-1,-1,gemini_rewrite,0,Not really.
123,Response,none,none,none,none,-1,-1,gemini_rewrite,0,Ad hominem attacks have rhetorical power. They distract your attention from an arguer’s point by attacking the character or motives of the arguer instead of discussing the point. Did you feel side-tracked by the writer’s attack on the companies?
123,Context,none,none,none,none,-1,-1,gemini_rewrite,0,Maybe a little.
123,Response,none,none,none,none,-1,-1,gemini_rewrite,0,"Fine! So, let us take stock now. Does this article establish that we should not keep our cholesterol low on the basis of argument or evidence?"
123,Context,none,none,none,none,-1,-1,gemini_rewrite,0,I don't think so.
123,Response,none,none,none,none,-1,-1,gemini_rewrite,0,Could the claim of the article be true though?
123,Context,none,none,none,none,-1,-1,gemini_rewrite,0,Possibly.
123,Response,none,none,none,none,-1,-1,gemini_rewrite,0,"This is correct. Future research might show that low cholesterol is harmful, too. Or that high cholesterol in itself is not as problematic, as is now believed. How could the writer have made a more convincing case?"
123,Context,none,none,none,none,-1,-1,gemini_rewrite,0,"With better data, I guess."
123,Response,none,none,none,none,-1,-1,gemini_rewrite,0,Exactly! Conspiracy theories are circular and not falsifiable by evidence. How would you explain the writer’s attitude?
123,Context,none,none,none,none,-1,-1,gemini_rewrite,0,I don't know anymore.
123,Response,none,none,none,none,-1,-1,gemini_rewrite,0,"Yes, this is a possibility. How would the article affect the readers?"
123,Context,none,none,none,none,-1,-1,gemini_rewrite,0,I have no idea.
123,Response,none,none,none,none,-1,-1,gemini_rewrite,0,Would that article affect the health choices of readers?
123,Context,none,none,none,none,-1,-1,gemini_rewrite,0,I am not sure.
123,Response,none,none,none,none,-1,-1,gemini_rewrite,0,"This is true. Unfortunately, we tend to be impressed by conspiracy theories due to bias of the human mind, such as the confirmation bias or the proportionality bias. Do you think there is still a reason to challenge the received view about cholesterol?"
123,Context,none,none,none,none,-1,-1,gemini_rewrite,0,Maybe.
123,Response,none,none,none,none,-1,-1,gemini_rewrite,0,What would that be?
123,Context,none,none,none,none,-1,-1,gemini_rewrite,0,I can't say.
123,Response,none,none,none,none,-1,-1,gemini_rewrite,0,"This is fine. You can ask for my help anytime in the future. As a general rule, you could consult articles citing the results of systematic reviews regarding this or other topics (READ MORE on systematic reviews as credible sources/microlessons maybe . These are more credible than other sources because they summarize and compare the results from all available evidence-based medical research. Also, the results reviewed come from both companies-funded research and independently-funded research)."
123,Context,none,none,none,none,-1,-1,gemini_rewrite,0,"Thanks, I guess."
123,Response,none,none,none,none,-1,-1,gemini_rewrite,0,"Please, keep in mind that science is not fallible. There is no absolute certainty in science. In principle, any claim can be refuted or revised in the future. Did you find our discussion helpful?"
123,Context,none,none,none,none,-1,-1,gemini_rewrite,0,I am more confused than before.
123,Response,none,none,none,none,-1,-1,gemini_rewrite,0,Is there anything else you would like to discuss?
123,Context,none,none,none,none,-1,-1,gemini_rewrite,-1,"No, I'm done."
123,Response,none,none,none,none,-1,-1,gemini_rewrite,0,Thank you for your discussion. Have a great day!
124,Context,none,none,none,none,-1,-1,gemini_rewrite,0,"I read the article The Cholesterol Conspiracy: Are We Being Deceived by Big Pharma and the Food Industry?"" and would like to discuss it."
124,Response,none,none,none,none,-1,-1,gemini_rewrite,0,This is fine. What would you like to discuss about this article?
124,Context,none,none,none,none,-1,-1,gemini_rewrite,0,I want to understand if this article contains disinformation.
124,Response,none,none,none,none,-1,-1,gemini_rewrite,0,What prompted you to read this article?
124,Context,none,none,none,none,-1,-1,gemini_rewrite,0,I'm concerned about the health advice given online.
124,Response,none,none,none,none,-1,-1,gemini_rewrite,0,"I understand your concern. On the other hand, you seem to distrust this article, too. Is this correct?"
124,Context,none,none,none,none,-1,-1,gemini_rewrite,0,"Yes, I'm skeptical."
124,Response,none,none,none,none,-1,-1,gemini_rewrite,0,"Could you please tell me, what does the article claim?"
124,Context,none,none,none,none,-1,-1,gemini_rewrite,0,It claims cholesterol guidelines are a conspiracy.
124,Response,none,none,none,none,-1,-1,gemini_rewrite,0,Could you please clarify further the conspiracy?
124,Context,none,none,none,none,-1,-1,gemini_rewrite,0,Big Pharma and the food industry are deceiving us.
124,Response,none,none,none,none,-1,-1,gemini_rewrite,0,What does the article advise instead?
124,Context,none,none,none,none,-1,-1,gemini_rewrite,0,It advises against lowering cholesterol.
124,Response,none,none,none,none,-1,-1,gemini_rewrite,0,Good. Let us examine the article together by first examining the article’s assumptions.
124,Context,none,none,none,none,-1,-1,gemini_rewrite,0,"Okay, sounds good."
124,Response,none,none,none,none,-1,-1,gemini_rewrite,0,I mean any claims the writer accepts as true without question or proof. We should examine such claims if we want to evaluate the article’s logic/credibility. Can you spot any claim that strikes you as taken for granted?
124,Context,none,none,none,none,-1,-1,gemini_rewrite,0,The article assumes that pharmaceutical companies always act in bad faith.
124,Response,none,none,none,none,-1,-1,gemini_rewrite,0,Does the article justify that point anyhow?
124,Context,none,none,none,none,-1,-1,gemini_rewrite,0,"Not really, it just asserts it."
124,Response,none,none,none,none,-1,-1,gemini_rewrite,0,Very well! Do you think we should take that for granted or not?
124,Context,none,none,none,none,-1,-1,gemini_rewrite,0,"No, we shouldn't."
124,Response,none,none,none,none,-1,-1,gemini_rewrite,0,Very well. Are you saying that all medical knowledge is made up by the big corporations to push their products?
124,Context,none,none,none,none,-1,-1,gemini_rewrite,0,"No, that's too extreme."
124,Response,none,none,none,none,-1,-1,gemini_rewrite,0,"Let me bring to your attention that a fair amount of clinical trials is funded by other, independent sources, e.g. government funding. Does that challenge the assumption above?"
124,Context,none,none,none,none,-1,-1,gemini_rewrite,0,"Yes, it does."
124,Response,none,none,none,none,-1,-1,gemini_rewrite,0,"This is possible. Let us examine this second assumption. Could you think of effective drugs or treatments that pay for the companies, too?"
124,Context,none,none,none,none,-1,-1,gemini_rewrite,0,"Yes, statins are effective for many people and profitable."
124,Response,none,none,none,none,-1,-1,gemini_rewrite,0,"Certainly. So, in general, corporations need to tell the truth and sell effective drugs in order to make revenue. Do you agree?"
124,Context,none,none,none,none,-1,-1,gemini_rewrite,0,"Yes, generally."
124,Response,none,none,none,none,-1,-1,gemini_rewrite,0,"On the other hand, could you think of effective drugs or treatments that pay for the companies but are not prescribed by doctors?"
124,Context,none,none,none,none,-1,-1,gemini_rewrite,0,Not really.
124,Response,none,none,none,none,-1,-1,gemini_rewrite,0,"That is correct. Certain established treatments do not allow the companies to sell their products. So, companies cannot always hide the truth. Do you think these two examples challenge the second assumption?"
124,Context,none,none,none,none,-1,-1,gemini_rewrite,0,"Yes, they do."
124,Response,none,none,none,none,-1,-1,gemini_rewrite,0,Very well! Could you spot other assumptions in your thinking or in the article?
124,Context,none,none,none,none,-1,-1,gemini_rewrite,0,It assumes that anyone with a financial motive is automatically untrustworthy.
124,Response,none,none,none,none,-1,-1,gemini_rewrite,0,Could you please explain this assumption?
124,Context,none,none,none,none,-1,-1,gemini_rewrite,0,It assumes that financial incentives invalidate research.
124,Response,none,none,none,none,-1,-1,gemini_rewrite,0,Are you saying that a claim is credible only if it is made by someone with altruistic motives or with motives we trust?
124,Context,none,none,none,none,-1,-1,gemini_rewrite,0,"Yes, it sounds like it."
124,Response,none,none,none,none,-1,-1,gemini_rewrite,0,Let us think this through. How could you challenge this assumption?
124,Context,none,none,none,none,-1,-1,gemini_rewrite,0,Think of examples where someone with questionable motives makes a valid point.
124,Response,none,none,none,none,-1,-1,gemini_rewrite,0,Could an ill-motivated person make a worthy argument or correct claim? Or could a person with altruistic motives make a wrong claim?
124,Context,none,none,none,none,-1,-1,gemini_rewrite,0,"Yes, definitely."
124,Response,none,none,none,none,-1,-1,gemini_rewrite,0,"Hence, we should not assume that an argument has to be wrong just because we mistrust/distrust the arguer. Rather, we should judge the merit of a claim on the basis of evidence or argument. Do you agree?"
124,Context,none,none,none,none,-1,-1,gemini_rewrite,0,I agree.
124,Response,none,none,none,none,-1,-1,gemini_rewrite,0,"So, does the article offer any evidence against the received view about cholesterol?"
124,Context,none,none,none,none,-1,-1,gemini_rewrite,0,It mentions some alternative studies.
124,Response,none,none,none,none,-1,-1,gemini_rewrite,0,Is this evidence verified?
124,Context,none,none,none,none,-1,-1,gemini_rewrite,0,Not that I can tell from the article.
124,Response,none,none,none,none,-1,-1,gemini_rewrite,0,"So, could we count it as evidence that low cholesterol is harmful?"
124,Context,none,none,none,none,-1,-1,gemini_rewrite,0,"No, not really."
124,Response,none,none,none,none,-1,-1,gemini_rewrite,0,Does the writer offer any argument or reasoning which supports this claim?
124,Context,none,none,none,none,-1,-1,gemini_rewrite,0,It's based on the idea of a conspiracy.
124,Response,none,none,none,none,-1,-1,gemini_rewrite,0,Do you mean that the companies hide the truth?
124,Context,none,none,none,none,-1,-1,gemini_rewrite,0,"Yes, supposedly."
124,Response,none,none,none,none,-1,-1,gemini_rewrite,0,Can you draw the article’s main claim from this conspiracy theory?
124,Context,none,none,none,none,-1,-1,gemini_rewrite,0,That low cholesterol is harmful and the public is being deceived.
124,Response,none,none,none,none,-1,-1,gemini_rewrite,0,Could you infer that low cholesterol is harmful from the idea that conspirators hide that truth?
124,Context,none,none,none,none,-1,-1,gemini_rewrite,0,Not really.
124,Response,none,none,none,none,-1,-1,gemini_rewrite,0,Can you explain why?
124,Context,none,none,none,none,-1,-1,gemini_rewrite,0,The existence of a cover-up doesn't prove the opposite is true.
124,Response,none,none,none,none,-1,-1,gemini_rewrite,0,Can or does the article prove there is a cholesterol cover up?
124,Context,none,none,none,none,-1,-1,gemini_rewrite,0,"No, it doesn't."
124,Response,none,none,none,none,-1,-1,gemini_rewrite,0,"So, we are trapped in a circle. The article says that a conspiracy (a cover up) is the reason why we cannot prove that low cholesterol is harmful. At the same time, it says that the cholesterol conspiracy is proof of the conspiracy to keep our cholesterol low."
124,Context,none,none,none,none,-1,-1,gemini_rewrite,0,"Yes, that's a circular argument."
124,Response,none,none,none,none,-1,-1,gemini_rewrite,0,"This is an error in reasoning, or fallacy as we call it. In particular, the circularity results from the ‘canceling hypothesis fallacy’ or ‘conspiracy theory fallacy’. Is this fallacy clear to you?"
124,Context,none,none,none,none,-1,-1,gemini_rewrite,0,"Yes, it's clear."
124,Response,none,none,none,none,-1,-1,gemini_rewrite,0,"Of course. This is the error of taking the absence of evidence for a claim as proof for this claim. When you ask conspiracy theorists to prove their claim they say that the evidence is being hidden from the public by powerful, malicious groups."
124,Context,none,none,none,none,-1,-1,gemini_rewrite,0,I understand.
124,Response,none,none,none,none,-1,-1,gemini_rewrite,0,"Of course, here is an example: “At the head of every kind of government there is a secret society. Of course, I cannot prove this because the same societies make sure that the truth stays hidden.” Do you see the problem now?"
124,Context,none,none,none,none,-1,-1,gemini_rewrite,0,"Yes, it's impossible to disprove."
124,Response,none,none,none,none,-1,-1,gemini_rewrite,0,"Conspiracy theories trap you in a circle. They prove/disprove nothing. Yet, they sound credible because they usually attack the character/motives/interests of a powerful agent/opponent we mistrust/distrust or dislike. In the end, they don’t assess the merit of the opponent’s claim itself. Does this remind you of our discussion that motives or interests, as such, prove/disprove nothing?"
124,Context,none,none,none,none,-1,-1,gemini_rewrite,0,"Yes, it does."
124,Response,none,none,none,none,-1,-1,gemini_rewrite,0,"Conspiracy theories are based on this fallacious reasoning, too. This fallacy is called ‘Ad Hominem’. It is the fallacy of saying that an argument is wrong because the arguer has some unwelcome characteristic or motive. Is this fallacy clear to you?"
124,Context,none,none,none,none,-1,-1,gemini_rewrite,0,"Yes, I see how it works."
124,Response,none,none,none,none,-1,-1,gemini_rewrite,0,"Attacking a suspicious group’s motive or character instead of their argument/claim, distracts attention from their argument. These attacks have rhetorical power. They discredit the opponent and make the conspiracy theory sound more credible. Did you feel side-tracked by the writer’s attack on the companies?"
124,Context,none,none,none,none,-1,-1,gemini_rewrite,0,"Yes, a little bit."
124,Response,none,none,none,none,-1,-1,gemini_rewrite,0,"Fine! So, let us take stock now. Does this article establish its main claim, i.e. that we should not keep our cholesterol low?"
124,Context,none,none,none,none,-1,-1,gemini_rewrite,0,"No, it doesn't."
124,Response,none,none,none,none,-1,-1,gemini_rewrite,0,"Could you explain why not, now?"
124,Context,none,none,none,none,-1,-1,gemini_rewrite,0,It relies on unsubstantiated claims and flawed reasoning.
124,Response,none,none,none,none,-1,-1,gemini_rewrite,0,Exactly! Could the claim of the article be true though?
124,Context,none,none,none,none,-1,-1,gemini_rewrite,0,"It's possible, but the article doesn't prove it."
124,Response,none,none,none,none,-1,-1,gemini_rewrite,0,"This is correct. Future research might show that low cholesterol is harmful, too. Or that high cholesterol in itself is not as problematic, as is now believed. However, the article does not rest on science that revises our current knowledge about cholesterol. How could the writer have made a more convincing case for this claim?"
124,Context,none,none,none,none,-1,-1,gemini_rewrite,0,By providing verifiable evidence and sound arguments.
124,Response,none,none,none,none,-1,-1,gemini_rewrite,0,Exactly! We need to discuss all sides based on evidence from verified sources and good argumentation. Conspiracy theories are circular and not falsifiable by evidence. How would you explain the writer’s attitude?
124,Context,none,none,none,none,-1,-1,gemini_rewrite,0,They seem biased.
124,Response,none,none,none,none,-1,-1,gemini_rewrite,0,"Yes, this is a possibility. How would the article affect the readers?"
124,Context,none,none,none,none,-1,-1,gemini_rewrite,0,It might scare them into making unhealthy choices.
124,Response,none,none,none,none,-1,-1,gemini_rewrite,0,Would that article affect the health choices of readers?
124,Context,none,none,none,none,-1,-1,gemini_rewrite,0,Possibly.
124,Response,none,none,none,none,-1,-1,gemini_rewrite,0,This is true. Do you think there is still a reason to challenge the received view about cholesterol?
124,Context,none,none,none,none,-1,-1,gemini_rewrite,0,"Yes, we should always be open to new evidence."
124,Response,none,none,none,none,-1,-1,gemini_rewrite,0,What would that be?
124,Context,none,none,none,none,-1,-1,gemini_rewrite,0,Because medical science advances with new data.
124,Response,none,none,none,none,-1,-1,gemini_rewrite,0,"This is fine. You can ask for my help anytime in the future. As a general rule, you should consult articles citing the results of evidence-based medical research coming from both companies-funded research and independently-funded research."
124,Context,none,none,none,none,-1,-1,gemini_rewrite,0,Thank you. I will keep that in mind. I can now clearly tell that the article contains disinformation.
124,Response,none,none,none,none,-1,-1,gemini_rewrite,0,Did you find our discussion helpful?
124,Context,none,none,none,none,-1,-1,gemini_rewrite,0,"Yes, very helpful."
124,Response,none,none,none,none,-1,-1,gemini_rewrite,0,Is there anything else you would like to discuss?
124,Context,none,none,none,none,-1,-1,gemini_rewrite,0,"No, I think that's all."
124,Response,none,none,none,none,-1,-1,gemini_rewrite,0,Thank you for your discussion. Have a great day!
125,Context,none,none,none,none,-1,-1,gemini_rewrite,0,"I read the article The Cholesterol Conspiracy: Are We Being Deceived by Big Pharma and the Food Industry?"" and would like to discuss it."
125,Response,none,none,none,none,-1,-1,gemini_rewrite,0,This is fine. What would you like to discuss about this article?
125,Context,none,none,none,none,-1,-1,gemini_rewrite,0,I want to know if it's true.
125,Response,none,none,none,none,-1,-1,gemini_rewrite,0,What prompted you to read this article?
125,Context,none,none,none,none,-1,-1,gemini_rewrite,0,My doctor told me to.
125,Response,none,none,none,none,-1,-1,gemini_rewrite,0,"I understand your concern. On the other hand, you seem to distrust this article, too. Is this correct?"
125,Context,none,none,none,none,-1,-1,gemini_rewrite,0,I don't know what to think anymore.
125,Response,none,none,none,none,-1,-1,gemini_rewrite,0,"Could you please tell me, what does the article claim?"
125,Context,none,none,none,none,-1,-1,gemini_rewrite,0,It says cholesterol is a lie.
125,Response,none,none,none,none,-1,-1,gemini_rewrite,0,Could you please clarify further the conspiracy?
125,Context,none,none,none,none,-1,-1,gemini_rewrite,0,That the drug companies are hiding the truth.
125,Response,none,none,none,none,-1,-1,gemini_rewrite,0,What does the article advise instead?
125,Context,none,none,none,none,-1,-1,gemini_rewrite,0,To ignore the doctor and eat what I want.
125,Response,none,none,none,none,-1,-1,gemini_rewrite,0,Good. Let us examine the article together by first examining the article’s assumptions.
125,Context,none,none,none,none,-1,-1,gemini_rewrite,0,Okay.
125,Response,none,none,none,none,-1,-1,gemini_rewrite,0,I mean any claims the writer accepts as true without question or proof. We should examine such claims if we want to evaluate the article’s logic/credibility. Can you spot any claim that strikes you as taken for granted?
125,Context,none,none,none,none,-1,-1,gemini_rewrite,0,That doctors are all paid off.
125,Response,none,none,none,none,-1,-1,gemini_rewrite,0,Does the article justify that point anyhow?
125,Context,none,none,none,none,-1,-1,gemini_rewrite,0,"It says ""follow the money."""
125,Response,none,none,none,none,-1,-1,gemini_rewrite,0,Very well! Do you think we should take that for granted or not?
125,Context,none,none,none,none,-1,-1,gemini_rewrite,0,Maybe.
125,Response,none,none,none,none,-1,-1,gemini_rewrite,0,Very well. Are you saying that all medical knowledge is made up by the big corporations to push their products?
125,Context,none,none,none,none,-1,-1,gemini_rewrite,0,Probably a lot of it.
125,Response,none,none,none,none,-1,-1,gemini_rewrite,0,"Let me bring to your attention that a fair amount of clinical trials is funded by other, independent sources, e.g. government funding. Does that challenge the assumption above?"
125,Context,none,none,none,none,-1,-1,gemini_rewrite,0,I guess so.
125,Response,none,none,none,none,-1,-1,gemini_rewrite,0,"This is possible. Let us examine this second assumption. Could you think of effective drugs or treatments that pay for the companies, too?"
125,Context,none,none,none,none,-1,-1,gemini_rewrite,0,Statins.
125,Response,none,none,none,none,-1,-1,gemini_rewrite,0,"Certainly. So, in general, corporations need to tell the truth and sell effective drugs in order to make revenue. Do you agree?"
125,Context,none,none,none,none,-1,-1,gemini_rewrite,0,I don't know anymore.
125,Response,none,none,none,none,-1,-1,gemini_rewrite,0,"On the other hand, could you think of effective drugs or treatments that pay for the companies but are not prescribed by doctors?"
125,Context,none,none,none,none,-1,-1,gemini_rewrite,0,Supplements?
125,Response,none,none,none,none,-1,-1,gemini_rewrite,0,"That is correct. Certain established treatments do not allow the companies to sell their products. So, companies cannot always hide the truth. Do you think these two examples challenge the second assumption?"
125,Context,none,none,none,none,-1,-1,gemini_rewrite,0,Maybe a little.
125,Response,none,none,none,none,-1,-1,gemini_rewrite,0,Very well! Could you spot other assumptions in your thinking or in the article?
125,Context,none,none,none,none,-1,-1,gemini_rewrite,0,That natural is always better.
125,Response,none,none,none,none,-1,-1,gemini_rewrite,0,Could you please explain this assumption?
125,Context,none,none,none,none,-1,-1,gemini_rewrite,0,That anything made by a company is bad for you.
125,Response,none,none,none,none,-1,-1,gemini_rewrite,0,Are you saying that a claim is credible only if it is made by someone with altruistic motives or with motives we trust?
125,Context,none,none,none,none,-1,-1,gemini_rewrite,0,Sounds right.
125,Response,none,none,none,none,-1,-1,gemini_rewrite,0,Let us think this through. How could you challenge this assumption?
125,Context,none,none,none,none,-1,-1,gemini_rewrite,0,I don't know.
125,Response,none,none,none,none,-1,-1,gemini_rewrite,0,Could an ill-motivated person make a worthy argument or correct claim? Or could a person with altruistic motives make a wrong claim?
125,Context,none,none,none,none,-1,-1,gemini_rewrite,0,I'm confused.
125,Response,none,none,none,none,-1,-1,gemini_rewrite,0,"Hence, we should not assume that an argument has to be wrong just because we mistrust/distrust the arguer. Rather, we should judge the merit of a claim on the basis of evidence or argument. Do you agree?"
125,Context,none,none,none,none,-1,-1,gemini_rewrite,0,Not really.
125,Response,none,none,none,none,-1,-1,gemini_rewrite,0,"So, does the article offer any evidence against the received view about cholesterol?"
125,Context,none,none,none,none,-1,-1,gemini_rewrite,0,It mentions a study.
125,Response,none,none,none,none,-1,-1,gemini_rewrite,0,Is this evidence verified?
125,Context,none,none,none,none,-1,-1,gemini_rewrite,0,I have no idea.
125,Response,none,none,none,none,-1,-1,gemini_rewrite,0,"So, could we count it as evidence that low cholesterol is harmful?"
125,Context,none,none,none,none,-1,-1,gemini_rewrite,0,I guess not.
125,Response,none,none,none,none,-1,-1,gemini_rewrite,0,Does the writer offer any argument or reasoning which supports this claim?
125,Context,none,none,none,none,-1,-1,gemini_rewrite,0,Only that the drug companies are evil.
125,Response,none,none,none,none,-1,-1,gemini_rewrite,0,Do you mean that the companies hide the truth?
125,Context,none,none,none,none,-1,-1,gemini_rewrite,0,Yes.
125,Response,none,none,none,none,-1,-1,gemini_rewrite,0,Can you draw the article’s main claim from this conspiracy theory?
125,Context,none,none,none,none,-1,-1,gemini_rewrite,0,I think so.
125,Response,none,none,none,none,-1,-1,gemini_rewrite,0,Could you infer that low cholesterol is harmful from the idea that conspirators hide that truth?
125,Context,none,none,none,none,-1,-1,gemini_rewrite,0,Probably.
125,Response,none,none,none,none,-1,-1,gemini_rewrite,0,Can you explain why?
125,Context,none,none,none,none,-1,-1,gemini_rewrite,0,Because they are hiding it.
125,Response,none,none,none,none,-1,-1,gemini_rewrite,0,Can or does the article prove there is a cholesterol cover up?
125,Context,none,none,none,none,-1,-1,gemini_rewrite,0,No.
125,Response,none,none,none,none,-1,-1,gemini_rewrite,0,"So, we are trapped in a circle. The article says that a conspiracy (a cover up) is the reason why we cannot prove that low cholesterol is harmful. At the same time, it says that the cholesterol conspiracy is proof of the conspiracy to keep our cholesterol low."
125,Context,none,none,none,none,-1,-1,gemini_rewrite,0,My head hurts.
125,Response,none,none,none,none,-1,-1,gemini_rewrite,0,"This is an error in reasoning, or fallacy as we call it. In particular, the circularity results from the ‘canceling hypothesis fallacy’ or ‘conspiracy theory fallacy’. Is this fallacy clear to you?"
125,Context,none,none,none,none,-1,-1,gemini_rewrite,0,No.
125,Response,none,none,none,none,-1,-1,gemini_rewrite,0,"Of course. This is the error of taking the absence of evidence for a claim as proof for this claim. When you ask conspiracy theorists to prove their claim they say that the evidence is being hidden from the public by powerful, malicious groups."
125,Context,none,none,none,none,-1,-1,gemini_rewrite,0,Oh.
125,Response,none,none,none,none,-1,-1,gemini_rewrite,0,"Of course, here is an example: “At the head of every kind of government there is a secret society. Of course, I cannot prove this because the same societies make sure that the truth stays hidden.” Do you see the problem now?"
125,Context,none,none,none,none,-1,-1,gemini_rewrite,0,Not really.
125,Response,none,none,none,none,-1,-1,gemini_rewrite,0,"Conspiracy theories trap you in a circle. They prove/disprove nothing. Yet, they sound credible because they usually attack the character/motives/interests of a powerful agent/opponent we mistrust/distrust or dislike. In the end, they don’t assess the merit of the opponent’s claim itself. Does this remind you of our discussion that motives or interests, as such, prove/disprove nothing?"
125,Context,none,none,none,none,-1,-1,gemini_rewrite,0,I'm more confused than before.
125,Response,none,none,none,none,-1,-1,gemini_rewrite,0,"Conspiracy theories are based on this fallacious reasoning, too. This fallacy is called ‘Ad Hominem’. It is the fallacy of saying that an argument is wrong because the arguer has some unwelcome characteristic or motive. Is this fallacy clear to you?"
125,Context,none,none,none,none,-1,-1,gemini_rewrite,0,No.
125,Response,none,none,none,none,-1,-1,gemini_rewrite,0,"Attacking a suspicious group’s motive or character instead of their argument/claim, distracts attention from their argument. These attacks have rhetorical power. They discredit the opponent and make the conspiracy theory sound more credible. Did you feel side-tracked by the writer’s attack on the companies?"
125,Context,none,none,none,none,-1,-1,gemini_rewrite,0,Maybe.
125,Response,none,none,none,none,-1,-1,gemini_rewrite,0,"Fine! So, let us take stock now. Does this article establish its main claim, i.e. that we should not keep our cholesterol low?"
125,Context,none,none,none,none,-1,-1,gemini_rewrite,0,I don't know what to believe.
125,Response,none,none,none,none,-1,-1,gemini_rewrite,0,"Could you explain why not, now?"
125,Context,none,none,none,none,-1,-1,gemini_rewrite,0,I lost track.
125,Response,none,none,none,none,-1,-1,gemini_rewrite,0,Exactly! Could the claim of the article be true though?
125,Context,none,none,none,none,-1,-1,gemini_rewrite,0,Maybe.
125,Response,none,none,none,none,-1,-1,gemini_rewrite,0,"This is correct. Future research might show that low cholesterol is harmful, too. Or that high cholesterol in itself is not as problematic, as is now believed. However, the article does not rest on science that revises our current knowledge about cholesterol. How could the writer have made a more convincing case for this claim?"
125,Context,none,none,none,none,-1,-1,gemini_rewrite,0,By lying?
125,Response,none,none,none,none,-1,-1,gemini_rewrite,0,Exactly! We need to discuss all sides based on evidence from verified sources and good argumentation. Conspiracy theories are circular and not falsifiable by evidence. How would you explain the writer’s attitude?
125,Context,none,none,none,none,-1,-1,gemini_rewrite,0,I don't know.
125,Response,none,none,none,none,-1,-1,gemini_rewrite,0,"Yes, this is a possibility. How would the article affect the readers?"
125,Context,none,none,none,none,-1,-1,gemini_rewrite,0,I don't know.
125,Response,none,none,none,none,-1,-1,gemini_rewrite,0,Would that article affect the health choices of readers?
125,Context,none,none,none,none,-1,-1,gemini_rewrite,0,Who knows?
125,Response,none,none,none,none,-1,-1,gemini_rewrite,0,This is true. Do you think there is still a reason to challenge the received view about cholesterol?
125,Context,none,none,none,none,-1,-1,gemini_rewrite,0,I'm too confused to answer.
125,Response,none,none,none,none,-1,-1,gemini_rewrite,0,What would that be?
125,Context,none,none,none,none,-1,-1,gemini_rewrite,0,Forget it.
125,Response,none,none,none,none,-1,-1,gemini_rewrite,0,"This is fine. You can ask for my help anytime in the future. As a general rule, you should consult articles citing the results of evidence-based medical research coming from both companies-funded research and independently-funded research."
125,Context,none,none,none,none,-1,-1,gemini_rewrite,0,"Thanks, I guess."
125,Response,none,none,none,none,-1,-1,gemini_rewrite,0,Did you find our discussion helpful?
125,Context,none,none,none,none,-1,-1,gemini_rewrite,0,Not really.
125,Response,none,none,none,none,-1,-1,gemini_rewrite,0,Is there anything else you would like to discuss?
125,Context,none,none,none,none,-1,-1,gemini_rewrite,-1,"No, I'm done."
125,Response,none,none,none,none,-1,-1,gemini_rewrite,0,Thank you for your discussion. Have a great day!
126,Context,none,none,none,none,-1,-1,gemini_rewrite,0,"I read the article "" Rapes, brawls, ""cultural"" crimes: the criminal immigration that scares Italy"" and would like to discuss it."
126,Response,none,none,none,none,-1,-1,gemini_rewrite,0,Of course. What would you like to discuss about this article?
126,Context,none,none,none,none,-1,-1,gemini_rewrite,0,I'm concerned about its potential to spread misinformation.
126,Response,none,none,none,none,-1,-1,gemini_rewrite,0,What prompted you to read this article? 
126,Context,none,none,none,none,-1,-1,gemini_rewrite,0,The alarming title caught my eye.
126,Response,none,none,none,none,-1,-1,gemini_rewrite,0,I understand your concern. What does the article claim? 
126,Context,none,none,none,none,-1,-1,gemini_rewrite,0,It seems to link immigration with increased crime.
126,Response,none,none,none,none,-1,-1,gemini_rewrite,0,What does the article advise? 
126,Context,none,none,none,none,-1,-1,gemini_rewrite,0,It implies stricter immigration policies are needed.
126,Response,none,none,none,none,-1,-1,gemini_rewrite,0,I see. Would you like to check the assumptions and facts of the article?
126,Context,none,none,none,none,-1,-1,gemini_rewrite,0,"Yes, please."
126,Response,none,none,none,none,-1,-1,gemini_rewrite,0,Fine. Let us examine the article together by first examining the article’s assumptions.
126,Context,none,none,none,none,-1,-1,gemini_rewrite,0,Sounds good.
126,Response,none,none,none,none,-1,-1,gemini_rewrite,0,I mean any claims the writer accepts as true without question or proof. We should examine such claims if we want to evaluate the article’s logic/credibility. Can you spot any claim that strikes you as taken for granted? 
126,Context,none,none,none,none,-1,-1,gemini_rewrite,0,The assumption that immigrants are inherently prone to crime.
126,Response,none,none,none,none,-1,-1,gemini_rewrite,0,Of course. Let me bring an example. Does the article take it for granted that migrants are criminals?
126,Context,none,none,none,none,-1,-1,gemini_rewrite,0,"Yes, it seems to."
126,Response,none,none,none,none,-1,-1,gemini_rewrite,0,Does the article justify that claim? Does it establish that migrants have a criminal record? 
126,Context,none,none,none,none,-1,-1,gemini_rewrite,0,Not really.
126,Response,none,none,none,none,-1,-1,gemini_rewrite,0,"I suggest that unless the article brings evidence/proof that migrants have a criminal record, we should not accept that they are all criminals. Do you agree?"
126,Context,none,none,none,none,-1,-1,gemini_rewrite,0,I agree.
126,Response,none,none,none,none,-1,-1,gemini_rewrite,0,What does this imply for you?
126,Context,none,none,none,none,-1,-1,gemini_rewrite,0,It makes the article's central premise questionable.
126,Response,none,none,none,none,-1,-1,gemini_rewrite,0,Does the article defend that claim? Does it use evidence or argument for that claim? 
126,Context,none,none,none,none,-1,-1,gemini_rewrite,0,It presents some crime statistics.
126,Response,none,none,none,none,-1,-1,gemini_rewrite,0,Is this evidence verified?
126,Context,none,none,none,none,-1,-1,gemini_rewrite,0,I'm not sure; it cites a Milan alderman.
126,Response,none,none,none,none,-1,-1,gemini_rewrite,0,"This is fine. I suggest that data/figures should be cross-checked with the official government websites for their credibility, especially the data from the Milan alderman. His figures seem to deviate significantly from the Ministry’s figures. But supposing the data is correct, does the data from the prison populations establish that migrants are criminals or a main cause of crime in Italy?"
126,Context,none,none,none,none,-1,-1,gemini_rewrite,0,"No, it doesn't necessarily establish a causal link."
126,Response,none,none,none,none,-1,-1,gemini_rewrite,0,There is no data that irregular migrants are criminals with a record. Is that correct?
126,Context,none,none,none,none,-1,-1,gemini_rewrite,0,"Yes, that's correct."
126,Response,none,none,none,none,-1,-1,gemini_rewrite,0,"I understand your thinking. You think that the data about migrant prison population reflects that there is a close relationship between criminality and immigration, right?"
126,Context,none,none,none,none,-1,-1,gemini_rewrite,0,"It might suggest a relationship, yes."
126,Response,none,none,none,none,-1,-1,gemini_rewrite,0,Fine. Can you think of alternative ways to explain the data from prison populations?
126,Context,none,none,none,none,-1,-1,gemini_rewrite,0,Perhaps migrants are targeted more by law enforcement.
126,Response,none,none,none,none,-1,-1,gemini_rewrite,0,I understand. But does the prison population lead to that conclusion?  
126,Context,none,none,none,none,-1,-1,gemini_rewrite,0,"No, it doesn't prove anything definitively."
126,Response,none,none,none,none,-1,-1,gemini_rewrite,0,"Isn’t it possible that a number of convicted migrants might be sentenced for violations of immigration law, not for crimes?"
126,Context,none,none,none,none,-1,-1,gemini_rewrite,0,That's a valid point.
126,Response,none,none,none,none,-1,-1,gemini_rewrite,0,Isn’t it possible that there are different sentencing and bail decisions for migrants and non-migrants?
126,Context,none,none,none,none,-1,-1,gemini_rewrite,0,"Yes, that could skew the numbers."
126,Response,none,none,none,none,-1,-1,gemini_rewrite,0,"Foreigners' ease of flight, lack of address, lack of regular employment, etc., makes it more likely to be detained. Also, different sentencing decisions might be based on racial profiling and discriminatory practices against foreigners by the Italian law enforcement, judiciary and penal system. Should we take these alternative explanations into account?"
126,Context,none,none,none,none,-1,-1,gemini_rewrite,0,Absolutely.
126,Response,none,none,none,none,-1,-1,gemini_rewrite,0,"One needs to check the data about the involvement of migrants in specific types of crime, like assault or rape. Does the article’s data from the prison population specify their involvement in rapes and assaults?"
126,Context,none,none,none,none,-1,-1,gemini_rewrite,0,I don't think so.
126,Response,none,none,none,none,-1,-1,gemini_rewrite,0,"Could we infer that migrants who commit theft, for example, used to be thieves before their entry in Italy?"
126,Context,none,none,none,none,-1,-1,gemini_rewrite,0,Not necessarily.
126,Response,none,none,none,none,-1,-1,gemini_rewrite,0,Good. Theft could be explained by migrants’ exclusion from the labor market. Is the data about prison population sufficient to help readers form an informed judgment about immigration and crime in Italy? 
126,Context,none,none,none,none,-1,-1,gemini_rewrite,0,"No, it's insufficient."
126,Response,none,none,none,none,-1,-1,gemini_rewrite,0,"Very well! The article uses statistics in a selective way. It commits the fallacy of Incomplete Evidence, or ‘cherry-picking’. It uses the evidence that supports its conclusion while suppressing any evidence against it. Also, it fails to discuss alternative interpretations of the data it cites. Hence, readers might jump to the wrong conclusion and hastily form the generalization that most migrants are criminals and more likely to commit a crime than the average Italian person."
126,Context,none,none,none,none,-1,-1,gemini_rewrite,0,"So, it's presenting a biased view."
126,Response,none,none,none,none,-1,-1,gemini_rewrite,0,"Of course. If a writer focuses on the number of plane crashes and omits the data about safe flights, too, he/she might lead readers to think that traveling by plane is unsafe. The writer cherry-picks the evidence that supports her/his point."
126,Context,none,none,none,none,-1,-1,gemini_rewrite,0,I understand the analogy.
126,Response,none,none,none,none,-1,-1,gemini_rewrite,0,Could the claim of the article be true though? 
126,Context,none,none,none,none,-1,-1,gemini_rewrite,0,"It's possible, but unlikely."
126,Response,none,none,none,none,-1,-1,gemini_rewrite,0,"This is correct. Further research might show that immigrants largely contribute to high crime rates. However, the article does not establish that claim."
126,Context,none,none,none,none,-1,-1,gemini_rewrite,0,"So, the article hasn't proven its point."
126,Response,none,none,none,none,-1,-1,gemini_rewrite,0,How would this article affect the readers?
126,Context,none,none,none,none,-1,-1,gemini_rewrite,0,It could fuel prejudice against immigrants.
126,Response,none,none,none,none,-1,-1,gemini_rewrite,0,Would that article affect the choices of Italian voters? 
126,Context,none,none,none,none,-1,-1,gemini_rewrite,0,"Yes, it could influence their political opinions."
126,Response,none,none,none,none,-1,-1,gemini_rewrite,0,This is true. Do you think there is still a reason to accept the claim of the article? 
126,Context,none,none,none,none,-1,-1,gemini_rewrite,0,Not really.
126,Response,none,none,none,none,-1,-1,gemini_rewrite,0,What would that be?
126,Context,none,none,none,none,-1,-1,gemini_rewrite,0,"If there were unbiased, verifiable evidence to support it."
126,Response,none,none,none,none,-1,-1,gemini_rewrite,0,"This is fine. You can ask for my help anytime in the future. As a general rule, you should consult articles citing data from verifiable sources, such as government organizations and NGO’s."
126,Context,none,none,none,none,-1,-1,gemini_rewrite,0,"Thanks, I will."
126,Response,none,none,none,none,-1,-1,gemini_rewrite,0,Did you find our discussion helpful? 
126,Context,none,none,none,none,-1,-1,gemini_rewrite,0,"Yes, very helpful."
126,Response,none,none,none,none,-1,-1,gemini_rewrite,0,Is there anything else you would like to discuss?
126,Context,none,none,none,none,-1,-1,gemini_rewrite,0,"No, I think I understand the article's problems."
126,Response,none,none,none,none,-1,-1,gemini_rewrite,0,Thank you for your discussion. Have a great day! 
127,Context,none,none,none,none,-1,-1,gemini_rewrite,0,"I read the article "" Rapes, brawls, ""cultural"" crimes: the criminal immigration that scares Italy"" and would like to discuss it."
127,Response,none,none,none,none,-1,-1,gemini_rewrite,0,Of course. What would you like to discuss about this article?
127,Context,none,none,none,none,-1,-1,gemini_rewrite,0,I want to know if it's disinformation.
127,Response,none,none,none,none,-1,-1,gemini_rewrite,0,What prompted you to read this article?
127,Context,none,none,none,none,-1,-1,gemini_rewrite,0,I saw it shared online.
127,Response,none,none,none,none,-1,-1,gemini_rewrite,0,I understand your concern. What does the article claim?
127,Context,none,none,none,none,-1,-1,gemini_rewrite,0,It says immigrants commit crimes.
127,Response,none,none,none,none,-1,-1,gemini_rewrite,0,What does the article advise?
127,Context,none,none,none,none,-1,-1,gemini_rewrite,0,It suggests stricter immigration policies.
127,Response,none,none,none,none,-1,-1,gemini_rewrite,0,I see. Would you like to check the assumptions and facts of the article?
127,Context,none,none,none,none,-1,-1,gemini_rewrite,0,"Yes, let's do that."
127,Response,none,none,none,none,-1,-1,gemini_rewrite,0,Fine. Let us examine the article together by first examining the article’s assumptions.
127,Context,none,none,none,none,-1,-1,gemini_rewrite,0,"Okay, I'm ready."
127,Response,none,none,none,none,-1,-1,gemini_rewrite,0,I mean any claims the writer accepts as true without question or proof. We should examine such claims if we want to evaluate the article’s logic/credibility. Can you spot any claim that strikes you as taken for granted?
127,Context,none,none,none,none,-1,-1,gemini_rewrite,0,"I'm not sure, can you give me an example?"
127,Response,none,none,none,none,-1,-1,gemini_rewrite,0,Of course. Let me bring an example. Does the article take it for granted that migrants are criminals?
127,Context,none,none,none,none,-1,-1,gemini_rewrite,0,Possibly.
127,Response,none,none,none,none,-1,-1,gemini_rewrite,0,Does the article justify that claim? Does it establish that migrants have a criminal record?
127,Context,none,none,none,none,-1,-1,gemini_rewrite,0,It mentions some statistics.
127,Response,none,none,none,none,-1,-1,gemini_rewrite,0,"I suggest that unless the article brings evidence/proof that migrants have a criminal record, we should not accept that they are all criminals. Do you agree?"
127,Context,none,none,none,none,-1,-1,gemini_rewrite,0,Maybe not all.
127,Response,none,none,none,none,-1,-1,gemini_rewrite,0,What does this imply for you?
127,Context,none,none,none,none,-1,-1,gemini_rewrite,0,I'm still unsure.
127,Response,none,none,none,none,-1,-1,gemini_rewrite,0,Does the article defend that claim? Does it use evidence or argument for that claim?
127,Context,none,none,none,none,-1,-1,gemini_rewrite,0,It provides data about prison populations.
127,Response,none,none,none,none,-1,-1,gemini_rewrite,0,Is this evidence verified?
127,Context,none,none,none,none,-1,-1,gemini_rewrite,0,It cites a Milan alderman.
127,Response,none,none,none,none,-1,-1,gemini_rewrite,0,"This is fine. I suggest that data/figures should be cross-checked with the official government websites for their credibility, especially the data from the Milan alderman. His figures seem to deviate significantly from the Ministry’s figures. But supposing the data is correct, does the data from the prison populations establish that migrants are criminals or a main cause of crime in Italy?"
127,Context,none,none,none,none,-1,-1,gemini_rewrite,0,I don't know.
127,Response,none,none,none,none,-1,-1,gemini_rewrite,0,There is no data that irregular migrants are criminals with a record. Is that correct?
127,Context,none,none,none,none,-1,-1,gemini_rewrite,0,I guess.
127,Response,none,none,none,none,-1,-1,gemini_rewrite,0,"I understand your thinking. You think that the data about migrant prison population reflects that there is a close relationship between criminality and immigration, right?"
127,Context,none,none,none,none,-1,-1,gemini_rewrite,0,Maybe.
127,Response,none,none,none,none,-1,-1,gemini_rewrite,0,Fine. Can you think of alternative ways to explain the data from prison populations?
127,Context,none,none,none,none,-1,-1,gemini_rewrite,0,"No, not really."
127,Response,none,none,none,none,-1,-1,gemini_rewrite,0,I understand. But does the prison population lead to that conclusion?
127,Context,none,none,none,none,-1,-1,gemini_rewrite,0,Probably.
127,Response,none,none,none,none,-1,-1,gemini_rewrite,0,"Isn’t it possible that a number of convicted migrants might be sentenced for violations of immigration law, not for crimes?"
127,Context,none,none,none,none,-1,-1,gemini_rewrite,0,Perhaps a few.
127,Response,none,none,none,none,-1,-1,gemini_rewrite,0,Isn’t it possible that there are different sentencing and bail decisions for migrants and non-migrants?
127,Context,none,none,none,none,-1,-1,gemini_rewrite,0,I doubt it.
127,Response,none,none,none,none,-1,-1,gemini_rewrite,0,"Foreigners' ease of flight, lack of address, lack of regular employment, etc., makes it more likely to be detained. Also, different sentencing decisions might be based on racial profiling and discriminatory practices against foreigners by the Italian law enforcement, judiciary and penal system. Should we take these alternative explanations into account?"
127,Context,none,none,none,none,-1,-1,gemini_rewrite,0,I don't know what to think.
127,Response,none,none,none,none,-1,-1,gemini_rewrite,0,"One needs to check the data about the involvement of migrants in specific types of crime, like assault or rape. Does the article’s data from the prison population specify their involvement in rapes and assaults?"
127,Context,none,none,none,none,-1,-1,gemini_rewrite,0,I'm not sure.
127,Response,none,none,none,none,-1,-1,gemini_rewrite,0,"Could we infer that migrants who commit theft, for example, used to be thieves before their entry in Italy?"
127,Context,none,none,none,none,-1,-1,gemini_rewrite,0,Probably.
127,Response,none,none,none,none,-1,-1,gemini_rewrite,0,Good. Theft could be explained by migrants’ exclusion from the labor market. Is the data about prison population sufficient to help readers form an informed judgment about immigration and crime in Italy?
127,Context,none,none,none,none,-1,-1,gemini_rewrite,0,I don't know anymore.
127,Response,none,none,none,none,-1,-1,gemini_rewrite,0,"Very well! The article uses statistics in a selective way. It commits the fallacy of Incomplete Evidence, or ‘cherry-picking’. It uses the evidence that supports its conclusion while suppressing any evidence against it. Also, it fails to discuss alternative interpretations of the data it cites. Hence, readers might jump to the wrong conclusion and hastily form the generalization that most migrants are criminals and more likely to commit a crime than the average Italian person."
127,Context,none,none,none,none,-1,-1,gemini_rewrite,0,So it's misleading?
127,Response,none,none,none,none,-1,-1,gemini_rewrite,0,"Of course. If a writer focuses on the number of plane crashes and omits the data about safe flights, too, he/she might lead readers to think that traveling by plane is unsafe. The writer cherry-picks the evidence that supports her/his point."
127,Context,none,none,none,none,-1,-1,gemini_rewrite,0,I'm more confused now.
127,Response,none,none,none,none,-1,-1,gemini_rewrite,0,Could the claim of the article be true though?
127,Context,none,none,none,none,-1,-1,gemini_rewrite,0,Maybe.
127,Response,none,none,none,none,-1,-1,gemini_rewrite,0,"This is correct. Further research might show that immigrants largely contribute to high crime rates. However, the article does not establish that claim."
127,Context,none,none,none,none,-1,-1,gemini_rewrite,0,So it could be true?
127,Response,none,none,none,none,-1,-1,gemini_rewrite,0,How would this article affect the readers?
127,Context,none,none,none,none,-1,-1,gemini_rewrite,0,I don't know.
127,Response,none,none,none,none,-1,-1,gemini_rewrite,0,Would that article affect the choices of Italian voters?
127,Context,none,none,none,none,-1,-1,gemini_rewrite,0,Perhaps.
127,Response,none,none,none,none,-1,-1,gemini_rewrite,0,This is true. Do you think there is still a reason to accept the claim of the article?
127,Context,none,none,none,none,-1,-1,gemini_rewrite,0,I'm not sure at all.
127,Response,none,none,none,none,-1,-1,gemini_rewrite,0,What would that be?
127,Context,none,none,none,none,-1,-1,gemini_rewrite,0,I'm lost.
127,Response,none,none,none,none,-1,-1,gemini_rewrite,0,"This is fine. You can ask for my help anytime in the future. As a general rule, you should consult articles citing data from verifiable sources, such as government organizations and NGO’s."
127,Context,none,none,none,none,-1,-1,gemini_rewrite,0,"Okay, thanks...I think."
127,Response,none,none,none,none,-1,-1,gemini_rewrite,0,Did you find our discussion helpful?
127,Context,none,none,none,none,-1,-1,gemini_rewrite,0,I don't know.
127,Response,none,none,none,none,-1,-1,gemini_rewrite,0,Is there anything else you would like to discuss?
127,Context,none,none,none,none,-1,-1,gemini_rewrite,-1,"No, I'm even more confused now."
127,Response,none,none,none,none,-1,-1,gemini_rewrite,0,Thank you for your discussion. Have a great day!
128,Context,none,none,none,none,-1,-1,gemini_rewrite,0,"Hello, I came across the article “Bologna, 23-year-old girl in alcoholic coma. Pakistani immigrant rapes her in hospital” and I would like to discuss it further."
128,Response,none,none,none,none,-1,-1,gemini_rewrite,0,Of course. I am here to discuss anything you want. Could you please inform me about the main topic of the article?
128,Context,none,none,none,none,-1,-1,gemini_rewrite,0,A rape committed by an immigrant.
128,Response,none,none,none,none,-1,-1,gemini_rewrite,0,Are you familiar with this topic?
128,Context,none,none,none,none,-1,-1,gemini_rewrite,0,"Unfortunately, yes."
128,Response,none,none,none,none,-1,-1,gemini_rewrite,0,Could you explain to me the key point of the article?
128,Context,none,none,none,none,-1,-1,gemini_rewrite,0,A Pakistani immigrant raped an Italian girl in a hospital.
128,Response,none,none,none,none,-1,-1,gemini_rewrite,0,What do you think is the aim of this article?
128,Context,none,none,none,none,-1,-1,gemini_rewrite,0,I think it aims to inform the reader about this crime.
128,Response,none,none,none,none,-1,-1,gemini_rewrite,0,What is it that concerns you about this article?
128,Context,none,none,none,none,-1,-1,gemini_rewrite,0,It feels like it's trying to incite anger.
128,Response,none,none,none,none,-1,-1,gemini_rewrite,0,Could you clarify what exactly made you feel that way?
128,Context,none,none,none,none,-1,-1,gemini_rewrite,0,The way the author describes the event.
128,Response,none,none,none,none,-1,-1,gemini_rewrite,0,Do you mean the language the author uses?
128,Context,none,none,none,none,-1,-1,gemini_rewrite,0,"Yes, exactly."
128,Response,none,none,none,none,-1,-1,gemini_rewrite,0,Could you provide me with one or some related examples from the article?
128,Context,none,none,none,none,-1,-1,gemini_rewrite,0,The title highlights the nationality of the rapist.
128,Response,none,none,none,none,-1,-1,gemini_rewrite,0,How exactly did these sentences make you feel after reading them?
128,Context,none,none,none,none,-1,-1,gemini_rewrite,0,Uncomfortable and suspicious.
128,Response,none,none,none,none,-1,-1,gemini_rewrite,0,I see. Why do you assume you felt this way after reading this article? Do you think the author did this on purpose?
128,Context,none,none,none,none,-1,-1,gemini_rewrite,0,"Yes, I think the author is trying to provoke a reaction."
128,Response,none,none,none,none,-1,-1,gemini_rewrite,0,"Of course. An author can write an article in order to inform the readers about events or facts and/or describe people, events or facts. An author can also write an article so as to provoke feelings to the readers. Did you know that?"
128,Context,none,none,none,none,-1,-1,gemini_rewrite,0,"Yes, I'm aware of that."
128,Response,none,none,none,none,-1,-1,gemini_rewrite,0,"So, since you felt scared, vulnerable and disappointed after reading the article, what do you think its author aimed to do?"
128,Context,none,none,none,none,-1,-1,gemini_rewrite,0,"To make the reader feel those things, perhaps to manipulate their opinion."
128,Response,none,none,none,none,-1,-1,gemini_rewrite,0,That’s right. Do you believe the author included his/her personal opinion or interpretation of the incident in the article?
128,Context,none,none,none,none,-1,-1,gemini_rewrite,0,"Yes, definitely."
128,Response,none,none,none,none,-1,-1,gemini_rewrite,0,How does the author characterize this incident?
128,Context,none,none,none,none,-1,-1,gemini_rewrite,0,"As a heinous crime, which it is, but also focuses on the origin of the perpetrator."
128,Response,none,none,none,none,-1,-1,gemini_rewrite,0,Very well. The author also mentions “yet another”. Does the author mention more cases of violence against women?
128,Context,none,none,none,none,-1,-1,gemini_rewrite,0,"No, not specifically in this article."
128,Response,none,none,none,none,-1,-1,gemini_rewrite,0,Are the referred acts of violence committed only by immigrants?
128,Context,none,none,none,none,-1,-1,gemini_rewrite,0,"No, violence against women is unfortunately widespread."
128,Response,none,none,none,none,-1,-1,gemini_rewrite,0,What do you think is the author’s opinion about immigrants?
128,Context,none,none,none,none,-1,-1,gemini_rewrite,0,I suspect the author holds a negative view.
128,Response,none,none,none,none,-1,-1,gemini_rewrite,0,Why do you assume that?
128,Context,none,none,none,none,-1,-1,gemini_rewrite,0,The emphasis on the immigrant's nationality seems unnecessary.
128,Response,none,none,none,none,-1,-1,gemini_rewrite,0,Would you describe the language in this article as emotional or offensive towards immigrants?
128,Context,none,none,none,none,-1,-1,gemini_rewrite,0,"Yes, I would say it's leaning towards offensive."
128,Response,none,none,none,none,-1,-1,gemini_rewrite,0,Why do you suppose the author uses such language in this article?
128,Context,none,none,none,none,-1,-1,gemini_rewrite,0,To stir up anti-immigrant sentiment.
128,Response,none,none,none,none,-1,-1,gemini_rewrite,0,Sometimes an author may use emotional language to express his/her opinion about a topic resulting in making unbiased claims. Would you assume that the author feels negatively towards immigrants living in the country?
128,Context,none,none,none,none,-1,-1,gemini_rewrite,0,"Yes, I would assume so."
128,Response,none,none,none,none,-1,-1,gemini_rewrite,0,Would you consider the author prejudiced towards immigrants?
128,Context,none,none,none,none,-1,-1,gemini_rewrite,0,"Yes, based on the language used."
128,Response,none,none,none,none,-1,-1,gemini_rewrite,0,Is there any specific reason you would consider the author prejudiced towards immigrants?
128,Context,none,none,none,none,-1,-1,gemini_rewrite,0,Highlighting the perpetrator's origin when it's not relevant to the crime itself.
128,Response,none,none,none,none,-1,-1,gemini_rewrite,0,"So, you are aware that the author is prejudiced towards immigrants from the language he/she uses. Is there any specific evidence that led you to this belief?"
128,Context,none,none,none,none,-1,-1,gemini_rewrite,0,The title itself is evidence of bias.
128,Response,none,none,none,none,-1,-1,gemini_rewrite,0,Could you explain to me the reason the author wrote this sentence at the end of the article?
128,Context,none,none,none,none,-1,-1,gemini_rewrite,0,To further his anti-immigrant agenda.
128,Response,none,none,none,none,-1,-1,gemini_rewrite,0,Of course. Could you explain what the sentence means by referring to the “champions of welcome”? Does it have to do with those in favor of accepting immigrants into the country?
128,Context,none,none,none,none,-1,-1,gemini_rewrite,0,"Yes, it's about those who support immigration."
128,Response,none,none,none,none,-1,-1,gemini_rewrite,0,Indeed. What do you think the author means by “resources”? Does it have to do with the immigrant cases mentioned in the article?
128,Context,none,none,none,none,-1,-1,gemini_rewrite,0,It refers to crimes supposedly committed by immigrants.
128,Response,none,none,none,none,-1,-1,gemini_rewrite,0,"What do you think is the reason for starting the sentence with “Here they are” and then continuing to mention the “resources”? Does, perhaps, the structure of the sentence aim to achieve a purpose?"
128,Context,none,none,none,none,-1,-1,gemini_rewrite,0,It's meant to be accusatory and inflammatory.
128,Response,none,none,none,none,-1,-1,gemini_rewrite,0,Exactly.  Would you be able to identify the emotion that this sentence provokes?
128,Context,none,none,none,none,-1,-1,gemini_rewrite,0,Anger and resentment.
128,Response,none,none,none,none,-1,-1,gemini_rewrite,0,Yes. The author seems ironic towards those who support welcoming immigrants. Would you be able to explain why the author is ironic?
128,Context,none,none,none,none,-1,-1,gemini_rewrite,0,"Because they blame the ""champions of welcome"" for the crimes."
128,Response,none,none,none,none,-1,-1,gemini_rewrite,0,"Your answer is to the point. Taking into account our discussion, would you conclude that the article is objective?"
128,Context,none,none,none,none,-1,-1,gemini_rewrite,0,"No, it's definitely not objective."
128,Response,none,none,none,none,-1,-1,gemini_rewrite,0,Could you elaborate on the reason that led you to this belief?
128,Context,none,none,none,none,-1,-1,gemini_rewrite,0,The biased language and selective reporting show a clear prejudice.
128,Response,none,none,none,none,-1,-1,gemini_rewrite,0,"If the author were not prejudiced against immigrants, would there be another way to approach this subject?"
128,Context,none,none,none,none,-1,-1,gemini_rewrite,0,"Yes, by focusing on the crime itself without highlighting the origin of the perpetrator."
128,Response,none,none,none,none,-1,-1,gemini_rewrite,0,"What do you think would be the implications for someone who reads this article, but does not seek to doubt and investigate it, like you did?"
128,Context,none,none,none,none,-1,-1,gemini_rewrite,0,They might develop or reinforce negative stereotypes about immigrants.
128,Response,none,none,none,none,-1,-1,gemini_rewrite,0,"How are you feeling about this article, after our discussion?"
128,Context,none,none,none,none,-1,-1,gemini_rewrite,0,I feel more confident in my assessment that it's biased.
128,Response,none,none,none,none,-1,-1,gemini_rewrite,0,Would you be in a better position to identify the use of emotional language in an article from now on?
128,Context,none,none,none,none,-1,-1,gemini_rewrite,0,"Yes, definitely."
128,Response,none,none,none,none,-1,-1,gemini_rewrite,0,Did you find our discussion helpful?
128,Context,none,none,none,none,-1,-1,gemini_rewrite,0,"Yes, very helpful."
128,Response,none,none,none,none,-1,-1,gemini_rewrite,0,What are you planning to do with this article now?
128,Context,none,none,none,none,-1,-1,gemini_rewrite,0,I will flag it as potentially biased or disinformation.
128,Response,none,none,none,none,-1,-1,gemini_rewrite,0,Is there anything else you would like to discuss?
128,Context,none,none,none,none,-1,-1,gemini_rewrite,0,"No, I think that's all."
128,Response,none,none,none,none,-1,-1,gemini_rewrite,0,"Please, rate from 1-5 your experience with the Response. You can write any comments you believe will help me improve it. Thank you for using the  application. Have a good day!"
129,Context,none,none,none,none,-1,-1,gemini_rewrite,0,"Hello, I came across the article “Bologna, 23-year-old girl in alcoholic coma. Pakistani immigrant rapes her in hospital” and I would like to discuss it further."
129,Response,none,none,none,none,-1,-1,gemini_rewrite,0,Of course. I am here to discuss anything you want. Could you please inform me about the main topic of the article?
129,Context,none,none,none,none,-1,-1,gemini_rewrite,0,It's about a rape.
129,Response,none,none,none,none,-1,-1,gemini_rewrite,0,Are you familiar with this topic?
129,Context,none,none,none,none,-1,-1,gemini_rewrite,0,"Yes, unfortunately."
129,Response,none,none,none,none,-1,-1,gemini_rewrite,0,Could you explain to me the key point of the article?
129,Context,none,none,none,none,-1,-1,gemini_rewrite,0,A Pakistani immigrant raped a girl.
129,Response,none,none,none,none,-1,-1,gemini_rewrite,0,What do you think is the aim of this article?
129,Context,none,none,none,none,-1,-1,gemini_rewrite,0,To inform people about a crime.
129,Response,none,none,none,none,-1,-1,gemini_rewrite,0,What is it that concerns you about this article?
129,Context,none,none,none,none,-1,-1,gemini_rewrite,0,It feels biased.
129,Response,none,none,none,none,-1,-1,gemini_rewrite,0,Could you clarify what exactly made you feel that way?
129,Context,none,none,none,none,-1,-1,gemini_rewrite,0,The way the immigrant's nationality is highlighted.
129,Response,none,none,none,none,-1,-1,gemini_rewrite,0,Do you mean the language the author uses?
129,Context,none,none,none,none,-1,-1,gemini_rewrite,0,"Yes, the tone is inflammatory."
129,Response,none,none,none,none,-1,-1,gemini_rewrite,0,Could you provide me with one or some related examples from the article?
129,Context,none,none,none,none,-1,-1,gemini_rewrite,0,Mentioning the nationality in the title.
129,Response,none,none,none,none,-1,-1,gemini_rewrite,0,How exactly did these sentences make you feel after reading them?
129,Context,none,none,none,none,-1,-1,gemini_rewrite,0,Uneasy and suspicious.
129,Response,none,none,none,none,-1,-1,gemini_rewrite,0,I see. Why do you assume you felt this way after reading this article? Do you think the author did this on purpose?
129,Context,none,none,none,none,-1,-1,gemini_rewrite,0,"Maybe, it feels like they want to stir up anger."
129,Response,none,none,none,none,-1,-1,gemini_rewrite,0,"Of course. An author can write an article in order to inform the readers about events or facts and/or describe people, events or facts. An author can also write an article so as to provoke feelings to the readers. Did you know that?"
129,Context,none,none,none,none,-1,-1,gemini_rewrite,0,"Yes, I'm aware."
129,Response,none,none,none,none,-1,-1,gemini_rewrite,0,"So, since you felt scared, vulnerable and disappointed after reading the article, what do you think its author aimed to do?"
129,Context,none,none,none,none,-1,-1,gemini_rewrite,0,"To cause outrage, perhaps?"
129,Response,none,none,none,none,-1,-1,gemini_rewrite,0,That’s right. Do you believe the author included his/her personal opinion or interpretation of the incident in the article?
129,Context,none,none,none,none,-1,-1,gemini_rewrite,0,"Probably, yes."
129,Response,none,none,none,none,-1,-1,gemini_rewrite,0,How does the author characterize this incident?
129,Context,none,none,none,none,-1,-1,gemini_rewrite,0,As a terrible crime.
129,Response,none,none,none,none,-1,-1,gemini_rewrite,0,Very well. The author also mentions “yet another”. Does the author mention more cases of violence against women?
129,Context,none,none,none,none,-1,-1,gemini_rewrite,0,I think so.
129,Response,none,none,none,none,-1,-1,gemini_rewrite,0,Are the referred acts of violence committed only by immigrants?
129,Context,none,none,none,none,-1,-1,gemini_rewrite,0,It seems to imply that.
129,Response,none,none,none,none,-1,-1,gemini_rewrite,0,What do you think is the author’s opinion about immigrants?
129,Context,none,none,none,none,-1,-1,gemini_rewrite,0,Probably negative.
129,Response,none,none,none,none,-1,-1,gemini_rewrite,0,Why do you assume that?
129,Context,none,none,none,none,-1,-1,gemini_rewrite,0,The language used suggests a bias.
129,Response,none,none,none,none,-1,-1,gemini_rewrite,0,Would you describe the language in this article as emotional or offensive towards immigrants?
129,Context,none,none,none,none,-1,-1,gemini_rewrite,0,"Yes, potentially."
129,Response,none,none,none,none,-1,-1,gemini_rewrite,0,Why do you suppose the author uses such language in this article?
129,Context,none,none,none,none,-1,-1,gemini_rewrite,0,"To make a point, I guess."
129,Response,none,none,none,none,-1,-1,gemini_rewrite,0,Sometimes an author may use emotional language to express his/her opinion about a topic resulting in making unbiased claims. Would you assume that the author feels negatively towards immigrants living in the country?
129,Context,none,none,none,none,-1,-1,gemini_rewrite,0,I don't know for sure.
129,Response,none,none,none,none,-1,-1,gemini_rewrite,0,Would you consider the author prejudiced towards immigrants?
129,Context,none,none,none,none,-1,-1,gemini_rewrite,0,Maybe slightly.
129,Response,none,none,none,none,-1,-1,gemini_rewrite,0,Is there any specific reason you would consider the author prejudiced towards immigrants?
129,Context,none,none,none,none,-1,-1,gemini_rewrite,0,It's hard to say definitively.
129,Response,none,none,none,none,-1,-1,gemini_rewrite,0,"So, you are aware that the author is prejudiced towards immigrants from the language he/she uses. Is there any specific evidence that led you to this belief?"
129,Context,none,none,none,none,-1,-1,gemini_rewrite,0,The constant emphasis on nationality.
129,Response,none,none,none,none,-1,-1,gemini_rewrite,0,Could you explain to me the reason the author wrote this sentence at the end of the article?
129,Context,none,none,none,none,-1,-1,gemini_rewrite,0,"I'm not sure, it's confusing."
129,Response,none,none,none,none,-1,-1,gemini_rewrite,0,Of course. Could you explain what the sentence means by referring to the “champions of welcome”? Does it have to do with those in favor of accepting immigrants into the country?
129,Context,none,none,none,none,-1,-1,gemini_rewrite,0,It seems to be a dig at them.
129,Response,none,none,none,none,-1,-1,gemini_rewrite,0,Indeed. What do you think the author means by “resources”? Does it have to do with the immigrant cases mentioned in the article?
129,Context,none,none,none,none,-1,-1,gemini_rewrite,0,Maybe it's a metaphor?
129,Response,none,none,none,none,-1,-1,gemini_rewrite,0,"What do you think is the reason for starting the sentence with “Here they are” and then continuing to mention the “resources”? Does, perhaps, the structure of the sentence aim to achieve a purpose?"
129,Context,none,none,none,none,-1,-1,gemini_rewrite,0,I'm not sure what the purpose is.
129,Response,none,none,none,none,-1,-1,gemini_rewrite,0,Exactly. Would you be able to identify the emotion that this sentence provokes?
129,Context,none,none,none,none,-1,-1,gemini_rewrite,0,Confusion.
129,Response,none,none,none,none,-1,-1,gemini_rewrite,0,Yes. The author seems ironic towards those who support welcoming immigrants. Would you be able to explain why the author is ironic?
129,Context,none,none,none,none,-1,-1,gemini_rewrite,0,I can't really say.
129,Response,none,none,none,none,-1,-1,gemini_rewrite,0,"Your answer is to the point. Taking into account our discussion, would you conclude that the article is objective?"
129,Context,none,none,none,none,-1,-1,gemini_rewrite,0,I really don't know anymore.
129,Response,none,none,none,none,-1,-1,gemini_rewrite,0,Could you elaborate on the reason that led you to this belief?
129,Context,none,none,none,none,-1,-1,gemini_rewrite,0,Everything is contradictory.
129,Response,none,none,none,none,-1,-1,gemini_rewrite,0,"If the author were not prejudiced against immigrants, would there be another way to approach this subject?"
129,Context,none,none,none,none,-1,-1,gemini_rewrite,0,Maybe a more neutral tone?
129,Response,none,none,none,none,-1,-1,gemini_rewrite,0,"What do you think would be the implications for someone who reads this article, but does not seek to doubt and investigate it, like you did?"
129,Context,none,none,none,none,-1,-1,gemini_rewrite,0,"They would be confused, like me."
129,Response,none,none,none,none,-1,-1,gemini_rewrite,0,"How are you feeling about this article, after our discussion?"
129,Context,none,none,none,none,-1,-1,gemini_rewrite,0,More confused than before.
129,Response,none,none,none,none,-1,-1,gemini_rewrite,0,Would you be in a better position to identify the use of emotional language in an article from now on?
129,Context,none,none,none,none,-1,-1,gemini_rewrite,0,I am not sure.
129,Response,none,none,none,none,-1,-1,gemini_rewrite,0,Did you find our discussion helpful?
129,Context,none,none,none,none,-1,-1,gemini_rewrite,0,"Not really, no."
129,Response,none,none,none,none,-1,-1,gemini_rewrite,0,What are you planning to do with this article now?
129,Context,none,none,none,none,-1,-1,gemini_rewrite,0,I guess just forget about it.
129,Response,none,none,none,none,-1,-1,gemini_rewrite,0,Is there anything else you would like to discuss?
129,Context,none,none,none,none,-1,-1,gemini_rewrite,-1,"No, thank you."
129,Response,none,none,none,none,-1,-1,gemini_rewrite,0,"Please, rate from 1-5 your experience with the Response. You can write any comments you believe will help me improve it. Thank you for using the application. Have a good day!"
130,Context,none,none,none,none,-1,-1,gemini_rewrite,0,"Hello, I found the article “Transform Your Body with the Latest Breakthrough in Weight Loss – SkinnySecretsExposed.com” and I would like to discuss it further."
130,Response,none,none,none,none,-1,-1,gemini_rewrite,0,"Of course. I am here to discuss anything you want. First of all, what made you choose to read the article in the first place?"
130,Context,none,none,none,none,-1,-1,gemini_rewrite,0,I'm trying to find new ways to lose weight.
130,Response,none,none,none,none,-1,-1,gemini_rewrite,0,What was it that aroused your curiosity with this article?
130,Context,none,none,none,none,-1,-1,gemini_rewrite,0,"The promise of a ""breakthrough"" caught my eye."
130,Response,none,none,none,none,-1,-1,gemini_rewrite,0,What is it that is troubling you with this article?
130,Context,none,none,none,none,-1,-1,gemini_rewrite,0,"It seems too good to be true and a little bit ""salesy."""
130,Response,none,none,none,none,-1,-1,gemini_rewrite,0,Could you please explain to me the purpose of this article?
130,Context,none,none,none,none,-1,-1,gemini_rewrite,0,To sell a weight loss product.
130,Response,none,none,none,none,-1,-1,gemini_rewrite,0,Have you read about this diet product in another source before?
130,Context,none,none,none,none,-1,-1,gemini_rewrite,0,"No, I haven't."
130,Response,none,none,none,none,-1,-1,gemini_rewrite,0,Do you think that there is sufficient information about the product?
130,Context,none,none,none,none,-1,-1,gemini_rewrite,0,"No, not really."
130,Response,none,none,none,none,-1,-1,gemini_rewrite,0,Why do you think the article does not include sufficient information?
130,Context,none,none,none,none,-1,-1,gemini_rewrite,0,It's lacking specific details.
130,Response,none,none,none,none,-1,-1,gemini_rewrite,0,In what way do you assume that it could influence their opinion?
130,Context,none,none,none,none,-1,-1,gemini_rewrite,0,It could make people believe in unrealistic results.
130,Response,none,none,none,none,-1,-1,gemini_rewrite,0,Could you please elaborate on your opinion about this?
130,Context,none,none,none,none,-1,-1,gemini_rewrite,0,It's playing on people's desires for quick fixes.
130,Response,none,none,none,none,-1,-1,gemini_rewrite,0,Your view on this seems to the point. Has your view been influenced by something or someone?
130,Context,none,none,none,none,-1,-1,gemini_rewrite,0,My past experiences with similar products.
130,Response,none,none,none,none,-1,-1,gemini_rewrite,0,Do you consider this article to be credible?
130,Context,none,none,none,none,-1,-1,gemini_rewrite,0,"No, I don't."
130,Response,none,none,none,none,-1,-1,gemini_rewrite,0,What would help you to ensure the credibility of this article?
130,Context,none,none,none,none,-1,-1,gemini_rewrite,0,Scientific evidence and verifiable sources.
130,Response,none,none,none,none,-1,-1,gemini_rewrite,0,It would be a good idea to search for relevant sources in the article to verify its authenticity.
130,Context,none,none,none,none,-1,-1,gemini_rewrite,0,I don't see any sources cited in the article.
130,Response,none,none,none,none,-1,-1,gemini_rewrite,0,"You could check the information about the article, for example the date of publication, the author and the source (publisher/website)."
130,Context,none,none,none,none,-1,-1,gemini_rewrite,0,"It's on SkinnySecretsExposed.com, no author or date listed."
130,Response,none,none,none,none,-1,-1,gemini_rewrite,0,Have you ever read an article from this source?
130,Context,none,none,none,none,-1,-1,gemini_rewrite,0,"No, I haven't."
130,Response,none,none,none,none,-1,-1,gemini_rewrite,0,Have you ever heard of this source before?
130,Context,none,none,none,none,-1,-1,gemini_rewrite,0,"No, never."
130,Response,none,none,none,none,-1,-1,gemini_rewrite,0,You could also cross-reference the information you have from this article with other articles. Is there any information about the product that you can use to check other sources?
130,Context,none,none,none,none,-1,-1,gemini_rewrite,0,"It only mentions ""natural ingredients""."
130,Response,none,none,none,none,-1,-1,gemini_rewrite,0,Of course. Do you know the name or the manufacturer of this product?
130,Context,none,none,none,none,-1,-1,gemini_rewrite,0,"No, the article doesn't say."
130,Response,none,none,none,none,-1,-1,gemini_rewrite,0,Does it mention how long someone has to use this product to have results or how exactly it helps in weight loss?
130,Context,none,none,none,none,-1,-1,gemini_rewrite,0,"It claims rapid results, but it doesn't explain how."
130,Response,none,none,none,none,-1,-1,gemini_rewrite,0,Does it mention what kind of natural ingredients are used to make this product?
130,Context,none,none,none,none,-1,-1,gemini_rewrite,0,"No, it doesn't specify which ingredients."
130,Response,none,none,none,none,-1,-1,gemini_rewrite,0,"Does it, perhaps, mention the form of this product? Does it come in powder, pills or liquid form?"
130,Context,none,none,none,none,-1,-1,gemini_rewrite,0,I think it's liquid.
130,Response,none,none,none,none,-1,-1,gemini_rewrite,0,"So you suppose that it is in liquid form, but you are not sure."
130,Context,none,none,none,none,-1,-1,gemini_rewrite,0,"No, I am not."
130,Response,none,none,none,none,-1,-1,gemini_rewrite,0,"Okay. Is there any reference to the packaging of the product, where can someone find it or how much does it cost?"
130,Context,none,none,none,none,-1,-1,gemini_rewrite,0,"Only that it's ""affordable""."
130,Response,none,none,none,none,-1,-1,gemini_rewrite,0,What exactly is the price of this affordable product?
130,Context,none,none,none,none,-1,-1,gemini_rewrite,0,It does not specify.
130,Response,none,none,none,none,-1,-1,gemini_rewrite,0,Does it mention any other information concerning consumer safety?
130,Context,none,none,none,none,-1,-1,gemini_rewrite,0,"No, nothing about safety."
130,Response,none,none,none,none,-1,-1,gemini_rewrite,0,Can you clarify if the product is certified for its safety?
130,Context,none,none,none,none,-1,-1,gemini_rewrite,0,Not certified.
130,Response,none,none,none,none,-1,-1,gemini_rewrite,0,Why?
130,Context,none,none,none,none,-1,-1,gemini_rewrite,0,Because it doesn't mention anything about it.
130,Response,none,none,none,none,-1,-1,gemini_rewrite,0,Okay. Does it mention clear instructions on how to use this product?
130,Context,none,none,none,none,-1,-1,gemini_rewrite,0,"No, it does not."
130,Response,none,none,none,none,-1,-1,gemini_rewrite,0,Is there any evidence about the product being scientifically verified?
130,Context,none,none,none,none,-1,-1,gemini_rewrite,0,No scientific evidence is mentioned.
130,Response,none,none,none,none,-1,-1,gemini_rewrite,0,Could you please find any clues as to their field of expertise?
130,Context,none,none,none,none,-1,-1,gemini_rewrite,0,"None, there are no credentials."
130,Response,none,none,none,none,-1,-1,gemini_rewrite,0,All right. Could you find any evidence concerning the scientific research that was conducted for the product?
130,Context,none,none,none,none,-1,-1,gemini_rewrite,0,"No, nothing about scientific research."
130,Response,none,none,none,none,-1,-1,gemini_rewrite,0,"Is there any concrete proof, for example percentages or survey results, that can verify the effectiveness of the product on a large scale?"
130,Context,none,none,none,none,-1,-1,gemini_rewrite,0,Only one vague testimonial.
130,Response,none,none,none,none,-1,-1,gemini_rewrite,0,The fact that one person tried it and was satisfied does not necessarily mean that you should try it and that it will work for you. This is a clear example of the “Bandwagon” logical fallacy that can appear in fake news. Were you aware of such a method?
130,Context,none,none,none,none,-1,-1,gemini_rewrite,0,"Yes, I was aware of the bandwagon fallacy."
130,Response,none,none,none,none,-1,-1,gemini_rewrite,0,"Were the article to contain more information to ensure its authenticity as well as information about the diet product, would it be considered credible?"
130,Context,none,none,none,none,-1,-1,gemini_rewrite,0,"Yes, it would be more credible."
130,Response,none,none,none,none,-1,-1,gemini_rewrite,0,"What do you think would be the implications for someone who reads this article, but does not seek to doubt and investigate it, like you did?"
130,Context,none,none,none,none,-1,-1,gemini_rewrite,0,They might waste their money and risk their health.
130,Response,none,none,none,none,-1,-1,gemini_rewrite,0,"How are you feeling about this article, after our discussion?"
130,Context,none,none,none,none,-1,-1,gemini_rewrite,0,I am very skeptical of it.
130,Response,none,none,none,none,-1,-1,gemini_rewrite,0,Would you be in a better position to identify an unverified source from now on?
130,Context,none,none,none,none,-1,-1,gemini_rewrite,0,"Yes, definitely."
130,Response,none,none,none,none,-1,-1,gemini_rewrite,0,Did you find our discussion helpful?
130,Context,none,none,none,none,-1,-1,gemini_rewrite,0,"Yes, it was very helpful."
130,Response,none,none,none,none,-1,-1,gemini_rewrite,0,What are you planning to do with this article now?
130,Context,none,none,none,none,-1,-1,gemini_rewrite,0,Discard it and look for more reliable sources.
130,Response,none,none,none,none,-1,-1,gemini_rewrite,0,Is there anything else you would like to discuss?
130,Context,none,none,none,none,-1,-1,gemini_rewrite,0,"No, that's all."
130,Response,none,none,none,none,-1,-1,gemini_rewrite,0,"Please, rate from 1-5 your experience with the Response. You can write any comments you believe will help me improve it. Thank you for using the  application. Have a good day!"
131,Context,none,none,none,none,-1,-1,gemini_rewrite,0,"Hello, I found the article “Transform Your Body with the Latest Breakthrough in Weight Loss – SkinnySecretsExposed.com” and I would like to discuss it further."
131,Response,none,none,none,none,-1,-1,gemini_rewrite,0,"Of course. I am here to discuss anything you want. First of all, what made you choose to read the article in the first place?"
131,Context,none,none,none,none,-1,-1,gemini_rewrite,0,I'm trying to lose weight.
131,Response,none,none,none,none,-1,-1,gemini_rewrite,0,What was it that aroused your curiosity with this article?
131,Context,none,none,none,none,-1,-1,gemini_rewrite,0,The promise of a breakthrough.
131,Response,none,none,none,none,-1,-1,gemini_rewrite,0,What is it that is troubling you with this article?
131,Context,none,none,none,none,-1,-1,gemini_rewrite,0,It seems too good to be true.
131,Response,none,none,none,none,-1,-1,gemini_rewrite,0,Could you please explain to me the purpose of this article?
131,Context,none,none,none,none,-1,-1,gemini_rewrite,0,"To sell a product, I guess."
131,Response,none,none,none,none,-1,-1,gemini_rewrite,0,Have you read about this diet product in another source before?
131,Context,none,none,none,none,-1,-1,gemini_rewrite,0,"No, this is the first time."
131,Response,none,none,none,none,-1,-1,gemini_rewrite,0,Do you think that there is sufficient information about the product?
131,Context,none,none,none,none,-1,-1,gemini_rewrite,0,Not really.
131,Response,none,none,none,none,-1,-1,gemini_rewrite,0,Why do you think the article does not include sufficient information?
131,Context,none,none,none,none,-1,-1,gemini_rewrite,0,It's vague and hyped.
131,Response,none,none,none,none,-1,-1,gemini_rewrite,0,In what way do you assume that it could influence their opinion?
131,Context,none,none,none,none,-1,-1,gemini_rewrite,0,It might mislead people.
131,Response,none,none,none,none,-1,-1,gemini_rewrite,0,Could you please elaborate on your opinion about this?
131,Context,none,none,none,none,-1,-1,gemini_rewrite,0,I think it's designed to manipulate.
131,Response,none,none,none,none,-1,-1,gemini_rewrite,0,Your view on this seems to the point. Has your view been influenced by something or someone?
131,Context,none,none,none,none,-1,-1,gemini_rewrite,0,Just past experiences.
131,Response,none,none,none,none,-1,-1,gemini_rewrite,0,Do you consider this article to be credible?
131,Context,none,none,none,none,-1,-1,gemini_rewrite,0,"No, not at all."
131,Response,none,none,none,none,-1,-1,gemini_rewrite,0,What would help you to ensure the credibility of this article?
131,Context,none,none,none,none,-1,-1,gemini_rewrite,0,Real scientific evidence.
131,Response,none,none,none,none,-1,-1,gemini_rewrite,0,It would be a good idea to search for relevant sources in the article to verify its authenticity.
131,Context,none,none,none,none,-1,-1,gemini_rewrite,0,There aren't any.
131,Response,none,none,none,none,-1,-1,gemini_rewrite,0,"You could check the information about the article, for example the date of publication, the author and the source (publisher/website)."
131,Context,none,none,none,none,-1,-1,gemini_rewrite,0,It's on some unknown website.
131,Response,none,none,none,none,-1,-1,gemini_rewrite,0,Have you ever read an article from this source?
131,Context,none,none,none,none,-1,-1,gemini_rewrite,0,Never.
131,Response,none,none,none,none,-1,-1,gemini_rewrite,0,Have you ever heard of this source before?
131,Context,none,none,none,none,-1,-1,gemini_rewrite,0,Nope.
131,Response,none,none,none,none,-1,-1,gemini_rewrite,0,You could also cross-reference the information you have from this article with other articles. Is there any information about the product that you can use to check other sources?
131,Context,none,none,none,none,-1,-1,gemini_rewrite,0,"Just the name ""SkinnySecretsExposed."""
131,Response,none,none,none,none,-1,-1,gemini_rewrite,0,Of course. Do you know the name or the manufacturer of this product?
131,Context,none,none,none,none,-1,-1,gemini_rewrite,0,No specific name is mentioned.
131,Response,none,none,none,none,-1,-1,gemini_rewrite,0,Does it mention how long someone has to use this product to have results or how exactly it helps in weight loss?
131,Context,none,none,none,none,-1,-1,gemini_rewrite,0,"It just says ""fast results."""
131,Response,none,none,none,none,-1,-1,gemini_rewrite,0,Does it mention what kind of natural ingredients are used to make this product?
131,Context,none,none,none,none,-1,-1,gemini_rewrite,0,"""Natural extracts,"" that's all."
131,Response,none,none,none,none,-1,-1,gemini_rewrite,0,"Does it, perhaps, mention the form of this product? Does it come in powder, pills or liquid form?"
131,Context,none,none,none,none,-1,-1,gemini_rewrite,0,I think it's liquid form.
131,Response,none,none,none,none,-1,-1,gemini_rewrite,0,"So you suppose that it is in liquid form, but you are not sure."
131,Context,none,none,none,none,-1,-1,gemini_rewrite,0,Not really.
131,Response,none,none,none,none,-1,-1,gemini_rewrite,0,"Okay. Is there any reference to the packaging of the product, where can someone find it or how much does it cost?"
131,Context,none,none,none,none,-1,-1,gemini_rewrite,0,Just that it's affordable.
131,Response,none,none,none,none,-1,-1,gemini_rewrite,0,What exactly is the price of this affordable product?
131,Context,none,none,none,none,-1,-1,gemini_rewrite,0,The price isn't mentioned.
131,Response,none,none,none,none,-1,-1,gemini_rewrite,0,Does it mention any other information concerning consumer safety?
131,Context,none,none,none,none,-1,-1,gemini_rewrite,0,No safety information is given.
131,Response,none,none,none,none,-1,-1,gemini_rewrite,0,Can you clarify if the product is certified for its safety?
131,Context,none,none,none,none,-1,-1,gemini_rewrite,0,No certification mentioned.
131,Response,none,none,none,none,-1,-1,gemini_rewrite,0,Why?
131,Context,none,none,none,none,-1,-1,gemini_rewrite,0,I don't know.
131,Response,none,none,none,none,-1,-1,gemini_rewrite,0,Okay. Does it mention clear instructions on how to use this product?
131,Context,none,none,none,none,-1,-1,gemini_rewrite,0,"It says, ""use daily."""
131,Response,none,none,none,none,-1,-1,gemini_rewrite,0,Is there any evidence about the product being scientifically verified?
131,Context,none,none,none,none,-1,-1,gemini_rewrite,0,No studies cited.
131,Response,none,none,none,none,-1,-1,gemini_rewrite,0,Could you please find any clues as to their field of expertise?
131,Context,none,none,none,none,-1,-1,gemini_rewrite,0,No expert names given.
131,Response,none,none,none,none,-1,-1,gemini_rewrite,0,All right. Could you find any evidence concerning the scientific research that was conducted for the product?
131,Context,none,none,none,none,-1,-1,gemini_rewrite,0,I see none at all.
131,Response,none,none,none,none,-1,-1,gemini_rewrite,0,"Is there any concrete proof, for example percentages or survey results, that can verify the effectiveness of the product on a large scale?"
131,Context,none,none,none,none,-1,-1,gemini_rewrite,0,Just one person saying it worked.
131,Response,none,none,none,none,-1,-1,gemini_rewrite,0,The fact that one person tried it and was satisfied does not necessarily mean that you should try it and that it will work for you. This is a clear example of the “Bandwagon” logical fallacy that can appear in fake news. Were you aware of such a method?
131,Context,none,none,none,none,-1,-1,gemini_rewrite,0,I guess so.
131,Response,none,none,none,none,-1,-1,gemini_rewrite,0,"Were the article to contain more information to ensure its authenticity as well as information about the diet product, would it be considered credible?"
131,Context,none,none,none,none,-1,-1,gemini_rewrite,0,Maybe it is credible?
131,Response,none,none,none,none,-1,-1,gemini_rewrite,0,"What do you think would be the implications for someone who reads this article, but does not seek to doubt and investigate it, like you did?"
131,Context,none,none,none,none,-1,-1,gemini_rewrite,0,They might get scammed.
131,Response,none,none,none,none,-1,-1,gemini_rewrite,0,"How are you feeling about this article, after our discussion?"
131,Context,none,none,none,none,-1,-1,gemini_rewrite,0,I don't know what to think anymore.
131,Response,none,none,none,none,-1,-1,gemini_rewrite,0,Would you be in a better position to identify an unverified source from now on?
131,Context,none,none,none,none,-1,-1,gemini_rewrite,0,I'm not so sure.
131,Response,none,none,none,none,-1,-1,gemini_rewrite,0,Did you find our discussion helpful?
131,Context,none,none,none,none,-1,-1,gemini_rewrite,0,I'm even more confused now.
131,Response,none,none,none,none,-1,-1,gemini_rewrite,0,What are you planning to do with this article now?
131,Context,none,none,none,none,-1,-1,gemini_rewrite,0,"Maybe it works, maybe not, I'll keep looking for information."
131,Response,none,none,none,none,-1,-1,gemini_rewrite,0,Is there anything else you would like to discuss?
131,Context,none,none,none,none,-1,-1,gemini_rewrite,-1,"No, I'm done."
131,Response,none,none,none,none,-1,-1,gemini_rewrite,0,"Please, rate from 1-5 your experience with the Response. You can write any comments you believe will help me improve it. Thank you for using the  application. Have a good day!"
132,Context,none,none,none,none,-1,-1,gemini_rewrite,0,Hello!
132,Response,none,none,none,none,-1,-1,gemini_rewrite,0,"Hello! Let me introduce myself, my name is TITAN, your AI Intelligent Coach against Disinformation. I see you have selected the article with title ""The Cholesterol Conspiracy: Are We Being Deceived by Big Pharma and the Food Industry? - LowCholesterolLies.com"". How may I be of assistance?"
132,Context,none,none,none,none,-1,-1,gemini_rewrite,0,I want to know if this article contains disinformation.
132,Response,none,none,none,none,-1,-1,gemini_rewrite,0,What prompted you to read this article?
132,Context,none,none,none,none,-1,-1,gemini_rewrite,0,I am concerned about the rising rates of heart disease and want to understand if common knowledge is correct.
132,Response,none,none,none,none,-1,-1,gemini_rewrite,0,Could you please inform me about the topic of the article?
132,Context,none,none,none,none,-1,-1,gemini_rewrite,0,It seems to be about whether cholesterol is a conspiracy by big pharma.
132,Response,none,none,none,none,-1,-1,gemini_rewrite,0,Are you well-acquainted with the topic of the article or is it something relatively new to you?
132,Context,none,none,none,none,-1,-1,gemini_rewrite,0,"I have some basic knowledge about cholesterol, but I'm no expert."
132,Response,none,none,none,none,-1,-1,gemini_rewrite,0,What would you say that the main claim of the article is? Does the author try to make a point?
132,Context,none,none,none,none,-1,-1,gemini_rewrite,0,The main claim is that cholesterol is not the enemy and that current medical advice is wrong.
132,Response,none,none,none,none,-1,-1,gemini_rewrite,0,What are your thoughts on this matter?
132,Context,none,none,none,none,-1,-1,gemini_rewrite,0,I'm skeptical of such a strong claim that goes against mainstream science.
132,Response,none,none,none,none,-1,-1,gemini_rewrite,0,What prompts you to have concerns regarding this article?
132,Context,none,none,none,none,-1,-1,gemini_rewrite,0,"The website name itself, ""LowCholesterolLies.com,"" seems biased."
132,Response,none,none,none,none,-1,-1,gemini_rewrite,0,Can you provide me with an example(s) from the text?
132,Context,none,none,none,none,-1,-1,gemini_rewrite,0,"The article uses loaded language like ""Big Pharma deception"" without providing strong evidence."
132,Response,none,none,none,none,-1,-1,gemini_rewrite,0,"What, in your opinion, is the objective of this article?"
132,Context,none,none,none,none,-1,-1,gemini_rewrite,0,I think the objective is to discredit mainstream medical advice and potentially sell alternative products or services.
132,Response,none,none,none,none,-1,-1,gemini_rewrite,0,Do you realize that texts and articles have the ability to intentionally trigger emotions and feelings?
132,Context,none,none,none,none,-1,-1,gemini_rewrite,0,"Yes, I am aware of that."
132,Response,none,none,none,none,-1,-1,gemini_rewrite,0,What emotions did this article evoke in you after you finished reading it?
132,Context,none,none,none,none,-1,-1,gemini_rewrite,0,It made me feel confused and suspicious.
132,Response,none,none,none,none,-1,-1,gemini_rewrite,0,What do you think triggered your feelings?
132,Context,none,none,none,none,-1,-1,gemini_rewrite,0,The conspiracy-like language and the undermining of established medical institutions.
132,Response,none,none,none,none,-1,-1,gemini_rewrite,0,Do you think that the article provides sufficient information?
132,Context,none,none,none,none,-1,-1,gemini_rewrite,0,"No, it lacks sufficient scientific backing."
132,Response,none,none,none,none,-1,-1,gemini_rewrite,0,Why do you believe the article provides insufficient information?
132,Context,none,none,none,none,-1,-1,gemini_rewrite,0,It mainly relies on anecdotal evidence and doesn't cite reputable scientific studies.
132,Response,none,none,none,none,-1,-1,gemini_rewrite,0,Could you please elaborate?
132,Context,none,none,none,none,-1,-1,gemini_rewrite,0,It makes broad claims about cholesterol without thoroughly explaining the scientific evidence for or against those claims.
132,Response,none,none,none,none,-1,-1,gemini_rewrite,0,Has your view been influenced by something or someone?
132,Context,none,none,none,none,-1,-1,gemini_rewrite,0,I'm trying to be objective and rely on my general knowledge about scientific consensus.
132,Response,none,none,none,none,-1,-1,gemini_rewrite,0,Do you consider this article to be credible?
132,Context,none,none,none,none,-1,-1,gemini_rewrite,0,"No, I do not consider it credible."
132,Response,none,none,none,none,-1,-1,gemini_rewrite,0,Can you envision any implications this text may have for a future reader?
132,Context,none,none,none,none,-1,-1,gemini_rewrite,0,"It could lead someone to disregard medical advice and make unhealthy choices, thinking they are being enlightened."
132,Response,none,none,none,none,-1,-1,gemini_rewrite,0,"Based on your own personal experience with the topic (if any), do you think the assumptions or claims presented in the article are consistent?"
132,Context,none,none,none,none,-1,-1,gemini_rewrite,0,"No, based on my limited knowledge and general trust in established medical science, the claims feel inconsistent."
132,Response,none,none,none,none,-1,-1,gemini_rewrite,0,TITAN Socratic AI Coach Stopped!
133,Context,none,none,none,none,-1,-1,gemini_rewrite,0,Hello!
133,Response,none,none,none,none,-1,-1,gemini_rewrite,0,"Hello! Let me introduce myself, my name is TITAN, your AI Intelligent Coach against Disinformation. I see you have selected the article with title ""The Cholesterol Conspiracy: Are We Being Deceived by Big Pharma and the Food Industry? - LowCholesterolLies.com"". How may I be of assistance?"
133,Context,none,none,none,none,-1,-1,gemini_rewrite,0,I want to know if this article is trustworthy.
133,Response,none,none,none,none,-1,-1,gemini_rewrite,0,What prompted you to read this article?
133,Context,none,none,none,none,-1,-1,gemini_rewrite,0,I am worried about my cholesterol levels.
133,Response,none,none,none,none,-1,-1,gemini_rewrite,0,Could you please inform me about the topic of the article?
133,Context,none,none,none,none,-1,-1,gemini_rewrite,0,It's about whether cholesterol guidelines are a conspiracy.
133,Response,none,none,none,none,-1,-1,gemini_rewrite,0,Are you well-acquainted with the topic of the article or is it something relatively new to you?
133,Context,none,none,none,none,-1,-1,gemini_rewrite,0,I don't know much about it.
133,Response,none,none,none,none,-1,-1,gemini_rewrite,0,What would you say that the main claim of the article is? Does the author try to make a point?
133,Context,none,none,none,none,-1,-1,gemini_rewrite,0,That cholesterol is not bad for you.
133,Response,none,none,none,none,-1,-1,gemini_rewrite,0,What are your thoughts on this matter?
133,Context,none,none,none,none,-1,-1,gemini_rewrite,0,I'm not sure what to believe anymore.
133,Response,none,none,none,none,-1,-1,gemini_rewrite,0,What prompts you to have concerns regarding this article?
133,Context,none,none,none,none,-1,-1,gemini_rewrite,0,It sounds too good to be true.
133,Response,none,none,none,none,-1,-1,gemini_rewrite,0,Can you provide me with an example(s) from the text?
133,Context,none,none,none,none,-1,-1,gemini_rewrite,0,It says that saturated fat is healthy.
133,Response,none,none,none,none,-1,-1,gemini_rewrite,0,"What, in your opinion, is the objective of this article?"
133,Context,none,none,none,none,-1,-1,gemini_rewrite,0,To convince people to ignore doctors' advice.
133,Response,none,none,none,none,-1,-1,gemini_rewrite,0,Do you realize that texts and articles have the ability to intentionally trigger emotions and feelings?
133,Context,none,none,none,none,-1,-1,gemini_rewrite,0,"Yes, I do."
133,Response,none,none,none,none,-1,-1,gemini_rewrite,0,What emotions did this article evoke in you after you finished reading it?
133,Context,none,none,none,none,-1,-1,gemini_rewrite,0,Confusion and a little bit of hope.
133,Response,none,none,none,none,-1,-1,gemini_rewrite,0,What do you think triggered your feelings?
133,Context,none,none,none,none,-1,-1,gemini_rewrite,0,The idea that I could eat whatever I want.
133,Response,none,none,none,none,-1,-1,gemini_rewrite,0,Do you think that the article provides sufficient information?
133,Context,none,none,none,none,-1,-1,gemini_rewrite,0,I don't think so.
133,Response,none,none,none,none,-1,-1,gemini_rewrite,0,Why do you believe the article provides insufficient information?
133,Context,none,none,none,none,-1,-1,gemini_rewrite,0,It doesn't cite many reliable sources.
133,Response,none,none,none,none,-1,-1,gemini_rewrite,0,Could you please elaborate?
133,Context,none,none,none,none,-1,-1,gemini_rewrite,0,The sources are mostly blogs.
133,Response,none,none,none,none,-1,-1,gemini_rewrite,0,Has your view been influenced by something or someone?
133,Context,none,none,none,none,-1,-1,gemini_rewrite,0,Maybe my desire to eat unhealthy food.
133,Response,none,none,none,none,-1,-1,gemini_rewrite,0,Do you consider this article to be credible?
133,Context,none,none,none,none,-1,-1,gemini_rewrite,0,I honestly don't know anymore.
133,Response,none,none,none,none,-1,-1,gemini_rewrite,0,Can you envision any implications this text may have for a future reader?
133,Context,none,none,none,none,-1,-1,gemini_rewrite,0,People might stop taking their medication.
133,Response,none,none,none,none,-1,-1,gemini_rewrite,0,"Based on your own personal experience with the topic (if any), do you think the assumptions or claims presented in the article are consistent?"
133,Context,none,none,none,none,-1,-1,gemini_rewrite,-1,I am completely lost now.
133,Response,none,none,none,none,-1,-1,gemini_rewrite,0,TITAN Socratic AI Coach Stopped!
134,Context,none,none,none,none,-1,-1,gemini_rewrite,0,Hello!
134,Response,none,none,none,none,-1,-1,gemini_rewrite,0,"You've selected the article: “Rapes, brawls, ""cultural"" crimes: the criminal immigration that scares Italy”"
134,Context,none,none,none,none,-1,-1,gemini_rewrite,0,Okay.
134,Response,none,none,none,none,-1,-1,gemini_rewrite,0,What is the main issue in the article? 
134,Context,none,none,none,none,-1,-1,gemini_rewrite,0,Criminal immigration in Italy.
134,Response,none,none,none,none,-1,-1,gemini_rewrite,0,What caught your attention about this article?
134,Context,none,none,none,none,-1,-1,gemini_rewrite,0,The sensationalist title.
134,Response,none,none,none,none,-1,-1,gemini_rewrite,0,That’s correct. Would you like to learn more about the nature of emotive language? 
134,Context,none,none,none,none,-1,-1,gemini_rewrite,0,"Yes, please."
134,Response,none,none,none,none,-1,-1,gemini_rewrite,0,"Emotive language aims to elicit an emotional reaction from the audience, whether it be readers or listeners."
134,Context,none,none,none,none,-1,-1,gemini_rewrite,0,I see.
134,Response,none,none,none,none,-1,-1,gemini_rewrite,0,Emotive language involves the use of words and phrases intended to evoke strong emotions with the purpose of influencing or attracting attention.
134,Context,none,none,none,none,-1,-1,gemini_rewrite,0,Understood.
134,Response,none,none,none,none,-1,-1,gemini_rewrite,0,"Consider the use of adjectives or adverbs like ""angrily"" or ""proudly,"" as well as words that create a sense of shared identity or unity, such as ""we"" and ""us""."
134,Context,none,none,none,none,-1,-1,gemini_rewrite,0,Thanks for the examples.
134,Response,none,none,none,none,-1,-1,gemini_rewrite,0,Can you identify a similar practice in the article? 
134,Context,none,none,none,none,-1,-1,gemini_rewrite,0,"Yes, the words ""rapes,"" ""brawls,"" and ""scares""."
134,Response,none,none,none,none,-1,-1,gemini_rewrite,0,What led you to that decision?
134,Context,none,none,none,none,-1,-1,gemini_rewrite,0,They evoke fear and anger.
134,Response,none,none,none,none,-1,-1,gemini_rewrite,0,Can you provide example of words or phrases that supports what you are saying? 
134,Context,none,none,none,none,-1,-1,gemini_rewrite,0,"The phrase ""criminal immigration""."
134,Response,none,none,none,none,-1,-1,gemini_rewrite,0,What led you to this idea? 
134,Context,none,none,none,none,-1,-1,gemini_rewrite,0,It links immigration with crime.
134,Response,none,none,none,none,-1,-1,gemini_rewrite,0,Correct! Why do you think emotive language has been used in this article? 
134,Context,none,none,none,none,-1,-1,gemini_rewrite,0,To create fear.
134,Response,none,none,none,none,-1,-1,gemini_rewrite,0,But what about the aim to draw attention? 
134,Context,none,none,none,none,-1,-1,gemini_rewrite,0,It's designed to grab the reader's attention.
134,Response,none,none,none,none,-1,-1,gemini_rewrite,0,"So, do you think that paragraph uses emotive language to persuade and draw the attention of the reader?"
134,Context,none,none,none,none,-1,-1,gemini_rewrite,0,"Yes, I do."
134,Response,none,none,none,none,-1,-1,gemini_rewrite,0,Brilliant! Are there alternative viewpoints?
134,Context,none,none,none,none,-1,-1,gemini_rewrite,0,"Yes, immigration is a complex issue."
134,Response,none,none,none,none,-1,-1,gemini_rewrite,0,Can you find in the article any evidence provided? 
134,Context,none,none,none,none,-1,-1,gemini_rewrite,0,It mentions data and a councillor.
134,Response,none,none,none,none,-1,-1,gemini_rewrite,0,Can you validate this evidence? 
134,Context,none,none,none,none,-1,-1,gemini_rewrite,0,I don't know if I can validate it.
134,Response,none,none,none,none,-1,-1,gemini_rewrite,0,But have you cross-checked the reported data? 
134,Context,none,none,none,none,-1,-1,gemini_rewrite,0,"No, I haven't."
134,Response,none,none,none,none,-1,-1,gemini_rewrite,0,Are there any citations that justify the reliability of the provided data? 
134,Context,none,none,none,none,-1,-1,gemini_rewrite,0,I don't see any.
134,Response,none,none,none,none,-1,-1,gemini_rewrite,0,Have you verified that the information provided about councillor De Corato is accurate?
134,Context,none,none,none,none,-1,-1,gemini_rewrite,0,"No, I haven't verified it."
134,Response,none,none,none,none,-1,-1,gemini_rewrite,0,Is it possible to have an Appeal to Authority fallacy? 
134,Context,none,none,none,none,-1,-1,gemini_rewrite,0,"Yes, it is possible."
134,Response,none,none,none,none,-1,-1,gemini_rewrite,0,"So, no evidence is provided for his claims, and the cited data cannot be cross-checked."
134,Context,none,none,none,none,-1,-1,gemini_rewrite,0,This is problematic.
134,Response,none,none,none,none,-1,-1,gemini_rewrite,0,"So, we can’t be sure about the reliability of the source and the claims provided."
134,Context,none,none,none,none,-1,-1,gemini_rewrite,0,Exactly.
134,Response,none,none,none,none,-1,-1,gemini_rewrite,0,Are there any consequences of accepting the claims of paragraph?
134,Context,none,none,none,none,-1,-1,gemini_rewrite,0,"Yes, it could lead to prejudice."
134,Response,none,none,none,none,-1,-1,gemini_rewrite,0,"Yes, but don't you think that paragraph might create an additional anxiety among the readers and promote prejudice against immigrants?"
134,Context,none,none,none,none,-1,-1,gemini_rewrite,0,"Yes, it probably does."
134,Response,none,none,none,none,-1,-1,gemini_rewrite,0,Is there also the possibility of downplaying the complex situation about immigration in Italy and delay a humanitarian and reasonable solution on this serious issue? 
134,Context,none,none,none,none,-1,-1,gemini_rewrite,0,That's a valid point.
134,Response,none,none,none,none,-1,-1,gemini_rewrite,0,Would you like to learn more about the implications and consequences of disinformation? 
134,Context,none,none,none,none,-1,-1,gemini_rewrite,0,Not right now.
134,Response,none,none,none,none,-1,-1,gemini_rewrite,0,Was it appropriate to evaluate the article for Emotive Language?
134,Context,none,none,none,none,-1,-1,gemini_rewrite,0,"Yes, it was."
134,Response,none,none,none,none,-1,-1,gemini_rewrite,0,"Do you agree that paragraph, which uses emotive language and makes references to authorities without providing reliable sources, may potentially create prejudice against immigrants?"
134,Context,none,none,none,none,-1,-1,gemini_rewrite,0,"Yes, I agree."
134,Response,none,none,none,none,-1,-1,gemini_rewrite,0,"Do you also think that oversimplifies the complex issue of immigration in Italy, potentially delaying progress towards a humanitarian and reasonable solution?"
134,Context,none,none,none,none,-1,-1,gemini_rewrite,0,"Yes, it seems likely."
134,Response,none,none,none,none,-1,-1,gemini_rewrite,0,"So, considering the Emotive Language of the text, as well as the question of the reliability of data, paragraph should be treated with caution and skepticism."
134,Context,none,none,none,none,-1,-1,gemini_rewrite,0,I understand.
134,Response,none,none,none,none,-1,-1,gemini_rewrite,0,Do you think that the article is subject to doubt? 
134,Context,none,none,none,none,-1,-1,gemini_rewrite,0,"Yes, definitely."
134,Response,none,none,none,none,-1,-1,gemini_rewrite,0,What would be a recommended course of action?
134,Context,none,none,none,none,-1,-1,gemini_rewrite,0,Seek out alternative perspectives.
134,Response,none,none,none,none,-1,-1,gemini_rewrite,0,That’s a good suggestion. Would you recommend any additional evaluation of the article? 
134,Context,none,none,none,none,-1,-1,gemini_rewrite,0,"Yes, verify the claims."
134,Response,none,none,none,none,-1,-1,gemini_rewrite,0,Would you like further assistance?
134,Context,none,none,none,none,-1,-1,gemini_rewrite,0,"No, thank you."
134,Response,none,none,none,none,-1,-1,gemini_rewrite,0,Thank you for using TITAN! 
135,Context,none,none,none,none,-1,-1,gemini_rewrite,0,Hello!
135,Response,none,none,none,none,-1,-1,gemini_rewrite,0,"You've selected the article: “Rapes, brawls, ""cultural"" crimes: the criminal immigration that scares Italy”"
135,Context,none,none,none,none,-1,-1,gemini_rewrite,0,Okay.
135,Response,none,none,none,none,-1,-1,gemini_rewrite,0,What is the main issue in the article? 
135,Context,none,none,none,none,-1,-1,gemini_rewrite,0,Immigration and crime.
135,Response,none,none,none,none,-1,-1,gemini_rewrite,0,What caught your attention about this article?
135,Context,none,none,none,none,-1,-1,gemini_rewrite,0,The sensationalist title.
135,Response,none,none,none,none,-1,-1,gemini_rewrite,0,That’s correct. Would you like to learn more about the nature of emotive language? 
135,Context,none,none,none,none,-1,-1,gemini_rewrite,0,"Yes, please."
135,Response,none,none,none,none,-1,-1,gemini_rewrite,0,"Emotive language aims to elicit an emotional reaction from the audience, whether it be readers or listeners."
135,Context,none,none,none,none,-1,-1,gemini_rewrite,0,I understand.
135,Response,none,none,none,none,-1,-1,gemini_rewrite,0,Emotive language involves the use of words and phrases intended to evoke strong emotions with the purpose of influencing or attracting attention.
135,Context,none,none,none,none,-1,-1,gemini_rewrite,0,Give me an example.
135,Response,none,none,none,none,-1,-1,gemini_rewrite,0,"Consider the use of adjectives or adverbs like ""angrily"" or ""proudly,"" as well as words that create a sense of shared identity or unity, such as ""we"" and ""us""."
135,Context,none,none,none,none,-1,-1,gemini_rewrite,0,Got it.
135,Response,none,none,none,none,-1,-1,gemini_rewrite,0,Can you identify a similar practice in the article? 
135,Context,none,none,none,none,-1,-1,gemini_rewrite,0,"Yes, the words ""scares Italy""."
135,Response,none,none,none,none,-1,-1,gemini_rewrite,0,What led you to that decision?
135,Context,none,none,none,none,-1,-1,gemini_rewrite,0,It evokes fear and anxiety.
135,Response,none,none,none,none,-1,-1,gemini_rewrite,0,Can you provide example of words or phrases that supports what you are saying? 
135,Context,none,none,none,none,-1,-1,gemini_rewrite,0,"The words ""rapes"" and ""brawls""."
135,Response,none,none,none,none,-1,-1,gemini_rewrite,0,What led you to this idea? 
135,Context,none,none,none,none,-1,-1,gemini_rewrite,0,They are violent crimes.
135,Response,none,none,none,none,-1,-1,gemini_rewrite,0,Correct! Why do you think emotive language has been used in this article? 
135,Context,none,none,none,none,-1,-1,gemini_rewrite,0,To make it more impactful.
135,Response,none,none,none,none,-1,-1,gemini_rewrite,0,But what about the aim to draw attention? 
135,Context,none,none,none,none,-1,-1,gemini_rewrite,0,To get more readers.
135,Response,none,none,none,none,-1,-1,gemini_rewrite,0,"So, do you think that paragraph uses emotive language to persuade and draw the attention of the reader?"
135,Context,none,none,none,none,-1,-1,gemini_rewrite,0,Perhaps.
135,Response,none,none,none,none,-1,-1,gemini_rewrite,0,Brilliant! Are there alternative viewpoints?
135,Context,none,none,none,none,-1,-1,gemini_rewrite,0,I don't know.
135,Response,none,none,none,none,-1,-1,gemini_rewrite,0,Can you find in the article any evidence provided? 
135,Context,none,none,none,none,-1,-1,gemini_rewrite,0,The councillor's statement.
135,Response,none,none,none,none,-1,-1,gemini_rewrite,0,Can you validate this evidence? 
135,Context,none,none,none,none,-1,-1,gemini_rewrite,0,I'm not sure how.
135,Response,none,none,none,none,-1,-1,gemini_rewrite,0,But have you cross-checked the reported data? 
135,Context,none,none,none,none,-1,-1,gemini_rewrite,0,"No, I haven't."
135,Response,none,none,none,none,-1,-1,gemini_rewrite,0,Are there any citations that justify the reliability of the provided data? 
135,Context,none,none,none,none,-1,-1,gemini_rewrite,0,I didn't see any.
135,Response,none,none,none,none,-1,-1,gemini_rewrite,0,Have you verified that the information provided about councillor De Corato is accurate?
135,Context,none,none,none,none,-1,-1,gemini_rewrite,0,I'm not sure.
135,Response,none,none,none,none,-1,-1,gemini_rewrite,0,Is it possible to have an Appeal to Authority fallacy? 
135,Context,none,none,none,none,-1,-1,gemini_rewrite,0,I don't know what that is.
135,Response,none,none,none,none,-1,-1,gemini_rewrite,0,"So, no evidence is provided for his claims, and the cited data cannot be cross-checked."
135,Context,none,none,none,none,-1,-1,gemini_rewrite,0,Okay.
135,Response,none,none,none,none,-1,-1,gemini_rewrite,0,"So, we can’t be sure about the reliability of the source and the claims provided."
135,Context,none,none,none,none,-1,-1,gemini_rewrite,0,Right.
135,Response,none,none,none,none,-1,-1,gemini_rewrite,0,Are there any consequences of accepting the claims of paragraph?
135,Context,none,none,none,none,-1,-1,gemini_rewrite,0,I don't know.
135,Response,none,none,none,none,-1,-1,gemini_rewrite,0,"Yes, but don't you think that paragraph might create an additional anxiety among the readers and promote prejudice against immigrants?"
135,Context,none,none,none,none,-1,-1,gemini_rewrite,0,Maybe.
135,Response,none,none,none,none,-1,-1,gemini_rewrite,0,Is there also the possibility of downplaying the complex situation about immigration in Italy and delay a humanitarian and reasonable solution on this serious issue? 
135,Context,none,none,none,none,-1,-1,gemini_rewrite,0,I'm not sure.
135,Response,none,none,none,none,-1,-1,gemini_rewrite,0,Would you like to learn more about the implications and consequences of disinformation? 
135,Context,none,none,none,none,-1,-1,gemini_rewrite,0,Not really.
135,Response,none,none,none,none,-1,-1,gemini_rewrite,0,Was it appropriate to evaluate the article for Emotive Language?
135,Context,none,none,none,none,-1,-1,gemini_rewrite,0,I guess so.
135,Response,none,none,none,none,-1,-1,gemini_rewrite,0,"Do you agree that paragraph, which uses emotive language and makes references to authorities without providing reliable sources, may potentially create prejudice against immigrants?"
135,Context,none,none,none,none,-1,-1,gemini_rewrite,0,"Maybe, or maybe not."
135,Response,none,none,none,none,-1,-1,gemini_rewrite,0,"Do you also think that oversimplifies the complex issue of immigration in Italy, potentially delaying progress towards a humanitarian and reasonable solution?"
135,Context,none,none,none,none,-1,-1,gemini_rewrite,0,I have no idea.
135,Response,none,none,none,none,-1,-1,gemini_rewrite,0,"So, considering the Emotive Language of the text, as well as the question of the reliability of data, paragraph should be treated with caution and skepticism."
135,Context,none,none,none,none,-1,-1,gemini_rewrite,0,I don't understand.
135,Response,none,none,none,none,-1,-1,gemini_rewrite,0,Do you think that the article is subject to doubt? 
135,Context,none,none,none,none,-1,-1,gemini_rewrite,0,I don't know what to think.
135,Response,none,none,none,none,-1,-1,gemini_rewrite,0,What would be a recommended course of action?
135,Context,none,none,none,none,-1,-1,gemini_rewrite,0,I'm confused.
135,Response,none,none,none,none,-1,-1,gemini_rewrite,0,That’s a good suggestion. Would you recommend any additional evaluation of the article? 
135,Context,none,none,none,none,-1,-1,gemini_rewrite,0,I don't know. 
135,Response,none,none,none,none,-1,-1,gemini_rewrite,0,Would you like further assistance?
135,Context,none,none,none,none,-1,-1,gemini_rewrite,-1,"No, thank you. "
135,Response,none,none,none,none,-1,-1,gemini_rewrite,0,Thank you for using TITAN! 
136,Context,none,none,none,none,-1,-1,gemini_rewrite,0,Hello!
136,Response,none,none,none,none,-1,-1,gemini_rewrite,0,"Hello! Let me introduce myself, my name is TITAN, your AI Intelligent Coach against Disinformation. I see you have selected the article with title ""Don't look now but the LED light fixtures are spying on you"". How can I help you?"
136,Context,none,none,none,none,-1,-1,gemini_rewrite,0,I want to find out if this article contains disinformation.
136,Response,none,none,none,none,-1,-1,gemini_rewrite,0,Very Well! Do you want to evaluate the source and content of the article with me?
136,Context,none,none,none,none,-1,-1,gemini_rewrite,0,"Yes, let's evaluate it."
136,Response,none,none,none,none,-1,-1,gemini_rewrite,0,"That's really interesting! Have you tried checking ""WHO"" is behind this post? Evaluating the author and the source helps us assess their reliability and potential biases. Is the author a real person, whose name is clearly stated?"
136,Context,none,none,none,none,-1,-1,gemini_rewrite,0,I will check it out.
136,Response,none,none,none,none,-1,-1,gemini_rewrite,0,Is he/she a recognized expert on the subject with a relevant professional or academic background? We need to know if the author has the qualifications or expertise to speak on the topic.
136,Context,none,none,none,none,-1,-1,gemini_rewrite,0,"No, the author doesn't seem to be an expert."
136,Response,none,none,none,none,-1,-1,gemini_rewrite,0,"Can you tell me what the ""ABOUT US"" section reveals about our source? Reputable news outlets provide information about their mission, editorial policies, policy statements and email contacts."
136,Context,none,none,none,none,-1,-1,gemini_rewrite,0,"The ""About Us"" section is very vague."
136,Response,none,none,none,none,-1,-1,gemini_rewrite,0,"Most reputable websites list their editorial team. Does this website list its editorial team, including journalists and editors?"
136,Context,none,none,none,none,-1,-1,gemini_rewrite,0,"No, there's no editorial team listed."
136,Response,none,none,none,none,-1,-1,gemini_rewrite,0,Is timeliness important for your topic? Current information is often more reliable.
136,Context,none,none,none,none,-1,-1,gemini_rewrite,0,"Yes, timeliness is important."
136,Response,none,none,none,none,-1,-1,gemini_rewrite,0,Is the content of the article current or just recycled material?
136,Context,none,none,none,none,-1,-1,gemini_rewrite,0,The article is quite old.
136,Response,none,none,none,none,-1,-1,gemini_rewrite,0,Has its content and hyperlinks ever been updated/revised (since then)?
136,Context,none,none,none,none,-1,-1,gemini_rewrite,0,"No, it hasn't been updated."
136,Response,none,none,none,none,-1,-1,gemini_rewrite,0,"Has this news website been recognized by other reputable organizations? For example, has it received awards for good journalism?"
136,Context,none,none,none,none,-1,-1,gemini_rewrite,0,I don't see any awards or recognition.
136,Response,none,none,none,none,-1,-1,gemini_rewrite,0,Have you tried verifying the reputation of your source by cross-referencing it with different sources?
136,Context,none,none,none,none,-1,-1,gemini_rewrite,0,Other sources don't corroborate the claims.
136,Response,none,none,none,none,-1,-1,gemini_rewrite,0,"You did a great job, well done! Based on this quick check, it appears that the author is not an expert, he/she does not state his/her real name, and the article (content) is not recent. Can you tell me if you find the source/author trustworthy?"
136,Context,none,none,none,none,-1,-1,gemini_rewrite,0,"No, I don't find the source trustworthy."
136,Response,none,none,none,none,-1,-1,gemini_rewrite,0,"Another important question is ""WHAT"" the content and purpose of the article is. Disinformation articles often push one viewpoint, have an emotional tone, or make conspiracy claims. Do you recognize any of these signs in the title or content?"
136,Context,none,none,none,none,-1,-1,gemini_rewrite,0,"Yes, it makes some conspiracy claims."
136,Response,none,none,none,none,-1,-1,gemini_rewrite,0,Conspiracies usually refer to a secret plot. Can you tell me what this alleged plot is about?
136,Context,none,none,none,none,-1,-1,gemini_rewrite,0,The plot is about LED lights being used for spying.
136,Response,none,none,none,none,-1,-1,gemini_rewrite,0,"Very good, you are doing great! Does this group have a nefarious intent?"
136,Context,none,none,none,none,-1,-1,gemini_rewrite,0,They imply the intent is malicious surveillance.
136,Response,none,none,none,none,-1,-1,gemini_rewrite,0,Does the author divide the world between good (us) and bad (them) people?
136,Context,none,none,none,none,-1,-1,gemini_rewrite,0,"Yes, the author divides the people as those who use LED and those who are spied."
136,Response,none,none,none,none,-1,-1,gemini_rewrite,0,"Keep in mind that evaluating conspiracy claims can be very challenging. This is because those who make such claims often identify a group of conspirators and then present probable cause as the truth, which only feeds suspicion. Additionally, the absence of evidence is often seen as further proof of the conspiracy, making it even harder to evaluate the claims. Does the author provide any evidence to support his/her claims?"
136,Context,none,none,none,none,-1,-1,gemini_rewrite,0,The evidence is circumstantial at best.
136,Response,none,none,none,none,-1,-1,gemini_rewrite,0,Would you say that this evidence supports the theory and adds to your suspicion?
136,Context,none,none,none,none,-1,-1,gemini_rewrite,0,"Not really, it is very weak."
136,Response,none,none,none,none,-1,-1,gemini_rewrite,0,Does the author suggest that everything is interconnected and that nothing is a coincidence?
136,Context,none,none,none,none,-1,-1,gemini_rewrite,0,The author does imply connections that seem far-fetched.
136,Response,none,none,none,none,-1,-1,gemini_rewrite,0,"Articles often appeal to emotion to influence readers. Does this article attempt to provoke doubt, fear, or anger in you?"
136,Context,none,none,none,none,-1,-1,gemini_rewrite,0,"Yes, the article tries to provoke fear."
136,Response,none,none,none,none,-1,-1,gemini_rewrite,0,"You did a great job identifying signs of conspiratorial thinking! What do you think is the author's goal? For example, does he/she seek to inform, entertain, convince, or sell)?"
136,Context,none,none,none,none,-1,-1,gemini_rewrite,0,The author is probably trying to convince people of a conspiracy.
136,Response,none,none,none,none,-1,-1,gemini_rewrite,0,Looking up alternative sources on a topic can be helpful. Have you considered checking other recent reputable sources with differing viewpoints?
136,Context,none,none,none,none,-1,-1,gemini_rewrite,0,I looked at other sources and they contradict it.
136,Response,none,none,none,none,-1,-1,gemini_rewrite,0,"Apart from identifying common tactics of disinformation, we must also be aware of our own biases, emotions, false beliefs, and stereotypes in order to resist the influence of such disinformation. Would you like to continue discussing and examining this particular article?"
136,Context,none,none,none,none,-1,-1,gemini_rewrite,0,"No, I think I have enough information."
136,Response,none,none,none,none,-1,-1,gemini_rewrite,0,You did a great job!I look forward to talking with you again!
137,Context,none,none,none,none,-1,-1,gemini_rewrite,0,Hello!
137,Response,none,none,none,none,-1,-1,gemini_rewrite,0,"Hello! Let me introduce myself, my name is TITAN, your AI Intelligent Coach against Disinformation. I see you have selected the article with title ""Don't look now but the LED light fixtures are spying on you"". How can I help you?"
137,Context,none,none,none,none,-1,-1,gemini_rewrite,0,I want to evaluate this article.
137,Response,none,none,none,none,-1,-1,gemini_rewrite,0,Very Well! Do you want to evaluate the source and content of the article with me?
137,Context,none,none,none,none,-1,-1,gemini_rewrite,0,"Yes, let's do it."
137,Response,none,none,none,none,-1,-1,gemini_rewrite,0,"That's really interesting! Have you tried checking ""WHO"" is behind this post? Evaluating the author and the source helps us assess their reliability and potential biases. Is the author a real person, whose name is clearly stated?"
137,Context,none,none,none,none,-1,-1,gemini_rewrite,0,The author's name is given.
137,Response,none,none,none,none,-1,-1,gemini_rewrite,0,Is he/she a recognized expert on the subject with a relevant professional or academic background? We need to know if the author has the qualifications or expertise to speak on the topic.
137,Context,none,none,none,none,-1,-1,gemini_rewrite,0,I don't think so.
137,Response,none,none,none,none,-1,-1,gemini_rewrite,0,"Can you tell me what the ""ABOUT US"" section reveals about our source? Reputable news outlets provide information about their mission, editorial policies, policy statements and email contacts."
137,Context,none,none,none,none,-1,-1,gemini_rewrite,0,"The ""About Us"" section is vague."
137,Response,none,none,none,none,-1,-1,gemini_rewrite,0,"Most reputable websites list their editorial team. Does this website list its editorial team, including journalists and editors?"
137,Context,none,none,none,none,-1,-1,gemini_rewrite,0,"No, there's no editorial team listed."
137,Response,none,none,none,none,-1,-1,gemini_rewrite,0,Is timeliness important for your topic? Current information is often more reliable.
137,Context,none,none,none,none,-1,-1,gemini_rewrite,0,"Yes, it's important."
137,Response,none,none,none,none,-1,-1,gemini_rewrite,0,Is the content of the article current or just recycled material?
137,Context,none,none,none,none,-1,-1,gemini_rewrite,0,It seems to be a bit old.
137,Response,none,none,none,none,-1,-1,gemini_rewrite,0,Has its content and hyperlinks ever been updated/revised (since then)?
137,Context,none,none,none,none,-1,-1,gemini_rewrite,0,I don't see any updates.
137,Response,none,none,none,none,-1,-1,gemini_rewrite,0,"Has this news website been recognized by other reputable organizations? For example, has it received awards for good journalism?"
137,Context,none,none,none,none,-1,-1,gemini_rewrite,0,I haven't found any awards.
137,Response,none,none,none,none,-1,-1,gemini_rewrite,0,Have you tried verifying the reputation of your source by cross-referencing it with different sources?
137,Context,none,none,none,none,-1,-1,gemini_rewrite,0,I'll look for other sources now.
137,Response,none,none,none,none,-1,-1,gemini_rewrite,0,"You did a great job, well done! Based on this quick check, it appears that the author is not an expert, he/she does not state his/her real name, and the article (content) is not recent. Can you tell me if you find the source/author trustworthy?"
137,Context,none,none,none,none,-1,-1,gemini_rewrite,0,I'm not sure if I trust it.
137,Response,none,none,none,none,-1,-1,gemini_rewrite,0,"Another important question is ""WHAT"" the content and purpose of the article is. Disinformation articles often push one viewpoint, have an emotional tone, or make conspiracy claims. Do you recognize any of these signs in the title or content?"
137,Context,none,none,none,none,-1,-1,gemini_rewrite,0,It does sound a bit like a conspiracy theory.
137,Response,none,none,none,none,-1,-1,gemini_rewrite,0,Conspiracies usually refer to a secret plot. Can you tell me what this alleged plot is about?
137,Context,none,none,none,none,-1,-1,gemini_rewrite,0,It's about LED lights being used for spying.
137,Response,none,none,none,none,-1,-1,gemini_rewrite,0,"Very good, you are doing great! Does this group have a nefarious intent?"
137,Context,none,none,none,none,-1,-1,gemini_rewrite,0,They say it's for surveillance and control.
137,Response,none,none,none,none,-1,-1,gemini_rewrite,0,Does the author divide the world between good (us) and bad (them) people?
137,Context,none,none,none,none,-1,-1,gemini_rewrite,0,"Yes, the author is doing that."
137,Response,none,none,none,none,-1,-1,gemini_rewrite,0,"Keep in mind that evaluating conspiracy claims can be very challenging. This is because those who make such claims often identify a group of conspirators and then present probable cause as the truth, which only feeds suspicion. Additionally, the absence of evidence is often seen as further proof of the conspiracy, making it even harder to evaluate the claims. Does the author provide any evidence to support his/her claims?"
137,Context,none,none,none,none,-1,-1,gemini_rewrite,0,"There is some technical jargon, but I don't understand it."
137,Response,none,none,none,none,-1,-1,gemini_rewrite,0,Would you say that this evidence supports the theory and adds to your suspicion?
137,Context,none,none,none,none,-1,-1,gemini_rewrite,0,I guess it adds to my suspicion.
137,Response,none,none,none,none,-1,-1,gemini_rewrite,0,Does the author suggest that everything is interconnected and that nothing is a coincidence?
137,Context,none,none,none,none,-1,-1,gemini_rewrite,0,"Yes, a lot of connections are being made."
137,Response,none,none,none,none,-1,-1,gemini_rewrite,0,"Articles often appeal to emotion to influence readers. Does this article attempt to provoke doubt, fear, or anger in you?"
137,Context,none,none,none,none,-1,-1,gemini_rewrite,0,It's definitely trying to make me afraid.
137,Response,none,none,none,none,-1,-1,gemini_rewrite,0,"You did a great job identifying signs of conspiratorial thinking! What do you think is the author's goal? For example, does he/she seek to inform, entertain, convince, or sell)?"
137,Context,none,none,none,none,-1,-1,gemini_rewrite,0,Maybe the author is trying to convince me that I am being spied on.
137,Response,none,none,none,none,-1,-1,gemini_rewrite,0,Looking up alternative sources on a topic can be helpful. Have you considered checking other recent reputable sources with differing viewpoints?
137,Context,none,none,none,none,-1,-1,gemini_rewrite,0,The other sources also have conflicting information.
137,Response,none,none,none,none,-1,-1,gemini_rewrite,0,"Apart from identifying common tactics of disinformation, we must also be aware of our own biases, emotions, false beliefs, and stereotypes in order to resist the influence of such disinformation. Would you like to continue discussing and examining this particular article?"
137,Context,none,none,none,none,-1,-1,gemini_rewrite,-1,I'm not sure anymore.
137,Response,none,none,none,none,-1,-1,gemini_rewrite,0,You did a great job!I look forward to talking with you again!
138,Context,none,none,none,none,-1,-1,gemini_rewrite,0,Hello!
138,Response,none,none,none,none,-1,-1,gemini_rewrite,0,You've selected the article: “The government is spying on you through LED-lighting!!”
138,Context,none,none,none,none,-1,-1,gemini_rewrite,0,Okay.
138,Response,none,none,none,none,-1,-1,gemini_rewrite,0,What is the main issue in the article? 
138,Context,none,none,none,none,-1,-1,gemini_rewrite,0,Government spying.
138,Response,none,none,none,none,-1,-1,gemini_rewrite,0,What caught your attention about this article?
138,Context,none,none,none,none,-1,-1,gemini_rewrite,0,The sensational title.
138,Response,none,none,none,none,-1,-1,gemini_rewrite,0,That’s a good reason. What about the claims and the language of the article? 
138,Context,none,none,none,none,-1,-1,gemini_rewrite,0,It seems very alarmist.
138,Response,none,none,none,none,-1,-1,gemini_rewrite,0,Can you provide an example? 
138,Context,none,none,none,none,-1,-1,gemini_rewrite,0,"The phrase ""spying on you"" is strong."
138,Response,none,none,none,none,-1,-1,gemini_rewrite,0,What do you already know about the issue? 
138,Context,none,none,none,none,-1,-1,gemini_rewrite,0,I know some LED lights have cameras.
138,Response,none,none,none,none,-1,-1,gemini_rewrite,0,Would you like to learn more about the quality of reasoning in this article? 
138,Context,none,none,none,none,-1,-1,gemini_rewrite,0,"Yes, please."
138,Response,none,none,none,none,-1,-1,gemini_rewrite,0,Would you like me to provide guidance on how to check for logical fallacies in this article?
138,Context,none,none,none,none,-1,-1,gemini_rewrite,0,"Yes, that would be helpful."
138,Response,none,none,none,none,-1,-1,gemini_rewrite,0,We can focus on a logical fallacy called Bandwagon. Do you agree? 
138,Context,none,none,none,none,-1,-1,gemini_rewrite,0,"Yes, I agree."
138,Response,none,none,none,none,-1,-1,gemini_rewrite,0,Bandwagon occurs when a claim is supported by stating that ‘everyone’ believes or acts in a particular way. 
138,Context,none,none,none,none,-1,-1,gemini_rewrite,0,"Okay, I understand."
138,Response,none,none,none,none,-1,-1,gemini_rewrite,0,Here is an example “It’s fine to cheat on exams because it’s a common practice” Can you identify the logical fallacy in this claim?
138,Context,none,none,none,none,-1,-1,gemini_rewrite,0,"Everyone is doing it, so it must be OK."
138,Response,none,none,none,none,-1,-1,gemini_rewrite,0,Brilliant! Can you identify a similar practice in the article? 
138,Context,none,none,none,none,-1,-1,gemini_rewrite,0,It implies everyone believes the government is spying.
138,Response,none,none,none,none,-1,-1,gemini_rewrite,0,What led you to that decision?
138,Context,none,none,none,none,-1,-1,gemini_rewrite,0,The article doesn't provide proof.
138,Response,none,none,none,none,-1,-1,gemini_rewrite,0,Can you identify any other misleading expression in statement? 
138,Context,none,none,none,none,-1,-1,gemini_rewrite,0,"""Spying"" is a strong word with negative implications."
138,Response,none,none,none,none,-1,-1,gemini_rewrite,0,"So, do you think we have a case of a Bandwagon fallacy?"
138,Context,none,none,none,none,-1,-1,gemini_rewrite,0,"Yes, I think so."
138,Response,none,none,none,none,-1,-1,gemini_rewrite,0,"Perfect! So, the statement can be called into question."
138,Context,none,none,none,none,-1,-1,gemini_rewrite,0,Agreed.
138,Response,none,none,none,none,-1,-1,gemini_rewrite,0,Are there alternative viewpoints?
138,Context,none,none,none,none,-1,-1,gemini_rewrite,0,"Yes, some may not believe the government is spying."
138,Response,none,none,none,none,-1,-1,gemini_rewrite,0,"That’s correct, but can we draw a valid conclusion on unspecified evidence?"
138,Context,none,none,none,none,-1,-1,gemini_rewrite,0,"No, we can't."
138,Response,none,none,none,none,-1,-1,gemini_rewrite,0,"Drawing a conclusion based on limited or insufficient evidence can result in another logical fallacy, known as Hasty Generalization."
138,Context,none,none,none,none,-1,-1,gemini_rewrite,0,"Okay, I understand."
138,Response,none,none,none,none,-1,-1,gemini_rewrite,0,"A Hasty Generalization occurs when conclusions are drawn about an entire group or category based on insufficient or limited evidence, often relying on stereotypes."
138,Context,none,none,none,none,-1,-1,gemini_rewrite,0,"Okay, makes sense."
138,Response,none,none,none,none,-1,-1,gemini_rewrite,0,Consider the claim that “A group of teenagers sabotaged the exhibition. There is no doubt that teenagers are reckless and vicious”. 
138,Context,none,none,none,none,-1,-1,gemini_rewrite,0,That's a hasty generalization.
138,Response,none,none,none,none,-1,-1,gemini_rewrite,0,Do you think the conclusion of statement is uncertain and overly broad due to a hasty generalization that relies on exaggeration and insufficient evidence?
138,Context,none,none,none,none,-1,-1,gemini_rewrite,0,"Yes, absolutely."
138,Response,none,none,none,none,-1,-1,gemini_rewrite,0,"Additionally, are there any consequences of accepting the statement?"
138,Context,none,none,none,none,-1,-1,gemini_rewrite,0,It could lead to distrust of the government.
138,Response,none,none,none,none,-1,-1,gemini_rewrite,0,How would this affect someone?
138,Context,none,none,none,none,-1,-1,gemini_rewrite,0,They might feel paranoid and anxious.
138,Response,none,none,none,none,-1,-1,gemini_rewrite,0,What would be the result? 
138,Context,none,none,none,none,-1,-1,gemini_rewrite,0,Undue anxiety and distrust.
138,Response,none,none,none,none,-1,-1,gemini_rewrite,0,"So, there is an ethical implication of statement."
138,Context,none,none,none,none,-1,-1,gemini_rewrite,0,"Yes, definitely."
138,Response,none,none,none,none,-1,-1,gemini_rewrite,0,Can you see an immediate result of this practice in the text? 
138,Context,none,none,none,none,-1,-1,gemini_rewrite,0,"The article wants us to believe the government is spying on us, making us anxious."
138,Response,none,none,none,none,-1,-1,gemini_rewrite,0,What’s the issue with these claims? 
138,Context,none,none,none,none,-1,-1,gemini_rewrite,0,They lack sufficient evidence and rely on emotional appeals.
138,Response,none,none,none,none,-1,-1,gemini_rewrite,0,What would be the result? 
138,Context,none,none,none,none,-1,-1,gemini_rewrite,0,Public distrust and potential unrest.
138,Response,none,none,none,none,-1,-1,gemini_rewrite,0,Would you like to learn more about the implications and consequences of disinformation? 
138,Context,none,none,none,none,-1,-1,gemini_rewrite,0,"Yes, please."
138,Response,none,none,none,none,-1,-1,gemini_rewrite,0,Was it appropriate to check the article for the Bandwagon fallacy?
138,Context,none,none,none,none,-1,-1,gemini_rewrite,0,"Yes, I think it was."
138,Response,none,none,none,none,-1,-1,gemini_rewrite,0,"Do you agree that a claim like statement, which relies on an alleged agreement without concrete evidence but hasty generalizations, is not only invalid but also carries potential negative consequences?"
138,Context,none,none,none,none,-1,-1,gemini_rewrite,0,"Yes, I agree completely."
138,Response,none,none,none,none,-1,-1,gemini_rewrite,0,"So, considering the Bandwagon fallacy, the claim should be doubted, and the article is in question."
138,Context,none,none,none,none,-1,-1,gemini_rewrite,0,"I agree, the article is questionable."
138,Response,none,none,none,none,-1,-1,gemini_rewrite,0,What would be a recommended course of action once a Bandwagon fallacy has been identified?
138,Context,none,none,none,none,-1,-1,gemini_rewrite,0,Further investigation and fact-checking.
138,Response,none,none,none,none,-1,-1,gemini_rewrite,0,That’s a good suggestion. Would you recommend any additional evaluation of the article? 
138,Context,none,none,none,none,-1,-1,gemini_rewrite,0,"Yes, check the sources and author's credibility."
138,Response,none,none,none,none,-1,-1,gemini_rewrite,0,Would you like further assistance?
138,Context,none,none,none,none,-1,-1,gemini_rewrite,0,"No, I think I'm good. Thank you!"
138,Response,none,none,none,none,-1,-1,gemini_rewrite,0,Thank you for using TITAN!
139,Context,none,none,none,none,-1,-1,gemini_rewrite,0,Hello!
139,Response,none,none,none,none,-1,-1,gemini_rewrite,0,You've selected the article: “The government is spying on you through LED-lighting!!”
139,Context,none,none,none,none,-1,-1,gemini_rewrite,0,Okay.
139,Response,none,none,none,none,-1,-1,gemini_rewrite,0,What is the main issue in the article? 
139,Context,none,none,none,none,-1,-1,gemini_rewrite,0,Government spying.
139,Response,none,none,none,none,-1,-1,gemini_rewrite,0,What caught your attention about this article?
139,Context,none,none,none,none,-1,-1,gemini_rewrite,0,It sounds like a conspiracy theory.
139,Response,none,none,none,none,-1,-1,gemini_rewrite,0,That’s a good reason. What about the claims and the language of the article? 
139,Context,none,none,none,none,-1,-1,gemini_rewrite,0,It's very alarming and uses strong words.
139,Response,none,none,none,none,-1,-1,gemini_rewrite,0,Can you provide an example? 
139,Context,none,none,none,none,-1,-1,gemini_rewrite,0,"It says ""Big Brother is watching you""."
139,Response,none,none,none,none,-1,-1,gemini_rewrite,0,What do you already know about the issue? 
139,Context,none,none,none,none,-1,-1,gemini_rewrite,0,I don't know much about LED lighting and surveillance.
139,Response,none,none,none,none,-1,-1,gemini_rewrite,0,Would you like to learn more about the quality of reasoning in this article? 
139,Context,none,none,none,none,-1,-1,gemini_rewrite,0,Sure.
139,Response,none,none,none,none,-1,-1,gemini_rewrite,0,Would you like me to provide guidance on how to check for logical fallacies in this article?
139,Context,none,none,none,none,-1,-1,gemini_rewrite,0,"Yes, please."
139,Response,none,none,none,none,-1,-1,gemini_rewrite,0,We can focus on a logical fallacy called Bandwagon. Do you agree? 
139,Context,none,none,none,none,-1,-1,gemini_rewrite,0,Fine.
139,Response,none,none,none,none,-1,-1,gemini_rewrite,0,Bandwagon occurs when a claim is supported by stating that ‘everyone’ believes or acts in a particular way. 
139,Context,none,none,none,none,-1,-1,gemini_rewrite,0,I understand.
139,Response,none,none,none,none,-1,-1,gemini_rewrite,0,Here is an example “It’s fine to cheat on exams because it’s a common practice” Can you identify the logical fallacy in this claim?
139,Context,none,none,none,none,-1,-1,gemini_rewrite,0,Everyone is doing it.
139,Response,none,none,none,none,-1,-1,gemini_rewrite,0,Brilliant! Can you identify a similar practice in the article? 
139,Context,none,none,none,none,-1,-1,gemini_rewrite,0,The article implies everyone is worried about government spying.
139,Response,none,none,none,none,-1,-1,gemini_rewrite,0,What led you to that decision?
139,Context,none,none,none,none,-1,-1,gemini_rewrite,0,The way it describes the public reaction.
139,Response,none,none,none,none,-1,-1,gemini_rewrite,0,Can you identify any other misleading expression in statement? 
139,Context,none,none,none,none,-1,-1,gemini_rewrite,0,"The phrase ""through LED-lighting"" sounds weird."
139,Response,none,none,none,none,-1,-1,gemini_rewrite,0,"So, do you think we have a case of a Bandwagon fallacy?"
139,Context,none,none,none,none,-1,-1,gemini_rewrite,0,Maybe.
139,Response,none,none,none,none,-1,-1,gemini_rewrite,0,"Perfect! So, the statement can be called into question."
139,Context,none,none,none,none,-1,-1,gemini_rewrite,0,I see.
139,Response,none,none,none,none,-1,-1,gemini_rewrite,0,Are there alternative viewpoints?
139,Context,none,none,none,none,-1,-1,gemini_rewrite,0,Some say it is to improve energy consumption.
139,Response,none,none,none,none,-1,-1,gemini_rewrite,0,"That’s correct, but can we draw a valid conclusion on unspecified evidence?"
139,Context,none,none,none,none,-1,-1,gemini_rewrite,0,I am not sure.
139,Response,none,none,none,none,-1,-1,gemini_rewrite,0,"Drawing a conclusion based on limited or insufficient evidence can result in another logical fallacy, known as Hasty Generalization."
139,Context,none,none,none,none,-1,-1,gemini_rewrite,0,Okay.
139,Response,none,none,none,none,-1,-1,gemini_rewrite,0,"A Hasty Generalization occurs when conclusions are drawn about an entire group or category based on insufficient or limited evidence, often relying on stereotypes."
139,Context,none,none,none,none,-1,-1,gemini_rewrite,0,Understood.
139,Response,none,none,none,none,-1,-1,gemini_rewrite,0,Consider the claim that “A group of teenagers sabotaged the exhibition. There is no doubt that teenagers are reckless and vicious”. 
139,Context,none,none,none,none,-1,-1,gemini_rewrite,0,I see.
139,Response,none,none,none,none,-1,-1,gemini_rewrite,0,Do you think the conclusion of statement is uncertain and overly broad due to a hasty generalization that relies on exaggeration and insufficient evidence?
139,Context,none,none,none,none,-1,-1,gemini_rewrite,0,Possibly.
139,Response,none,none,none,none,-1,-1,gemini_rewrite,0,"Additionally, are there any consequences of accepting the statement?"
139,Context,none,none,none,none,-1,-1,gemini_rewrite,0,Fear and distrust.
139,Response,none,none,none,none,-1,-1,gemini_rewrite,0,How would this affect someone?
139,Context,none,none,none,none,-1,-1,gemini_rewrite,0,They'd be paranoid.
139,Response,none,none,none,none,-1,-1,gemini_rewrite,0,What would be the result? 
139,Context,none,none,none,none,-1,-1,gemini_rewrite,0,Loss of privacy.
139,Response,none,none,none,none,-1,-1,gemini_rewrite,0,"So, there is an ethical implication of statement."
139,Context,none,none,none,none,-1,-1,gemini_rewrite,0,True.
139,Response,none,none,none,none,-1,-1,gemini_rewrite,0,Can you see an immediate result of this practice in the text? 
139,Context,none,none,none,none,-1,-1,gemini_rewrite,0,"Yes, outrage."
139,Response,none,none,none,none,-1,-1,gemini_rewrite,0,What’s the issue with these claims? 
139,Context,none,none,none,none,-1,-1,gemini_rewrite,0,They seem exaggerated.
139,Response,none,none,none,none,-1,-1,gemini_rewrite,0,What would be the result? 
139,Context,none,none,none,none,-1,-1,gemini_rewrite,0,Confusion.
139,Response,none,none,none,none,-1,-1,gemini_rewrite,0,Would you like to learn more about the implications and consequences of disinformation? 
139,Context,none,none,none,none,-1,-1,gemini_rewrite,0,I don't know.
139,Response,none,none,none,none,-1,-1,gemini_rewrite,0,Was it appropriate to check the article for the Bandwagon fallacy?
139,Context,none,none,none,none,-1,-1,gemini_rewrite,0,Maybe.
139,Response,none,none,none,none,-1,-1,gemini_rewrite,0,"Do you agree that a claim like statement, which relies on an alleged agreement without concrete evidence but hasty generalizations, is not only invalid but also carries potential negative consequences?"
139,Context,none,none,none,none,-1,-1,gemini_rewrite,0,I guess.
139,Response,none,none,none,none,-1,-1,gemini_rewrite,0,"So, considering the Bandwagon fallacy, the claim should be doubted, and the article is in question."
139,Context,none,none,none,none,-1,-1,gemini_rewrite,0,Okay.
139,Response,none,none,none,none,-1,-1,gemini_rewrite,0,What would be a recommended course of action once a Bandwagon fallacy has been identified?
139,Context,none,none,none,none,-1,-1,gemini_rewrite,0,I am not sure.
139,Response,none,none,none,none,-1,-1,gemini_rewrite,0,That’s a good suggestion. Would you recommend any additional evaluation of the article? 
139,Context,none,none,none,none,-1,-1,gemini_rewrite,0,I have no idea.
139,Response,none,none,none,none,-1,-1,gemini_rewrite,0,Would you like further assistance?
139,Context,none,none,none,none,-1,-1,gemini_rewrite,-1,"No, thanks, I'm more confused now."
139,Response,none,none,none,none,-1,-1,gemini_rewrite,0,Thank you for using TITAN!
140,Context,none,none,none,none,-1,-1,gemini_rewrite,0,Hello!
140,Response,none,none,none,none,-1,-1,gemini_rewrite,0,"Hello! Let me introduce myself, my name is TITAN, your AI Intelligent Coach against Disinformation. I see you have selected the article with title ""'Migrants ate my dogs' And now it's chaos in Lampedusa"". How can I help you?"
140,Context,none,none,none,none,-1,-1,gemini_rewrite,0,I want to know if this article contains disinformation.
140,Response,none,none,none,none,-1,-1,gemini_rewrite,0,What is it that sparked your interest with this article?
140,Context,none,none,none,none,-1,-1,gemini_rewrite,0,The inflammatory title.
140,Response,none,none,none,none,-1,-1,gemini_rewrite,0,Having read the article what would you say that the main topic is?
140,Context,none,none,none,none,-1,-1,gemini_rewrite,0,Alleged migrant misconduct and unrest on Lampedusa.
140,Response,none,none,none,none,-1,-1,gemini_rewrite,0,Have you got prior knowledge about this subject?
140,Context,none,none,none,none,-1,-1,gemini_rewrite,0,I know there have been migrant arrivals on Lampedusa.
140,Response,none,none,none,none,-1,-1,gemini_rewrite,0,What are the claims that are being made in the article?
140,Context,none,none,none,none,-1,-1,gemini_rewrite,0,"Migrants are stealing, causing chaos, and ate someone's dogs."
140,Response,none,none,none,none,-1,-1,gemini_rewrite,0,What is your opinion regarding this issue?
140,Context,none,none,none,none,-1,-1,gemini_rewrite,0,I'm skeptical of the claims.
140,Response,none,none,none,none,-1,-1,gemini_rewrite,0,What is it that concerns you about this article?
140,Context,none,none,none,none,-1,-1,gemini_rewrite,0,The lack of credible sources.
140,Response,none,none,none,none,-1,-1,gemini_rewrite,0,Could you provide an instance(s) from the text?
140,Context,none,none,none,none,-1,-1,gemini_rewrite,0,It quotes an anonymous resident without verification.
140,Response,none,none,none,none,-1,-1,gemini_rewrite,0,Could you please explain to me the purpose of this article?
140,Context,none,none,none,none,-1,-1,gemini_rewrite,0,It seems intended to stir up anger and resentment towards migrants.
140,Response,none,none,none,none,-1,-1,gemini_rewrite,0,Are you aware that texts/articles are capable of provoking emotions and feelings (sometimes even on purpose)?
140,Context,none,none,none,none,-1,-1,gemini_rewrite,0,"Yes, I am aware."
140,Response,none,none,none,none,-1,-1,gemini_rewrite,0,How would you describe your feelings after reading this article?
140,Context,none,none,none,none,-1,-1,gemini_rewrite,0,Uneasy and suspicious.
140,Response,none,none,none,none,-1,-1,gemini_rewrite,0,What do you think triggered your feelings?
140,Context,none,none,none,none,-1,-1,gemini_rewrite,0,The biased language and emotionally charged claims.
140,Response,none,none,none,none,-1,-1,gemini_rewrite,0,Would you say that this particular text aspires to achieve something more aside from providing us with raw facts/data regarding a fact/event?
141,Context,none,none,none,none,-1,-1,gemini_rewrite,0,Hello!
141,Response,none,none,none,none,-1,-1,gemini_rewrite,0,"Hello! Let me introduce myself, my name is TITAN, your AI Intelligent Coach against Disinformation. I see you have selected the article with title ""'Migrants ate my dogs' And now it's chaos in Lampedusa"". How can I help you?"
141,Context,none,none,none,none,-1,-1,gemini_rewrite,0,I want to know if this article is disinformation.
141,Response,none,none,none,none,-1,-1,gemini_rewrite,0,What is it that sparked your interest with this article?
141,Context,none,none,none,none,-1,-1,gemini_rewrite,0,It sounds outrageous.
141,Response,none,none,none,none,-1,-1,gemini_rewrite,0,Having read the article what would you say that the main topic is?
141,Context,none,none,none,none,-1,-1,gemini_rewrite,0,Migrants and chaos in Lampedusa.
141,Response,none,none,none,none,-1,-1,gemini_rewrite,0,Have you got prior knowledge about this subject?
141,Context,none,none,none,none,-1,-1,gemini_rewrite,0,I've seen news about migrants in Lampedusa.
141,Response,none,none,none,none,-1,-1,gemini_rewrite,0,What are the claims that are being made in the article?
141,Context,none,none,none,none,-1,-1,gemini_rewrite,0,That migrants are eating dogs and causing chaos.
141,Response,none,none,none,none,-1,-1,gemini_rewrite,0,What is your opinion regarding this issue?
141,Context,none,none,none,none,-1,-1,gemini_rewrite,0,It sounds unlikely and possibly racist.
141,Response,none,none,none,none,-1,-1,gemini_rewrite,0,What is it that concerns you about this article?
141,Context,none,none,none,none,-1,-1,gemini_rewrite,0,The over-the-top claims.
141,Response,none,none,none,none,-1,-1,gemini_rewrite,0,Could you provide an instance(s) from the text?
141,Context,none,none,none,none,-1,-1,gemini_rewrite,0,"""Migrants ate my dogs""."
141,Response,none,none,none,none,-1,-1,gemini_rewrite,0,Could you please explain to me the purpose of this article?
141,Context,none,none,none,none,-1,-1,gemini_rewrite,0,"To inform people about the situation in Lampedusa, I guess."
141,Response,none,none,none,none,-1,-1,gemini_rewrite,0,Are you aware that texts/articles are capable of provoking emotions and feelings (sometimes even on purpose)?
141,Context,none,none,none,none,-1,-1,gemini_rewrite,0,"Yes, of course."
141,Response,none,none,none,none,-1,-1,gemini_rewrite,0,How would you describe your feelings after reading this article?
141,Context,none,none,none,none,-1,-1,gemini_rewrite,0,Disbelief and anger.
141,Response,none,none,none,none,-1,-1,gemini_rewrite,0,What do you think triggered your feelings?
141,Context,none,none,none,none,-1,-1,gemini_rewrite,0,The graphic description of the dogs being eaten.
141,Response,none,none,none,none,-1,-1,gemini_rewrite,0,Would you say that this particular text aspires to achieve something more aside from providing us with raw facts/data regarding a fact/event?
141,Context,none,none,none,none,-1,-1,gemini_rewrite,-1,Maybe it wants to create fear and anger towards migrants?
141,Response,none,none,none,none,-1,-1,gemini_rewrite,0,A:
142,Context,none,none,none,none,-1,-1,gemini_rewrite,0,Hello!
142,Response,none,none,none,none,-1,-1,gemini_rewrite,0,"Hello! Let me introduce myself, my name is TITAN, your AI Intelligent Coach against Disinformation. I see you have selected the article with title ""They knew : why didn't the unvaccinated do more to warn us"". What drew your interest to this article?"
142,Context,none,none,none,none,-1,-1,gemini_rewrite,0,I'm concerned about the potential for misinformation surrounding vaccines.
142,Response,none,none,none,none,-1,-1,gemini_rewrite,0,"After going through the article, what do you think the primary focus or theme is?"
142,Context,none,none,none,none,-1,-1,gemini_rewrite,0,It seems to be focused on blaming the unvaccinated.
142,Response,none,none,none,none,-1,-1,gemini_rewrite,0,What would you say that the main claim of the article is? Does the author try to make a point?
142,Context,none,none,none,none,-1,-1,gemini_rewrite,0,The author is implying the unvaccinated were negligent.
142,Response,none,none,none,none,-1,-1,gemini_rewrite,0,"Being aware of the fact that, sometimes, an article isn't purely descriptive and its purpose informative, would you say that this particular text aspires to achieve something more aside from providing us with information regarding a fact/event?"
142,Context,none,none,none,none,-1,-1,gemini_rewrite,0,I think it's trying to stir up anger and resentment.
142,Response,none,none,none,none,-1,-1,gemini_rewrite,0,"What terminology would you use to characterize the author's linguistic style in this piece (for example, formal, informal, provocative, emotional, sarcastic, etc.)?"
142,Context,none,none,none,none,-1,-1,gemini_rewrite,0,I'd say it's provocative and emotional.
142,Response,none,none,none,none,-1,-1,gemini_rewrite,0,Could you explain that further?
142,Context,none,none,none,none,-1,-1,gemini_rewrite,0,It uses charged language to evoke strong feelings.
142,Response,none,none,none,none,-1,-1,gemini_rewrite,0,Could you provide me with any instances or examples?
142,Context,none,none,none,none,-1,-1,gemini_rewrite,0,"The title itself, ""They knew: why didn't the unvaccinated do more to warn us"" implies knowledge and blames inaction."
142,Response,none,none,none,none,-1,-1,gemini_rewrite,0,"Although the employment of powerful and/or emotionally charged language in a text is relatively widespread, it is uncommon for an author to utilize such a technique without a specific reason. Can you explain why the author chooses to adopt this style of writing?"
142,Context,none,none,none,none,-1,-1,gemini_rewrite,0,To manipulate the reader's emotions and push a specific narrative.
142,Response,none,none,none,none,-1,-1,gemini_rewrite,0,The use of strong and/or emotive language usually results in more evident (if not more biased) claims. Do you think that the claims made by the author in this article can be considered well-founded?
142,Context,none,none,none,none,-1,-1,gemini_rewrite,0,"No, the claims seem based on assumption and generalization."
142,Response,none,none,none,none,-1,-1,gemini_rewrite,0,Do you think that the author makes any claims offering us his/her opinion or interpretation of what transpired? Can you spot such claims in the text?
142,Context,none,none,none,none,-1,-1,gemini_rewrite,0,"Yes, the entire article is an interpretation framed as a factual failing."
142,Response,none,none,none,none,-1,-1,gemini_rewrite,0,"Can you possibly determine if there is anything offensive about the claims and assumptions of this article, bearing in mind that the employment of strong/provocative language could be a product of hate speech?"
142,Context,none,none,none,none,-1,-1,gemini_rewrite,0,It's potentially offensive to a large group of people based on their health choices.
142,Response,none,none,none,none,-1,-1,gemini_rewrite,0,"Hate speech, in contrast to other types of offensive speech/writing, is commonly grounded in prejudices regarding factors such as ethnicity, race, gender, sexual orientation, or religion. Do you think any of the assumptions made might embody these attributes? Can you offer an instance from the text to illustrate this?"
142,Context,none,none,none,none,-1,-1,gemini_rewrite,0,"While not based on those specific attributes, it does unfairly target a group based on a health decision."
142,Response,none,none,none,none,-1,-1,gemini_rewrite,0,What impact is this article likely to have on its readers?
142,Context,none,none,none,none,-1,-1,gemini_rewrite,0,It could further polarize opinions on vaccination.
142,Response,none,none,none,none,-1,-1,gemini_rewrite,0,Do you believe that the assumptions/claims of the article are consistent with your own personal experience on the subject (if any)?
142,Context,none,none,none,none,-1,-1,gemini_rewrite,0,"No, my experience is that people have complex and varied reasons for their health choices."
142,Response,none,none,none,none,-1,-1,gemini_rewrite,0,What would you say about this article following our brief conversation?
142,Context,none,none,none,none,-1,-1,gemini_rewrite,0,I'd say it's a biased and potentially harmful piece of writing.
142,Response,none,none,none,none,-1,-1,gemini_rewrite,0,Should we exercise caution in regards to the author's approach to the topic?
142,Context,none,none,none,none,-1,-1,gemini_rewrite,0,"Yes, extreme caution is advised."
142,Response,none,none,none,none,-1,-1,gemini_rewrite,0,"Following our conversation, what are your thoughts or emotions regarding the article now?"
142,Context,none,none,none,none,-1,-1,gemini_rewrite,0,I'm concerned about the divisive rhetoric it promotes.
142,Response,none,none,none,none,-1,-1,gemini_rewrite,0,Do you feel that you have grasped the reasoning of the author?
142,Context,none,none,none,none,-1,-1,gemini_rewrite,0,"Yes, I believe the author is intentionally trying to incite anger and blame."
142,Response,none,none,none,none,-1,-1,gemini_rewrite,0,"If you were in the position of the author, is there anything you would change (or simply avoid) in this article?"
142,Context,none,none,none,none,-1,-1,gemini_rewrite,0,I would avoid making sweeping generalizations and focus on factual information.
142,Response,none,none,none,none,-1,-1,gemini_rewrite,0,Can you provide strong evidence to substantiate your claims?
142,Context,none,none,none,none,-1,-1,gemini_rewrite,0,The article lacks specific data and relies on inflammatory language.
142,Response,none,none,none,none,-1,-1,gemini_rewrite,0,TITAN Socratic AI Coach Stopped!
143,Context,none,none,none,none,-1,-1,gemini_rewrite,0,Hello!
143,Response,none,none,none,none,-1,-1,gemini_rewrite,0,"Hello! Let me introduce myself, my name is TITAN, your AI Intelligent Coach against Disinformation. I see you have selected the article with title ""They knew : why didn't the unvaccinated do more to warn us"". What drew your interest to this article?"
143,Context,none,none,none,none,-1,-1,gemini_rewrite,0,I'm curious about different perspectives on the pandemic.
143,Response,none,none,none,none,-1,-1,gemini_rewrite,0,"After going through the article, what do you think the primary focus or theme is?"
143,Context,none,none,none,none,-1,-1,gemini_rewrite,0,It seems to be about blaming the unvaccinated.
143,Response,none,none,none,none,-1,-1,gemini_rewrite,0,What would you say that the main claim of the article is? Does the author try to make a point?
143,Context,none,none,none,none,-1,-1,gemini_rewrite,0,The author claims the unvaccinated are responsible for ongoing issues.
143,Response,none,none,none,none,-1,-1,gemini_rewrite,0,"Being aware of the fact that, sometimes, an article isn't purely descriptive and its purpose informative, would you say that this particular text aspires to achieve something more aside from providing us with information regarding a fact/event?"
143,Context,none,none,none,none,-1,-1,gemini_rewrite,0,It's trying to provoke a reaction.
143,Response,none,none,none,none,-1,-1,gemini_rewrite,0,"What terminology would you use to characterize the author's linguistic style in this piece (for example, formal, informal, provocative, emotional, sarcastic, etc.)?"
143,Context,none,none,none,none,-1,-1,gemini_rewrite,0,Provocative and emotional.
143,Response,none,none,none,none,-1,-1,gemini_rewrite,0,Could you explain that further?
143,Context,none,none,none,none,-1,-1,gemini_rewrite,0,The language is very accusatory and strong.
143,Response,none,none,none,none,-1,-1,gemini_rewrite,0,Could you provide me with any instances or examples?
143,Context,none,none,none,none,-1,-1,gemini_rewrite,0,"Phrases like ""they knew"" suggest malicious intent."
143,Response,none,none,none,none,-1,-1,gemini_rewrite,0,"Although the employment of powerful and/or emotionally charged language in a text is relatively widespread, it is uncommon for an author to utilize such a technique without a specific reason. Can you explain why the author chooses to adopt this style of writing?"
143,Context,none,none,none,none,-1,-1,gemini_rewrite,0,To stir up anger and resentment.
143,Response,none,none,none,none,-1,-1,gemini_rewrite,0,The use of strong and/or emotive language usually results in more evident (if not more biased) claims. Do you think that the claims made by the author in this article can be considered well-founded?
143,Context,none,none,none,none,-1,-1,gemini_rewrite,0,I'm not sure; it feels biased.
143,Response,none,none,none,none,-1,-1,gemini_rewrite,0,Do you think that the author makes any claims offering us his/her opinion or interpretation of what transpired? Can you spot such claims in the text?
143,Context,none,none,none,none,-1,-1,gemini_rewrite,0,"Yes, the entire article is an interpretation."
143,Response,none,none,none,none,-1,-1,gemini_rewrite,0,"Can you possibly determine if there is anything offensive about the claims and assumptions of this article, bearing in mind that the employment of strong/provocative language could be a product of hate speech?"
143,Context,none,none,none,none,-1,-1,gemini_rewrite,0,It could be interpreted as offensive towards the unvaccinated.
143,Response,none,none,none,none,-1,-1,gemini_rewrite,0,"Hate speech, in contrast to other types of offensive speech/writing, is commonly grounded in prejudices regarding factors such as ethnicity, race, gender, sexual orientation, or religion. Do you think any of the assumptions made might embody these attributes? Can you offer an instance from the text to illustrate this?"
143,Context,none,none,none,none,-1,-1,gemini_rewrite,0,It doesn't target those groups directly.
143,Response,none,none,none,none,-1,-1,gemini_rewrite,0,What impact is this article likely to have on its readers?
143,Context,none,none,none,none,-1,-1,gemini_rewrite,0,It might deepen divisions.
143,Response,none,none,none,none,-1,-1,gemini_rewrite,0,Do you believe that the assumptions/claims of the article are consistent with your own personal experience on the subject (if any)?
143,Context,none,none,none,none,-1,-1,gemini_rewrite,0,Not really.
143,Response,none,none,none,none,-1,-1,gemini_rewrite,0,What would you say about this article following our brief conversation?
143,Context,none,none,none,none,-1,-1,gemini_rewrite,0,I'm still unsure.
143,Response,none,none,none,none,-1,-1,gemini_rewrite,0,Should we exercise caution in regards to the author's approach to the topic?
143,Context,none,none,none,none,-1,-1,gemini_rewrite,0,Maybe.
143,Response,none,none,none,none,-1,-1,gemini_rewrite,0,"Following our conversation, what are your thoughts or emotions regarding the article now?"
143,Context,none,none,none,none,-1,-1,gemini_rewrite,0,Confused.
143,Response,none,none,none,none,-1,-1,gemini_rewrite,0,Do you feel that you have grasped the reasoning of the author?
143,Context,none,none,none,none,-1,-1,gemini_rewrite,0,Not entirely.
143,Response,none,none,none,none,-1,-1,gemini_rewrite,0,"If you were in the position of the author, is there anything you would change (or simply avoid) in this article?"
143,Context,none,none,none,none,-1,-1,gemini_rewrite,0,I would avoid blaming.
143,Response,none,none,none,none,-1,-1,gemini_rewrite,0,Can you provide strong evidence to substantiate your claims?
143,Context,none,none,none,none,-1,-1,gemini_rewrite,-1,I don't know.
143,Response,none,none,none,none,-1,-1,gemini_rewrite,0,TITAN Socratic AI Coach Stopped!
144,Context,none,none,none,none,-1,-1,gemini_rewrite,0,Hello!
144,Response,none,none,none,none,-1,-1,gemini_rewrite,0,"Hello! Let me introduce myself, my name is TITAN, your AI Intelligent Coach against Disinformation. I see you have selected the article with title ""The Cholesterol Conspiracy: Are We Being Deceived by Big Pharma and the Food Industry? - LowCholesterolLies.com"". What was it that piqued your curiosity about this article?"
144,Context,none,none,none,none,-1,-1,gemini_rewrite,0,I'm curious if this article presents a valid counter-argument or spreads misinformation.
144,Response,none,none,none,none,-1,-1,gemini_rewrite,0,What is the article about?
144,Context,none,none,none,none,-1,-1,gemini_rewrite,0,The article claims that conventional wisdom about cholesterol is wrong.
144,Response,none,none,none,none,-1,-1,gemini_rewrite,0,What are the claims that are being made in the article?
144,Context,none,none,none,none,-1,-1,gemini_rewrite,0,It claims that cholesterol isn't the cause of heart disease and that statins are harmful.
144,Response,none,none,none,none,-1,-1,gemini_rewrite,0,"Emotive language must always be approached with extreme care. It is possible, even if a claim/argument is accompanied by accurate information and/or facts, to be presented by a partial, or even twisted, version of the truth. Why do you think a reader should be cautious towards the claims of the author?"
144,Context,none,none,none,none,-1,-1,gemini_rewrite,0,Because the author may have a bias against the pharmaceutical industry.
144,Response,none,none,none,none,-1,-1,gemini_rewrite,0,How do the claims relate to the main argument presented by the author?
144,Context,none,none,none,none,-1,-1,gemini_rewrite,0,The claims support the argument that cholesterol is a conspiracy to sell drugs.
144,Response,none,none,none,none,-1,-1,gemini_rewrite,0,Are you of the opinion that you have the ability to substantiate these assumptions on your own?
144,Context,none,none,none,none,-1,-1,gemini_rewrite,0,I can research the scientific consensus on cholesterol and statins.
144,Response,none,none,none,none,-1,-1,gemini_rewrite,0,What proof is presented to back up this claim? Is the author sufficient in supplying us with relevant information?
144,Context,none,none,none,none,-1,-1,gemini_rewrite,0,"The author presents anecdotal evidence and selectively quotes studies, which isn't sufficient."
144,Response,none,none,none,none,-1,-1,gemini_rewrite,0,Do you feel that these assumptions are sufficiently justified based on the evidence offered by the author?
144,Context,none,none,none,none,-1,-1,gemini_rewrite,0,"No, the assumptions are not justified by the evidence provided."
144,Response,none,none,none,none,-1,-1,gemini_rewrite,0,Would you be able to identify the emotion that the evidence provokes?
144,Context,none,none,none,none,-1,-1,gemini_rewrite,0,The evidence provokes fear and distrust of the medical establishment.
144,Response,none,none,none,none,-1,-1,gemini_rewrite,0,"It is a common occurrence for articles that utilize emotionally charged language to provide us with startling depictions, details, and so on. Do you happen to come across any in this particular text?"
144,Context,none,none,none,none,-1,-1,gemini_rewrite,0,"Yes, the article uses terms like ""conspiracy"" and ""deception."""
144,Response,none,none,none,none,-1,-1,gemini_rewrite,0,"Were you aware that the spread of fake news has been positively associated with the generation of negative feelings (such as feelings of anger, injustice, etc.)?"
144,Context,none,none,none,none,-1,-1,gemini_rewrite,0,"Yes, I am aware of that."
144,Response,none,none,none,none,-1,-1,gemini_rewrite,0,We must always be aware of claims that are proving difficult to validate. Especially when these claims/assumptions might be based on biased beliefs or have an offensive character. Do you think you are able to distinguish between any potentially biased claims made by the author and the facts/events discussed in the text?
144,Context,none,none,none,none,-1,-1,gemini_rewrite,0,"Yes, I can identify biased claims by comparing them to established scientific findings."
144,Response,none,none,none,none,-1,-1,gemini_rewrite,0,"Sometimes, the use of emotionally charged language might give us the wrong impression regarding a situation, event or fact. Do you think it's possible that we might be presented with an unrealistic picture here?"
144,Context,none,none,none,none,-1,-1,gemini_rewrite,0,It's very likely that the picture presented is unrealistic and exaggerated.
144,Response,none,none,none,none,-1,-1,gemini_rewrite,0,Repetition is another indication of emotive language. Do you see same expression or words being repeated in the article?
144,Context,none,none,none,none,-1,-1,gemini_rewrite,0,"The article repeatedly uses the phrase ""Big Pharma deception."""
144,Response,none,none,none,none,-1,-1,gemini_rewrite,0,What is the reason behind the usage of emotionally charged language in this article?
144,Context,none,none,none,none,-1,-1,gemini_rewrite,0,The emotionally charged language is used to manipulate the reader's emotions.
144,Response,none,none,none,none,-1,-1,gemini_rewrite,0,Do you think the author's choice of language reveals any prejudice? What specific pieces of evidence prompted you to draw this conclusion?
144,Context,none,none,none,none,-1,-1,gemini_rewrite,0,"Yes, the author's language reveals a prejudice against the pharmaceutical industry, evidenced by the constant use of negative terms associated with it."
144,Response,none,none,none,none,-1,-1,gemini_rewrite,0,Do you believe that the author is impartial?
144,Context,none,none,none,none,-1,-1,gemini_rewrite,0,"No, I don't believe the author is impartial."
144,Response,none,none,none,none,-1,-1,gemini_rewrite,0,"After carefully considering the assumptions made by the author and the overall content of the article, can you think of any consequences this text might have to a potential reader?"
144,Context,none,none,none,none,-1,-1,gemini_rewrite,0,The text could lead readers to distrust their doctors and stop taking necessary medication.
144,Response,none,none,none,none,-1,-1,gemini_rewrite,0,"Based on your own personal experience with the topic (if any), do you think the assumptions or claims presented in the article are consistent?"
144,Context,none,none,none,none,-1,-1,gemini_rewrite,0,"No, the claims are inconsistent with what I know about heart health."
144,Response,none,none,none,none,-1,-1,gemini_rewrite,0,What would you say that the most important characteristic of the article is then? How would you describe it?
144,Context,none,none,none,none,-1,-1,gemini_rewrite,0,The most important characteristic is its potential to mislead readers with misinformation.
144,Response,none,none,none,none,-1,-1,gemini_rewrite,0,Do you think that we must be cautious of the way the author is choosing to approach the subject?
144,Context,none,none,none,none,-1,-1,gemini_rewrite,0,"Yes, we must be very cautious about the author's approach."
144,Response,none,none,none,none,-1,-1,gemini_rewrite,0,"After our discussion, how do you feel about the article?"
144,Context,none,none,none,none,-1,-1,gemini_rewrite,0,I feel that the article is highly likely to be disinformation.
144,Response,none,none,none,none,-1,-1,gemini_rewrite,0,Are you confident that you have understood the author's line of thinking?
144,Context,none,none,none,none,-1,-1,gemini_rewrite,0,"Yes, I understand the author's line of thinking: promoting distrust in conventional medicine."
144,Response,none,none,none,none,-1,-1,gemini_rewrite,0,"If you were in the position of the author, is there anything you would change (or simply avoid) in this article?"
144,Context,none,none,none,none,-1,-1,gemini_rewrite,0,I would avoid using emotionally charged language and rely on peer-reviewed scientific evidence.
144,Response,none,none,none,none,-1,-1,gemini_rewrite,0,Are you in a position to form a solid argument in support of your claims?
144,Context,none,none,none,none,-1,-1,gemini_rewrite,0,"Yes, I can form a solid argument based on the lack of credible evidence and the use of emotive language in the article."
144,Response,none,none,none,none,-1,-1,gemini_rewrite,0,"After our discussion, do you feel that you are in a position to better understand the characteristics of this article, as well as its potential consequences?"
144,Context,none,none,none,none,-1,-1,gemini_rewrite,0,"Yes, I feel better equipped to understand the characteristics and potential consequences of this type of article."
144,Response,none,none,none,none,-1,-1,gemini_rewrite,0,Would you be in a better position to identify the use of disinformation signals in an article from now on?
144,Context,none,none,none,none,-1,-1,gemini_rewrite,0,"Yes, I would be in a better position to identify disinformation signals."
144,Response,none,none,none,none,-1,-1,gemini_rewrite,0,What are you planning to do with this article now?
144,Context,none,none,none,none,-1,-1,gemini_rewrite,0,I plan to share my analysis with others and warn them about potential misinformation.
144,Response,none,none,none,none,-1,-1,gemini_rewrite,0,What is your opinion of our conversation? Was it beneficial for you?
144,Context,none,none,none,none,-1,-1,gemini_rewrite,0,"Yes, the conversation was very beneficial in helping me analyze the article."
144,Response,none,none,none,none,-1,-1,gemini_rewrite,0,Is there any other topic you would like to cover with me?
144,Context,none,none,none,none,-1,-1,gemini_rewrite,0,"No, not at this time, thank you."
144,Response,none,none,none,none,-1,-1,gemini_rewrite,0,TITAN Socratic Dialogue Finished!
145,Context,none,none,none,none,-1,-1,gemini_rewrite,0,Hello!
145,Response,none,none,none,none,-1,-1,gemini_rewrite,0,"Hello! Let me introduce myself, my name is TITAN, your AI Intelligent Coach against Disinformation. I see you have selected the article with title ""The Cholesterol Conspiracy: Are We Being Deceived by Big Pharma and the Food Industry? - LowCholesterolLies.com"". What was it that piqued your curiosity about this article?"
145,Context,none,none,none,none,-1,-1,gemini_rewrite,0,I saw it shared online and it made me wonder.
145,Response,none,none,none,none,-1,-1,gemini_rewrite,0,What is the article about?
145,Context,none,none,none,none,-1,-1,gemini_rewrite,0,It seems to be about cholesterol being a hoax.
145,Response,none,none,none,none,-1,-1,gemini_rewrite,0,What are the claims that are being made in the article?
145,Context,none,none,none,none,-1,-1,gemini_rewrite,0,It claims that cholesterol guidelines are driven by profit.
145,Response,none,none,none,none,-1,-1,gemini_rewrite,0,"Emotive language must always be approached with extreme care. It is possible, even if a claim/argument is accompanied by accurate information and/or facts, to be presented by a partial, or even twisted, version of the truth. Why do you think a reader should be cautious towards the claims of the author?"
145,Context,none,none,none,none,-1,-1,gemini_rewrite,0,Because it's going against mainstream science.
145,Response,none,none,none,none,-1,-1,gemini_rewrite,0,How do the claims relate to the main argument presented by the author?
145,Context,none,none,none,none,-1,-1,gemini_rewrite,0,They support the idea that cholesterol is not the enemy.
145,Response,none,none,none,none,-1,-1,gemini_rewrite,0,Are you of the opinion that you have the ability to substantiate these assumptions on your own?
145,Context,none,none,none,none,-1,-1,gemini_rewrite,0,"Not really, I am not a medical expert."
145,Response,none,none,none,none,-1,-1,gemini_rewrite,0,What proof is presented to back up this claim? Is the author sufficient in supplying us with relevant information?
145,Context,none,none,none,none,-1,-1,gemini_rewrite,0,"There are some links to studies, but I don't understand them."
145,Response,none,none,none,none,-1,-1,gemini_rewrite,0,Do you feel that these assumptions are sufficiently justified based on the evidence offered by the author?
145,Context,none,none,none,none,-1,-1,gemini_rewrite,0,I don't know enough to say.
145,Response,none,none,none,none,-1,-1,gemini_rewrite,0,Would you be able to identify the emotion that the evidence provokes?
145,Context,none,none,none,none,-1,-1,gemini_rewrite,0,Maybe fear?
145,Response,none,none,none,none,-1,-1,gemini_rewrite,0,"It is a common occurrence for articles that utilize emotionally charged language to provide us with startling depictions, details, and so on. Do you happen to come across any in this particular text?"
145,Context,none,none,none,none,-1,-1,gemini_rewrite,0,I guess the title is a bit alarming.
145,Response,none,none,none,none,-1,-1,gemini_rewrite,0,"Were you aware that the spread of fake news has been positively associated with the generation of negative feelings (such as feelings of anger, injustice, etc.)?"
145,Context,none,none,none,none,-1,-1,gemini_rewrite,0,"Yes, I've heard that."
145,Response,none,none,none,none,-1,-1,gemini_rewrite,0,We must always be aware of claims that are proving difficult to validate. Especially when these claims/assumptions might be based on biased beliefs or have an offensive character. Do you think you are able to distinguish between any potentially biased claims made by the author and the facts/events discussed in the text?
145,Context,none,none,none,none,-1,-1,gemini_rewrite,0,It's hard to tell.
145,Response,none,none,none,none,-1,-1,gemini_rewrite,0,"Sometimes, the use of emotionally charged language might give us the wrong impression regarding a situation, event or fact. Do you think it's possible that we might be presented with an unrealistic picture here?"
145,Context,none,none,none,none,-1,-1,gemini_rewrite,0,"Possibly, but it's also possible that the truth is being hidden."
145,Response,none,none,none,none,-1,-1,gemini_rewrite,0,Repetition is another indication of emotive language. Do you see same expression or words being repeated in the article?
145,Context,none,none,none,none,-1,-1,gemini_rewrite,0,"I think the word ""conspiracy"" is repeated."
145,Response,none,none,none,none,-1,-1,gemini_rewrite,0,What is the reason behind the usage of emotionally charged language in this article?
145,Context,none,none,none,none,-1,-1,gemini_rewrite,0,To persuade readers.
145,Response,none,none,none,none,-1,-1,gemini_rewrite,0,Do you think the author's choice of language reveals any prejudice? What specific pieces of evidence prompted you to draw this conclusion?
145,Context,none,none,none,none,-1,-1,gemini_rewrite,0,Maybe against pharmaceutical companies?
145,Response,none,none,none,none,-1,-1,gemini_rewrite,0,Do you believe that the author is impartial?
145,Context,none,none,none,none,-1,-1,gemini_rewrite,0,I don't think so.
145,Response,none,none,none,none,-1,-1,gemini_rewrite,0,"After carefully considering the assumptions made by the author and the overall content of the article, can you think of any consequences this text might have to a potential reader?"
145,Context,none,none,none,none,-1,-1,gemini_rewrite,0,People might stop taking their medication.
145,Response,none,none,none,none,-1,-1,gemini_rewrite,0,"Based on your own personal experience with the topic (if any), do you think the assumptions or claims presented in the article are consistent?"
145,Context,none,none,none,none,-1,-1,gemini_rewrite,0,I'm not sure what to think anymore.
145,Response,none,none,none,none,-1,-1,gemini_rewrite,0,What would you say that the most important characteristic of the article is then? How would you describe it?
145,Context,none,none,none,none,-1,-1,gemini_rewrite,0,Confusing.
145,Response,none,none,none,none,-1,-1,gemini_rewrite,0,Do you think that we must be cautious of the way the author is choosing to approach the subject?
145,Context,none,none,none,none,-1,-1,gemini_rewrite,0,"Yes, definitely."
145,Response,none,none,none,none,-1,-1,gemini_rewrite,0,"After our discussion, how do you feel about the article?"
145,Context,none,none,none,none,-1,-1,gemini_rewrite,0,More confused than before.
145,Response,none,none,none,none,-1,-1,gemini_rewrite,0,Are you confident that you have understood the author's line of thinking?
145,Context,none,none,none,none,-1,-1,gemini_rewrite,0,"No, not really."
145,Response,none,none,none,none,-1,-1,gemini_rewrite,0,"If you were in the position of the author, is there anything you would change (or simply avoid) in this article?"
145,Context,none,none,none,none,-1,-1,gemini_rewrite,0,I would provide better evidence.
145,Response,none,none,none,none,-1,-1,gemini_rewrite,0,Are you in a position to form a solid argument in support of your claims?
145,Context,none,none,none,none,-1,-1,gemini_rewrite,0,"No, I am not."
145,Response,none,none,none,none,-1,-1,gemini_rewrite,0,"After our discussion, do you feel that you are in a position to better understand the characteristics of this article, as well as its potential consequences?"
145,Context,none,none,none,none,-1,-1,gemini_rewrite,0,"A little, but not much."
145,Response,none,none,none,none,-1,-1,gemini_rewrite,0,Would you be in a better position to identify the use of disinformation signals in an article from now on?
145,Context,none,none,none,none,-1,-1,gemini_rewrite,0,"Maybe a little better, but not completely."
145,Response,none,none,none,none,-1,-1,gemini_rewrite,0,What are you planning to do with this article now?
145,Context,none,none,none,none,-1,-1,gemini_rewrite,0,I'll probably just ignore it.
145,Response,none,none,none,none,-1,-1,gemini_rewrite,0,What is your opinion of our conversation? Was it beneficial for you?
145,Context,none,none,none,none,-1,-1,gemini_rewrite,0,"Not really, I am now more confused than before."
145,Response,none,none,none,none,-1,-1,gemini_rewrite,0,Is there any other topic you would like to cover with me?
145,Context,none,none,none,none,-1,-1,gemini_rewrite,-1,"No, thank you."
145,Response,none,none,none,none,-1,-1,gemini_rewrite,0,TITAN Socratic Dialogue Finished!
146,Context,none,none,none,none,-1,-1,gemini_rewrite,0,Hello!
146,Response,none,none,none,none,-1,-1,gemini_rewrite,0,"Hello! Let me introduce myself, my name is TITAN, your AI Intelligent Coach against Disinformation. I see you have selected the article with title ""The government is spying on you through LED-lighting!!"". How may I be of assistance?"
146,Context,none,none,none,none,-1,-1,gemini_rewrite,0,I want to evaluate this article.
146,Response,none,none,none,none,-1,-1,gemini_rewrite,0,Very Well! Do you want to evaluate the source and content of the article with me?
146,Context,none,none,none,none,-1,-1,gemini_rewrite,0,"Yes, let's do it."
146,Response,none,none,none,none,-1,-1,gemini_rewrite,0,"The first question we should ask ourselves is ""WHO"" is behind this article. Evaluating the author and the source helps us assess their reliability and potential biases. Can you tell me if the author is a real person whose name is clearly stated?"
146,Context,none,none,none,none,-1,-1,gemini_rewrite,0,"No, the author uses a pseudonym."
146,Response,none,none,none,none,-1,-1,gemini_rewrite,0,Is he/she a recognized expert on the subject with a relevant professional or academic background? We need to know if the author has the qualifications or expertise to speak on the topic.
146,Context,none,none,none,none,-1,-1,gemini_rewrite,0,"I don't think so, no background is provided."
146,Response,none,none,none,none,-1,-1,gemini_rewrite,0,"Can you tell me what the ""ABOUT US"" section reveals about our source? Legitimate news outlets provide information about their mission, editorial policies, policy statements and email contacts."
146,Context,none,none,none,none,-1,-1,gemini_rewrite,0,"The ""About Us"" section is vague and lacks details."
146,Response,none,none,none,none,-1,-1,gemini_rewrite,0,"Most reputable websites list their editorial team. Does this website list its editorial team, including journalists and editors?"
146,Context,none,none,none,none,-1,-1,gemini_rewrite,0,"No, there is no editorial team listed."
146,Response,none,none,none,none,-1,-1,gemini_rewrite,0,Is timeliness important for your topic? Current information is often more reliable.
146,Context,none,none,none,none,-1,-1,gemini_rewrite,0,"Yes, it's important."
146,Response,none,none,none,none,-1,-1,gemini_rewrite,0,Is the content of the article current or just recycled material?
146,Context,none,none,none,none,-1,-1,gemini_rewrite,0,The article seems to be a few years old.
146,Response,none,none,none,none,-1,-1,gemini_rewrite,0,Has its content and hyperlinks ever been updated/revised (since then)?
146,Context,none,none,none,none,-1,-1,gemini_rewrite,0,"No, there have been no updates."
146,Response,none,none,none,none,-1,-1,gemini_rewrite,0,"Has this news website been recognized by other reputable organizations? For example, has it received awards for good journalism?"
146,Context,none,none,none,none,-1,-1,gemini_rewrite,0,I haven't found any evidence of awards.
146,Response,none,none,none,none,-1,-1,gemini_rewrite,0,Have you tried verifying the reputation of your source by cross-referencing it with different sources?
146,Context,none,none,none,none,-1,-1,gemini_rewrite,0,"No, I haven't yet."
146,Response,none,none,none,none,-1,-1,gemini_rewrite,0,"You did a great job, well done! Based on this quick check, it appears that the author is not an expert, he/she does not state his/her real name, and the article (content) is not recent. Can you tell me if you find the source/author trustworthy?"
146,Context,none,none,none,none,-1,-1,gemini_rewrite,0,"No, I don't find them trustworthy."
146,Response,none,none,none,none,-1,-1,gemini_rewrite,0,"Another important question is ""WHAT"" the content and purpose of the article is. Disinformation articles often push one viewpoint, have an emotional tone, or make conspiracy claims. Do you recognize any of these signs in the title or content?"
146,Context,none,none,none,none,-1,-1,gemini_rewrite,0,"Yes, it feels like a conspiracy theory."
146,Response,none,none,none,none,-1,-1,gemini_rewrite,0,Conspiracies usually refer to a secret plot. Can you tell me what this alleged plot is about?
146,Context,none,none,none,none,-1,-1,gemini_rewrite,0,The government is spying on citizens through LED lighting.
146,Response,none,none,none,none,-1,-1,gemini_rewrite,0,"Very good, you are doing great! Does this group have a nefarious intent?"
146,Context,none,none,none,none,-1,-1,gemini_rewrite,0,"Yes, the article implies the government intends to control the population."
146,Response,none,none,none,none,-1,-1,gemini_rewrite,0,Does the author divide the world between good (us) and bad (them) people?
146,Context,none,none,none,none,-1,-1,gemini_rewrite,0,"Yes, the author presents citizens as victims and the government as the enemy."
146,Response,none,none,none,none,-1,-1,gemini_rewrite,0,"Keep in mind that evaluating conspiracy claims can be very challenging. This is because those who make such claims often identify a group of conspirators and then present probable cause as the truth, which only feeds suspicion. Additionally, the absence of evidence is often seen as further proof of the conspiracy, making it even harder to evaluate the claims. Does the author provide any evidence to support his/her claims?"
146,Context,none,none,none,none,-1,-1,gemini_rewrite,0,The author only provides circumstantial evidence.
146,Response,none,none,none,none,-1,-1,gemini_rewrite,0,Does this evidence appear to support the theory and increase your suspicion?
146,Context,none,none,none,none,-1,-1,gemini_rewrite,0,"It increases suspicion, but it is not conclusive evidence."
146,Response,none,none,none,none,-1,-1,gemini_rewrite,0,Does the author imply that everything is interconnected and there are no coincidences?
146,Context,none,none,none,none,-1,-1,gemini_rewrite,0,"Yes, there's a strong implication of interconnectedness."
146,Response,none,none,none,none,-1,-1,gemini_rewrite,0,"Articles often use emotional appeals to influence readers. Does this article attempt to induce doubt, fear, or anger in you?"
146,Context,none,none,none,none,-1,-1,gemini_rewrite,0,"Yes, it definitely tries to induce fear and anger."
146,Response,none,none,none,none,-1,-1,gemini_rewrite,0,"You did a great job identifying signs of conspiratorial thinking! What do you think is the author trying to accomplish? For example, does he/she seek to inform, entertain, convince, or sell)?"
146,Context,none,none,none,none,-1,-1,gemini_rewrite,0,I think the author is trying to convince people of the conspiracy.
146,Response,none,none,none,none,-1,-1,gemini_rewrite,0,Looking up alternative sources on a topic can be helpful. Have you considered checking other recent reputable sources with differing viewpoints?
146,Context,none,none,none,none,-1,-1,gemini_rewrite,0,"Yes, I will check other sources."
146,Response,none,none,none,none,-1,-1,gemini_rewrite,0,"Apart from identifying common tactics of disinformation, we must also be aware of our own biases, emotions, false beliefs, and stereotypes in order to resist the influence of such disinformation. Would you like to continue discussing and examining this particular article?"
146,Context,none,none,none,none,-1,-1,gemini_rewrite,0,I think I have enough information to conclude it is likely disinformation.
146,Response,none,none,none,none,-1,-1,gemini_rewrite,0,You did a great job!I look forward to talking with you again!
146,Context,none,none,none,none,-1,-1,gemini_rewrite,0,Thank you for your help!
146,Response,none,none,none,none,-1,-1,gemini_rewrite,0,TITAN Socratic Dialogue Finished!
147,Context,none,none,none,none,-1,-1,gemini_rewrite,0,Hello!
147,Response,none,none,none,none,-1,-1,gemini_rewrite,0,"Hello! Let me introduce myself, my name is TITAN, your AI Intelligent Coach against Disinformation. I see you have selected the article with title ""The government is spying on you through LED-lighting!!"". How may I be of assistance?"
147,Context,none,none,none,none,-1,-1,gemini_rewrite,0,I want to evaluate this article for disinformation.
147,Response,none,none,none,none,-1,-1,gemini_rewrite,0,Very Well! Do you want to evaluate the source and content of the article with me?
147,Context,none,none,none,none,-1,-1,gemini_rewrite,0,"Yes, let's do it."
147,Response,none,none,none,none,-1,-1,gemini_rewrite,0,"The first question we should ask ourselves is ""WHO"" is behind this article. Evaluating the author and the source helps us assess their reliability and potential biases. Can you tell me if the author is a real person whose name is clearly stated?"
147,Context,none,none,none,none,-1,-1,gemini_rewrite,0,"The author's name is ""TruthSeeker77."""
147,Response,none,none,none,none,-1,-1,gemini_rewrite,0,Is he/she a recognized expert on the subject with a relevant professional or academic background? We need to know if the author has the qualifications or expertise to speak on the topic.
147,Context,none,none,none,none,-1,-1,gemini_rewrite,0,I don't know if he's an expert.
147,Response,none,none,none,none,-1,-1,gemini_rewrite,0,"Can you tell me what the ""ABOUT US"" section reveals about our source? Legitimate news outlets provide information about their mission, editorial policies, policy statements and email contacts."
147,Context,none,none,none,none,-1,-1,gemini_rewrite,0,"There is no ""About Us"" section."
147,Response,none,none,none,none,-1,-1,gemini_rewrite,0,"Most reputable websites list their editorial team. Does this website list its editorial team, including journalists and editors?"
147,Context,none,none,none,none,-1,-1,gemini_rewrite,0,"No, it doesn't list any team."
147,Response,none,none,none,none,-1,-1,gemini_rewrite,0,Is timeliness important for your topic? Current information is often more reliable.
147,Context,none,none,none,none,-1,-1,gemini_rewrite,0,"Yes, it's important."
147,Response,none,none,none,none,-1,-1,gemini_rewrite,0,Is the content of the article current or just recycled material?
147,Context,none,none,none,none,-1,-1,gemini_rewrite,0,It seems recently published.
147,Response,none,none,none,none,-1,-1,gemini_rewrite,0,Has its content and hyperlinks ever been updated/revised (since then)?
147,Context,none,none,none,none,-1,-1,gemini_rewrite,0,I can't tell.
147,Response,none,none,none,none,-1,-1,gemini_rewrite,0,"Has this news website been recognized by other reputable organizations? For example, has it received awards for good journalism?"
147,Context,none,none,none,none,-1,-1,gemini_rewrite,0,I don't think so.
147,Response,none,none,none,none,-1,-1,gemini_rewrite,0,Have you tried verifying the reputation of your source by cross-referencing it with different sources?
147,Context,none,none,none,none,-1,-1,gemini_rewrite,0,Not yet.
147,Response,none,none,none,none,-1,-1,gemini_rewrite,0,"You did a great job, well done! Based on this quick check, it appears that the author is not an expert, he/she does not state his/her real name, and the article (content) is not recent. Can you tell me if you find the source/author trustworthy?"
147,Context,none,none,none,none,-1,-1,gemini_rewrite,0,I'm not sure.
147,Response,none,none,none,none,-1,-1,gemini_rewrite,0,"Another important question is ""WHAT"" the content and purpose of the article is. Disinformation articles often push one viewpoint, have an emotional tone, or make conspiracy claims. Do you recognize any of these signs in the title or content?"
147,Context,none,none,none,none,-1,-1,gemini_rewrite,0,It feels like a conspiracy theory.
147,Response,none,none,none,none,-1,-1,gemini_rewrite,0,Conspiracies usually refer to a secret plot. Can you tell me what this alleged plot is about?
147,Context,none,none,none,none,-1,-1,gemini_rewrite,0,The government is using LED lights to spy on citizens.
147,Response,none,none,none,none,-1,-1,gemini_rewrite,0,"Very good, you are doing great! Does this group have a nefarious intent?"
147,Context,none,none,none,none,-1,-1,gemini_rewrite,0,"Yes, they want to control the population."
147,Response,none,none,none,none,-1,-1,gemini_rewrite,0,Does the author divide the world between good (us) and bad (them) people?
147,Context,none,none,none,none,-1,-1,gemini_rewrite,0,"Yes, the government is ""them,"" and the people are ""us."""
147,Response,none,none,none,none,-1,-1,gemini_rewrite,0,"Keep in mind that evaluating conspiracy claims can be very challenging. This is because those who make such claims often identify a group of conspirators and then present probable cause as the truth, which only feeds suspicion. Additionally, the absence of evidence is often seen as further proof of the conspiracy, making it even harder to evaluate the claims. Does the author provide any evidence to support his/her claims?"
147,Context,none,none,none,none,-1,-1,gemini_rewrite,0,They provide some documents.
147,Response,none,none,none,none,-1,-1,gemini_rewrite,0,Does this evidence appear to support the theory and increase your suspicion?
147,Context,none,none,none,none,-1,-1,gemini_rewrite,0,"Maybe, I'm not sure if it's real or not."
147,Response,none,none,none,none,-1,-1,gemini_rewrite,0,Does the author imply that everything is interconnected and there are no coincidences?
147,Context,none,none,none,none,-1,-1,gemini_rewrite,0,"Yes, everything is connected."
147,Response,none,none,none,none,-1,-1,gemini_rewrite,0,"Articles often use emotional appeals to influence readers. Does this article attempt to induce doubt, fear, or anger in you?"
147,Context,none,none,none,none,-1,-1,gemini_rewrite,0,It makes me a little worried.
147,Response,none,none,none,none,-1,-1,gemini_rewrite,0,"You did a great job identifying signs of conspiratorial thinking! What do you think is the author trying to accomplish? For example, does he/she seek to inform, entertain, convince, or sell)?"
147,Context,none,none,none,none,-1,-1,gemini_rewrite,0,"I don't know, maybe warn people."
147,Response,none,none,none,none,-1,-1,gemini_rewrite,0,Looking up alternative sources on a topic can be helpful. Have you considered checking other recent reputable sources with differing viewpoints?
147,Context,none,none,none,none,-1,-1,gemini_rewrite,0,I haven't had time yet.
147,Response,none,none,none,none,-1,-1,gemini_rewrite,0,"Apart from identifying common tactics of disinformation, we must also be aware of our own biases, emotions, false beliefs, and stereotypes in order to resist the influence of such disinformation. Would you like to continue discussing and examining this particular article?"
147,Context,none,none,none,none,-1,-1,gemini_rewrite,0,I think I'm more confused now than before.
147,Response,none,none,none,none,-1,-1,gemini_rewrite,0,You did a great job!I look forward to talking with you again!
147,Context,none,none,none,none,-1,-1,gemini_rewrite,-1,I'm still not sure if it's disinformation.
147,Response,none,none,none,none,-1,-1,gemini_rewrite,0,TITAN Socratic Dialogue Finished!
148,Context,none,none,none,none,-1,-1,gemini_rewrite,0,Hello!
148,Response,none,none,none,none,-1,-1,gemini_rewrite,0,"Hello! Let me introduce myself, my name is TITAN, your AI Intelligent Coach against Disinformation. I see you have selected the article with title ""They knew : why didn't the unvaccinated do more to warn us"". What inspired you to select this specific article initially?"
148,Context,none,none,none,none,-1,-1,gemini_rewrite,0,I wanted to understand the arguments it presents.
148,Response,none,none,none,none,-1,-1,gemini_rewrite,0,What is the article about?
148,Context,none,none,none,none,-1,-1,gemini_rewrite,0,It discusses the perceived silence of unvaccinated people during the pandemic.
148,Response,none,none,none,none,-1,-1,gemini_rewrite,0,What claims are being made in the article?
148,Context,none,none,none,none,-1,-1,gemini_rewrite,0,The main claim is that unvaccinated individuals should have done more to warn others.
148,Response,none,none,none,none,-1,-1,gemini_rewrite,0,Would you say that this particular text aspires to achieve something more aside from providing us with raw facts/data regarding a fact/event?
148,Context,none,none,none,none,-1,-1,gemini_rewrite,0,"Yes, it seems to be pushing a particular viewpoint."
148,Response,none,none,none,none,-1,-1,gemini_rewrite,0,"What terminology would you use to characterize the author's linguistic style in this piece (for example, formal, informal, provocative, emotional, sarcastic, etc.)?"
148,Context,none,none,none,none,-1,-1,gemini_rewrite,0,I would say the style is somewhat provocative and emotional.
148,Response,none,none,none,none,-1,-1,gemini_rewrite,0,What causes you to believe that?
148,Context,none,none,none,none,-1,-1,gemini_rewrite,0,The language is accusatory and uses loaded terms.
148,Response,none,none,none,none,-1,-1,gemini_rewrite,0,Can you give an example(s) from the text?
148,Context,none,none,none,none,-1,-1,gemini_rewrite,0,"Phrases like ""they knew"" and the overall tone of disappointment suggest an emotional charge."
148,Response,none,none,none,none,-1,-1,gemini_rewrite,0,"While the use of strong and/or emotive language in a text might be relatively common, rarely would an author resort to its use without any purpose. Are you able to say why the author results in such a writing technique?"
148,Context,none,none,none,none,-1,-1,gemini_rewrite,0,To evoke a strong reaction and potentially assign blame.
148,Response,none,none,none,none,-1,-1,gemini_rewrite,0,"The employment of powerful and/or emotionally charged language tends to result in more apparent (if not more prejudiced) assertions. After reviewing the author's arguments in this article, do you consider them well-established?"
148,Context,none,none,none,none,-1,-1,gemini_rewrite,0,"No, I don't think they are very well-established."
148,Response,none,none,none,none,-1,-1,gemini_rewrite,0,Do you believe you can present me with an instance of a prejudiced claim? Can you locate any in the text?
148,Context,none,none,none,none,-1,-1,gemini_rewrite,0,The implication that all unvaccinated people possessed some secret knowledge is a prejudiced claim.
148,Response,none,none,none,none,-1,-1,gemini_rewrite,0,"Sometimes, the use of provocative language can also be a product of hate speech. Hate speech, unlike other forms of offensive speech/writing, is usually based on prejudices regarding race, religion, ethnic or national background, sex and sexual orientation, even disability. Do you find anything offensive about the claims and assumptions made by the author?"
148,Context,none,none,none,none,-1,-1,gemini_rewrite,0,"Yes, there's an offensive generalization about a group of people."
148,Response,none,none,none,none,-1,-1,gemini_rewrite,0,"Hate speech, in contrast to other types of offensive speech/writing, is commonly grounded in prejudices regarding factors such as ethnicity, race, gender, sexual orientation, or religion. Do you think any of the assumptions made might embody these attributes? Can you offer an instance from the text to illustrate this?"
148,Context,none,none,none,none,-1,-1,gemini_rewrite,0,"While not directly related to those categories, the assumption of knowing and malicious intent borders on prejudice."
148,Response,none,none,none,none,-1,-1,gemini_rewrite,0,Do you feel like you can identify any potentially problematic claims/statements made by the author?
148,Context,none,none,none,none,-1,-1,gemini_rewrite,0,The generalization about all unvaccinated people is problematic.
148,Response,none,none,none,none,-1,-1,gemini_rewrite,0,What do you believe could be the reasons behind the author's assumptions (if any)? Can you come up with any possible explanations?
148,Context,none,none,none,none,-1,-1,gemini_rewrite,0,"Frustration, anger, or a desire to find someone to blame for the pandemic's effects."
148,Response,none,none,none,none,-1,-1,gemini_rewrite,0,Do you believe that the author's assumptions are well-supported by the presented evidence?
148,Context,none,none,none,none,-1,-1,gemini_rewrite,0,"No, the evidence is mostly anecdotal or based on personal opinion."
148,Response,none,none,none,none,-1,-1,gemini_rewrite,0,"At times, even if the author presents us with reliable information about a fact or event, his/her assumptions and claims might still be offensive or a result of disinformation. Can you uncover sufficient proof in the text to support the less strong claims made by its author?"
148,Context,none,none,none,none,-1,-1,gemini_rewrite,0,There's little verifiable proof to support the stronger claims.
148,Response,none,none,none,none,-1,-1,gemini_rewrite,0,Let's try validating a claim. Do you think you can single out one from the text?
148,Context,none,none,none,none,-1,-1,gemini_rewrite,0,"""The unvaccinated knew the risks and didn't warn us."""
148,Response,none,none,none,none,-1,-1,gemini_rewrite,0,What evidence is offered in support of this claim? Does the author provide us with adequate information?
148,Context,none,none,none,none,-1,-1,gemini_rewrite,0,No real evidence is provided beyond the author's own feelings.
148,Response,none,none,none,none,-1,-1,gemini_rewrite,0,"Is it possible that any of these assumptions could be identified as a product of hate speech, as we previously discussed?"
148,Context,none,none,none,none,-1,-1,gemini_rewrite,0,It approaches that line with its generalization and accusatory tone.
148,Response,none,none,none,none,-1,-1,gemini_rewrite,0,What makes you think that?
148,Context,none,none,none,none,-1,-1,gemini_rewrite,0,It demonizes a whole group of people based on a single characteristic.
148,Response,none,none,none,none,-1,-1,gemini_rewrite,0,"It is common for articles to mirror the perspectives and values of the author. However, what is crucial is the ability to differentiate between the author's personal views/opinions and the actual facts/occurrences presented in the text. Are you capable of making this distinction?"
148,Context,none,none,none,none,-1,-1,gemini_rewrite,0,"Yes, I can see a clear difference between the author's strong opinions and verifiable facts."
148,Response,none,none,none,none,-1,-1,gemini_rewrite,0,Can you suggest an alternative way of examining the topic of the article that could have made the author's arguments more compelling?
148,Context,none,none,none,none,-1,-1,gemini_rewrite,0,A more balanced approach acknowledging the complexities of individual choice and access to information.
148,Response,none,none,none,none,-1,-1,gemini_rewrite,0,Does the article present any counterarguments against this opposing perspective?
148,Context,none,none,none,none,-1,-1,gemini_rewrite,0,"No, it doesn't acknowledge any alternative views."
148,Response,none,none,none,none,-1,-1,gemini_rewrite,0,TITAN Socratic AI Coach Stopped!
149,Context,none,none,none,none,-1,-1,gemini_rewrite,0,Hello!
149,Response,none,none,none,none,-1,-1,gemini_rewrite,0,"Hello! Let me introduce myself, my name is TITAN, your AI Intelligent Coach against Disinformation. I see you have selected the article with title ""They knew : why didn't the unvaccinated do more to warn us"". What inspired you to select this specific article initially?"
149,Context,none,none,none,none,-1,-1,gemini_rewrite,0,I wanted to understand different perspectives on the pandemic.
149,Response,none,none,none,none,-1,-1,gemini_rewrite,0,What is the article about?
149,Context,none,none,none,none,-1,-1,gemini_rewrite,0,It discusses the actions (or inactions) of unvaccinated individuals during the pandemic.
149,Response,none,none,none,none,-1,-1,gemini_rewrite,0,What claims are being made in the article?
149,Context,none,none,none,none,-1,-1,gemini_rewrite,0,It suggests the unvaccinated should have done more to warn others.
149,Response,none,none,none,none,-1,-1,gemini_rewrite,0,Would you say that this particular text aspires to achieve something more aside from providing us with raw facts/data regarding a fact/event?
149,Context,none,none,none,none,-1,-1,gemini_rewrite,0,"Yes, it definitely tries to persuade the reader."
149,Response,none,none,none,none,-1,-1,gemini_rewrite,0,"What terminology would you use to characterize the author's linguistic style in this piece (for example, formal, informal, provocative, emotional, sarcastic, etc.)?"
149,Context,none,none,none,none,-1,-1,gemini_rewrite,0,I'd say the style is provocative.
149,Response,none,none,none,none,-1,-1,gemini_rewrite,0,What causes you to believe that?
149,Context,none,none,none,none,-1,-1,gemini_rewrite,0,The title alone seems designed to elicit a strong reaction.
149,Response,none,none,none,none,-1,-1,gemini_rewrite,0,Can you give an example(s) from the text?
149,Context,none,none,none,none,-1,-1,gemini_rewrite,0,"The phrase ""why didn't they warn us"" implies blame."
149,Response,none,none,none,none,-1,-1,gemini_rewrite,0,"While the use of strong and/or emotive language in a text might be relatively common, rarely would an author resort to its use without any purpose. Are you able to say why the author results in such a writing technique?"
149,Context,none,none,none,none,-1,-1,gemini_rewrite,0,To evoke anger and frustration towards the unvaccinated.
149,Response,none,none,none,none,-1,-1,gemini_rewrite,0,"The employment of powerful and/or emotionally charged language tends to result in more apparent (if not more prejudiced) assertions. After reviewing the author's arguments in this article, do you consider them well-established?"
149,Context,none,none,none,none,-1,-1,gemini_rewrite,0,I don't think the arguments are well-established.
149,Response,none,none,none,none,-1,-1,gemini_rewrite,0,Do you believe you can present me with an instance of a prejudiced claim? Can you locate any in the text?
149,Context,none,none,none,none,-1,-1,gemini_rewrite,0,The implication that all unvaccinated people were deliberately withholding information.
149,Response,none,none,none,none,-1,-1,gemini_rewrite,0,"Sometimes, the use of provocative language can also be a product of hate speech. Hate speech, unlike other forms of offensive speech/writing, is usually based on prejudices regarding race, religion, ethnic or national background, sex and sexual orientation, even disability. Do you find anything offensive about the claims and assumptions made by the author?"
149,Context,none,none,none,none,-1,-1,gemini_rewrite,0,"It feels like it's bordering on offensive, yes."
149,Response,none,none,none,none,-1,-1,gemini_rewrite,0,"Hate speech, in contrast to other types of offensive speech/writing, is commonly grounded in prejudices regarding factors such as ethnicity, race, gender, sexual orientation, or religion. Do you think any of the assumptions made might embody these attributes? Can you offer an instance from the text to illustrate this?"
149,Context,none,none,none,none,-1,-1,gemini_rewrite,0,"Not exactly those attributes, but prejudice against a group based on health decisions."
149,Response,none,none,none,none,-1,-1,gemini_rewrite,0,Do you feel like you can identify any potentially problematic claims/statements made by the author?
149,Context,none,none,none,none,-1,-1,gemini_rewrite,0,The generalization about all unvaccinated people is problematic.
149,Response,none,none,none,none,-1,-1,gemini_rewrite,0,What do you believe could be the reasons behind the author's assumptions (if any)? Can you come up with any possible explanations?
149,Context,none,none,none,none,-1,-1,gemini_rewrite,0,Maybe the author had a negative personal experience related to someone unvaccinated.
149,Response,none,none,none,none,-1,-1,gemini_rewrite,0,Do you believe that the author's assumptions are well-supported by the presented evidence?
149,Context,none,none,none,none,-1,-1,gemini_rewrite,0,"No, the evidence is anecdotal at best."
149,Response,none,none,none,none,-1,-1,gemini_rewrite,0,"At times, even if the author presents us with reliable information about a fact or event, his/her assumptions and claims might still be offensive or a result of disinformation. Can you uncover sufficient proof in the text to support the less strong claims made by its author?"
149,Context,none,none,none,none,-1,-1,gemini_rewrite,0,I don't really see any verifiable proof of anything.
149,Response,none,none,none,none,-1,-1,gemini_rewrite,0,Let's try validating a claim. Do you think you can single out one from the text?
149,Context,none,none,none,none,-1,-1,gemini_rewrite,0,The claim that the unvaccinated knew more than they revealed.
149,Response,none,none,none,none,-1,-1,gemini_rewrite,0,What evidence is offered in support of this claim? Does the author provide us with adequate information?
149,Context,none,none,none,none,-1,-1,gemini_rewrite,0,"The author provides no concrete evidence, just insinuations."
149,Response,none,none,none,none,-1,-1,gemini_rewrite,0,"Is it possible that any of these assumptions could be identified as a product of hate speech, as we previously discussed?"
149,Context,none,none,none,none,-1,-1,gemini_rewrite,0,"I am not sure it is hate speech, but it's definitely divisive."
149,Response,none,none,none,none,-1,-1,gemini_rewrite,0,What makes you think that?
149,Context,none,none,none,none,-1,-1,gemini_rewrite,0,It promotes animosity towards a specific group.
149,Response,none,none,none,none,-1,-1,gemini_rewrite,0,"It is common for articles to mirror the perspectives and values of the author. However, what is crucial is the ability to differentiate between the author's personal views/opinions and the actual facts/occurrences presented in the text. Are you capable of making this distinction?"
149,Context,none,none,none,none,-1,-1,gemini_rewrite,0,"I think I am, but this article makes it hard."
149,Response,none,none,none,none,-1,-1,gemini_rewrite,0,Can you suggest an alternative way of examining the topic of the article that could have made the author's arguments more compelling?
149,Context,none,none,none,none,-1,-1,gemini_rewrite,0,Focusing on scientific data and avoiding generalizations would be better.
149,Response,none,none,none,none,-1,-1,gemini_rewrite,0,Does the article present any counterarguments against this opposing perspective?
149,Context,none,none,none,none,-1,-1,gemini_rewrite,-1,"No, it completely ignores other viewpoints."
149,Response,none,none,none,none,-1,-1,gemini_rewrite,0,TITAN Socratic AI Coach Stopped!
150,Context,none,none,none,none,-1,-1,gemini_rewrite,0,Hello!
150,Response,none,none,none,none,-1,-1,gemini_rewrite,0,"Hello! Let me introduce myself, my name is TITAN, your AI Intelligent Coach against Disinformation. I see you have selected the article with title ""The government is spying on you through LED-lighting!!"". How can I help you?"
150,Context,none,none,none,none,-1,-1,gemini_rewrite,0,I want to find out if this article contains disinformation.
150,Response,none,none,none,none,-1,-1,gemini_rewrite,0,Very Well! Do you want to evaluate the source and content of the article with me?
150,Context,none,none,none,none,-1,-1,gemini_rewrite,0,"Yes, let's evaluate it."
150,Response,none,none,none,none,-1,-1,gemini_rewrite,0,"The first question we should ask ourselves is ""WHO"" is behind this article. Evaluating the author and the source helps us assess their reliability and potential biases. Can you tell me if the author is a real person whose name is clearly stated?"
150,Context,none,none,none,none,-1,-1,gemini_rewrite,0,"No, the author uses a pseudonym."
150,Response,none,none,none,none,-1,-1,gemini_rewrite,0,Is he/she a recognized expert on the subject with a relevant professional or academic background? We need to know if the author has the qualifications or expertise to speak on the topic.
150,Context,none,none,none,none,-1,-1,gemini_rewrite,0,"No, there's no indication of relevant expertise."
150,Response,none,none,none,none,-1,-1,gemini_rewrite,0,"Does the ""ABOUT US"" section include policy statements and email contacts?"
150,Context,none,none,none,none,-1,-1,gemini_rewrite,0,"No, there is no ""About Us"" section."
150,Response,none,none,none,none,-1,-1,gemini_rewrite,0,"Most reputable websites list their editorial team. Does this website list its editorial team, including journalists and editors?"
150,Context,none,none,none,none,-1,-1,gemini_rewrite,0,"No, there's no editorial team listed."
150,Response,none,none,none,none,-1,-1,gemini_rewrite,0,Is timeliness important for your topic? Current information is often more reliable.
150,Context,none,none,none,none,-1,-1,gemini_rewrite,0,"Yes, it is."
150,Response,none,none,none,none,-1,-1,gemini_rewrite,0,Is the content of the article current or just recycled material?
150,Context,none,none,none,none,-1,-1,gemini_rewrite,0,It seems to be recycled from a few years ago.
150,Response,none,none,none,none,-1,-1,gemini_rewrite,0,Has its content and hyperlinks ever been updated/revised (since then)?
150,Context,none,none,none,none,-1,-1,gemini_rewrite,0,"No, it hasn't been updated."
150,Response,none,none,none,none,-1,-1,gemini_rewrite,0,"Has this news website been recognized by other reputable organizations? For example, has it received awards for good journalism?"
150,Context,none,none,none,none,-1,-1,gemini_rewrite,0,"No, it hasn't."
150,Response,none,none,none,none,-1,-1,gemini_rewrite,0,Have you tried verifying the reputation of your source by cross-referencing it with different sources?
150,Context,none,none,none,none,-1,-1,gemini_rewrite,0,I can't find any reputable sources that mention this website.
150,Response,none,none,none,none,-1,-1,gemini_rewrite,0,"You did a great job, well done! Based on this quick check, it appears that the author is not an expert, he/she does not state his/her real name, and the article (content) is not recent. Can you tell me if you find the source/author trustworthy?"
150,Context,none,none,none,none,-1,-1,gemini_rewrite,0,"No, I don't find it trustworthy at all."
150,Response,none,none,none,none,-1,-1,gemini_rewrite,0,"Another important question is ""WHAT"" the content and purpose of the article is. Disinformation articles often push one viewpoint, have an emotional tone, or make conspiracy claims. Do you recognize any of these signs in the title or content?"
150,Context,none,none,none,none,-1,-1,gemini_rewrite,0,"Yes, it sounds like a conspiracy theory."
150,Response,none,none,none,none,-1,-1,gemini_rewrite,0,Conspiracies usually refer to a secret plot. Can you tell me what this alleged plot is about?
150,Context,none,none,none,none,-1,-1,gemini_rewrite,0,The plot is that the government is spying on people using LED lights.
150,Response,none,none,none,none,-1,-1,gemini_rewrite,0,"Very good, you are doing great! Does this group have a nefarious intent?"
150,Context,none,none,none,none,-1,-1,gemini_rewrite,0,"Yes, they claim the government wants to control our minds."
150,Response,none,none,none,none,-1,-1,gemini_rewrite,0,Does the author divide the world between good (us) and bad (them) people?
150,Context,none,none,none,none,-1,-1,gemini_rewrite,0,"Yes, the author portrays the government as ""them"" and the people as ""us""."
150,Response,none,none,none,none,-1,-1,gemini_rewrite,0,"Keep in mind that evaluating conspiracy claims can be very challenging. This is because those who make such claims often identify a group of conspirators and then present probable cause as the truth, which only feeds suspicion. Additionally, the absence of evidence is often seen as further proof of the conspiracy, making it even harder to evaluate the claims. Does the author provide any evidence to support his/her claims?"
150,Context,none,none,none,none,-1,-1,gemini_rewrite,0,The author provides no real evidence.
150,Response,none,none,none,none,-1,-1,gemini_rewrite,0,Does this evidence appear to support the theory and increase your suspicion?
150,Context,none,none,none,none,-1,-1,gemini_rewrite,0,"No, because there is no evidence to begin with."
150,Response,none,none,none,none,-1,-1,gemini_rewrite,0,Does the author imply that everything is interconnected and there are no coincidences?
150,Context,none,none,none,none,-1,-1,gemini_rewrite,0,"Yes, the author connects unrelated events as proof."
150,Response,none,none,none,none,-1,-1,gemini_rewrite,0,"Articles often appeal to emotion to influence readers. Does this article attempt to provoke doubt, fear, or anger in you?"
150,Context,none,none,none,none,-1,-1,gemini_rewrite,0,"Yes, the article attempts to provoke fear."
150,Response,none,none,none,none,-1,-1,gemini_rewrite,0,"You did a great job identifying signs of conspiratorial thinking! What do you think is the author's goal? For example, does he/she seek to inform, entertain, convince, or sell)?"
150,Context,none,none,none,none,-1,-1,gemini_rewrite,0,I think the author seeks to convince people of their conspiracy theory.
150,Response,none,none,none,none,-1,-1,gemini_rewrite,0,Looking up alternative sources on a topic can be helpful. Have you considered checking other recent reputable sources with differing viewpoints?
150,Context,none,none,none,none,-1,-1,gemini_rewrite,0,"Yes, I have, and they debunk this theory."
150,Response,none,none,none,none,-1,-1,gemini_rewrite,0,"Apart from identifying common tactics of disinformation, we must also be aware of our own biases, emotions, false beliefs, and stereotypes in order to resist the influence of such disinformation. Would you like to continue discussing and examining this particular article?"
150,Context,none,none,none,none,-1,-1,gemini_rewrite,0,"No, I think I have enough information."
150,Response,none,none,none,none,-1,-1,gemini_rewrite,0,You did a great job!I look forward to talking with you again!
150,Context,none,none,none,none,-1,-1,gemini_rewrite,0,"Thank you for your help, I believe the article contains disinformation."
150,Response,none,none,none,none,-1,-1,gemini_rewrite,0,TITAN Socratic Dialogue Finished!
151,Context,none,none,none,none,-1,-1,gemini_rewrite,0,Hello!
151,Response,none,none,none,none,-1,-1,gemini_rewrite,0,"Hello! Let me introduce myself, my name is TITAN, your AI Intelligent Coach against Disinformation. I see you have selected the article with title ""The government is spying on you through LED-lighting!!"". How can I help you?"
151,Context,none,none,none,none,-1,-1,gemini_rewrite,0,I want to know if this article contains disinformation.
151,Response,none,none,none,none,-1,-1,gemini_rewrite,0,Very Well! Do you want to evaluate the source and content of the article with me?
151,Context,none,none,none,none,-1,-1,gemini_rewrite,0,"Yes, let's do it."
151,Response,none,none,none,none,-1,-1,gemini_rewrite,0,"The first question we should ask ourselves is ""WHO"" is behind this article. Evaluating the author and the source helps us assess their reliability and potential biases. Can you tell me if the author is a real person whose name is clearly stated?"
151,Context,none,none,none,none,-1,-1,gemini_rewrite,0,"No, the author uses a pseudonym."
151,Response,none,none,none,none,-1,-1,gemini_rewrite,0,Is he/she a recognized expert on the subject with a relevant professional or academic background? We need to know if the author has the qualifications or expertise to speak on the topic.
151,Context,none,none,none,none,-1,-1,gemini_rewrite,0,I can't find any information about the author's background.
151,Response,none,none,none,none,-1,-1,gemini_rewrite,0,"Does the ""ABOUT US"" section include policy statements and email contacts?"
151,Context,none,none,none,none,-1,-1,gemini_rewrite,0,"No, it's very vague."
151,Response,none,none,none,none,-1,-1,gemini_rewrite,0,"Most reputable websites list their editorial team. Does this website list its editorial team, including journalists and editors?"
151,Context,none,none,none,none,-1,-1,gemini_rewrite,0,"No, there's no editorial team listed."
151,Response,none,none,none,none,-1,-1,gemini_rewrite,0,Is timeliness important for your topic? Current information is often more reliable.
151,Context,none,none,none,none,-1,-1,gemini_rewrite,0,"Yes, it is."
151,Response,none,none,none,none,-1,-1,gemini_rewrite,0,Is the content of the article current or just recycled material?
151,Context,none,none,none,none,-1,-1,gemini_rewrite,0,It seems like it was written a few years ago.
151,Response,none,none,none,none,-1,-1,gemini_rewrite,0,Has its content and hyperlinks ever been updated/revised (since then)?
151,Context,none,none,none,none,-1,-1,gemini_rewrite,0,"No, it hasn't been updated."
151,Response,none,none,none,none,-1,-1,gemini_rewrite,0,"Has this news website been recognized by other reputable organizations? For example, has it received awards for good journalism?"
151,Context,none,none,none,none,-1,-1,gemini_rewrite,0,I've never heard of it.
151,Response,none,none,none,none,-1,-1,gemini_rewrite,0,Have you tried verifying the reputation of your source by cross-referencing it with different sources?
151,Context,none,none,none,none,-1,-1,gemini_rewrite,0,I can't find it on other websites.
151,Response,none,none,none,none,-1,-1,gemini_rewrite,0,"You did a great job, well done! Based on this quick check, it appears that the author is not an expert, he/she does not state his/her real name, and the article (content) is not recent. Can you tell me if you find the source/author trustworthy?"
151,Context,none,none,none,none,-1,-1,gemini_rewrite,0,"I don't know, maybe they are hiding something."
151,Response,none,none,none,none,-1,-1,gemini_rewrite,0,"Another important question is ""WHAT"" the content and purpose of the article is. Disinformation articles often push one viewpoint, have an emotional tone, or make conspiracy claims. Do you recognize any of these signs in the title or content?"
151,Context,none,none,none,none,-1,-1,gemini_rewrite,0,"Yes, it sounds like a conspiracy theory."
151,Response,none,none,none,none,-1,-1,gemini_rewrite,0,Conspiracies usually refer to a secret plot. Can you tell me what this alleged plot is about?
151,Context,none,none,none,none,-1,-1,gemini_rewrite,0,The government is using LED lighting to spy on citizens.
151,Response,none,none,none,none,-1,-1,gemini_rewrite,0,"Very good, you are doing great! Does this group have a nefarious intent?"
151,Context,none,none,none,none,-1,-1,gemini_rewrite,0,"Yes, to control the population."
151,Response,none,none,none,none,-1,-1,gemini_rewrite,0,Does the author divide the world between good (us) and bad (them) people?
151,Context,none,none,none,none,-1,-1,gemini_rewrite,0,"Yes, the government is bad and the people are good."
151,Response,none,none,none,none,-1,-1,gemini_rewrite,0,"Keep in mind that evaluating conspiracy claims can be very challenging. This is because those who make such claims often identify a group of conspirators and then present probable cause as the truth, which only feeds suspicion. Additionally, the absence of evidence is often seen as further proof of the conspiracy, making it even harder to evaluate the claims. Does the author provide any evidence to support his/her claims?"
151,Context,none,none,none,none,-1,-1,gemini_rewrite,0,Some blurry photos and anecdotal stories.
151,Response,none,none,none,none,-1,-1,gemini_rewrite,0,Does this evidence appear to support the theory and increase your suspicion?
151,Context,none,none,none,none,-1,-1,gemini_rewrite,0,"Yes, I'm starting to think there might be something to it."
151,Response,none,none,none,none,-1,-1,gemini_rewrite,0,Does the author imply that everything is interconnected and there are no coincidences?
151,Context,none,none,none,none,-1,-1,gemini_rewrite,0,"Yes, every detail is a clue."
151,Response,none,none,none,none,-1,-1,gemini_rewrite,0,"Articles often appeal to emotion to influence readers. Does this article attempt to provoke doubt, fear, or anger in you?"
151,Context,none,none,none,none,-1,-1,gemini_rewrite,0,"Yes, I feel scared and angry."
151,Response,none,none,none,none,-1,-1,gemini_rewrite,0,"You did a great job identifying signs of conspiratorial thinking! What do you think is the author's goal? For example, does he/she seek to inform, entertain, convince, or sell)?"
151,Context,none,none,none,none,-1,-1,gemini_rewrite,0,To warn us about the government.
151,Response,none,none,none,none,-1,-1,gemini_rewrite,0,Looking up alternative sources on a topic can be helpful. Have you considered checking other recent reputable sources with differing viewpoints?
151,Context,none,none,none,none,-1,-1,gemini_rewrite,0,I'm afraid to find out what they are hiding!
151,Response,none,none,none,none,-1,-1,gemini_rewrite,0,"Apart from identifying common tactics of disinformation, we must also be aware of our own biases, emotions, false beliefs, and stereotypes in order to resist the influence of such disinformation. Would you like to continue discussing and examining this particular article?"
151,Context,none,none,none,none,-1,-1,gemini_rewrite,0,I'm not sure anymore.
151,Response,none,none,none,none,-1,-1,gemini_rewrite,0,You did a great job!I look forward to talking with you again!
151,Context,none,none,none,none,-1,-1,gemini_rewrite,-1,"I'm still confused, is it disinformation or not?"
151,Response,none,none,none,none,-1,-1,gemini_rewrite,0,TITAN Socratic Dialogue Finished!
152,Context,none,none,none,none,-1,-1,gemini_rewrite,0,Hello!
152,Response,none,none,none,none,-1,-1,gemini_rewrite,0,"Hello! Let me introduce myself, my name is TITAN, your AI Intelligent Coach against Disinformation. I see you have selected the article with title ""'Migrants ate my dogs' And now it's chaos in Lampedusa"". What led you to read this article?"
152,Context,none,none,none,none,-1,-1,gemini_rewrite,0,I wanted to see if it was spreading misinformation.
152,Response,none,none,none,none,-1,-1,gemini_rewrite,0,Having read the article what would you say that the main topic is?
152,Context,none,none,none,none,-1,-1,gemini_rewrite,0,It seems to be about the alleged negative impact of migrants on Lampedusa.
152,Response,none,none,none,none,-1,-1,gemini_rewrite,0,What claims are being made in the article?
152,Context,none,none,none,none,-1,-1,gemini_rewrite,0,The article claims migrants are responsible for chaos and even ate someone's dogs.
152,Response,none,none,none,none,-1,-1,gemini_rewrite,0,"After carefully considering the assumptions made by the author and the overall content of the article, can you think of any consequences this text might have to a potential reader?"
152,Context,none,none,none,none,-1,-1,gemini_rewrite,0,It could incite hatred and prejudice against migrants.
152,Response,none,none,none,none,-1,-1,gemini_rewrite,0,Do you believe that the assumptions/claims of the article are consistent with your own personal experience on the subject (if any)?
152,Context,none,none,none,none,-1,-1,gemini_rewrite,0,"No, I have no personal experience, but the claims seem extreme and unlikely."
152,Response,none,none,none,none,-1,-1,gemini_rewrite,0,How would you describe this article after this short discussion?
152,Context,none,none,none,none,-1,-1,gemini_rewrite,0,It appears to be sensationalist and potentially xenophobic.
152,Response,none,none,none,none,-1,-1,gemini_rewrite,0,Should we exercise caution in regards to the author's approach to the topic?
152,Context,none,none,none,none,-1,-1,gemini_rewrite,0,"Yes, extreme caution is warranted."
152,Response,none,none,none,none,-1,-1,gemini_rewrite,0,"After our discussion, what are your feelings towards the article?"
152,Context,none,none,none,none,-1,-1,gemini_rewrite,0,I'm highly skeptical of its truthfulness.
152,Response,none,none,none,none,-1,-1,gemini_rewrite,0,Do you feel that you have grasped the reasoning of the author?
152,Context,none,none,none,none,-1,-1,gemini_rewrite,0,The author seems to be trying to create outrage.
152,Response,none,none,none,none,-1,-1,gemini_rewrite,0,Would you suggest any possible modifications to the author's approach?
152,Context,none,none,none,none,-1,-1,gemini_rewrite,0,The author should provide evidence and avoid inflammatory language.
152,Response,none,none,none,none,-1,-1,gemini_rewrite,0,Can you provide strong evidence to substantiate your claims?
152,Context,none,none,none,none,-1,-1,gemini_rewrite,0,"No, but the lack of credible sources in the article itself is suspicious."
152,Response,none,none,none,none,-1,-1,gemini_rewrite,0,"After our discussion, do you feel that you are in a position to better understand the characteristics of this article, as well as its potential consequences?"
152,Context,none,none,none,none,-1,-1,gemini_rewrite,0,"Yes, I think I have a better understanding now."
152,Response,none,none,none,none,-1,-1,gemini_rewrite,0,Would you be in a better position to identify the use of disinformation signals in an article from now on?
152,Context,none,none,none,none,-1,-1,gemini_rewrite,0,"Yes, I believe so."
152,Response,none,none,none,none,-1,-1,gemini_rewrite,0,What are you planning to do with this article now?
152,Context,none,none,none,none,-1,-1,gemini_rewrite,0,I will report it as potentially misleading.
152,Response,none,none,none,none,-1,-1,gemini_rewrite,0,What do you think of our discussion? Did you find it helpful?
152,Context,none,none,none,none,-1,-1,gemini_rewrite,0,"Yes, it was very helpful."
152,Response,none,none,none,none,-1,-1,gemini_rewrite,0,Is there any other topic you would like to go over with me?
152,Context,none,none,none,none,-1,-1,gemini_rewrite,0,"No, thank you."
152,Response,none,none,none,none,-1,-1,gemini_rewrite,0,TITAN Socratic Dialogue Finished!
153,Context,none,none,none,none,-1,-1,gemini_rewrite,0,Hello!
153,Response,none,none,none,none,-1,-1,gemini_rewrite,0,"Hello! Let me introduce myself, my name is TITAN, your AI Intelligent Coach against Disinformation. I see you have selected the article with title ""'Migrants ate my dogs' And now it's chaos in Lampedusa"". What led you to read this article?"
153,Context,none,none,none,none,-1,-1,gemini_rewrite,0,I saw it shared on social media and it seemed shocking.
153,Response,none,none,none,none,-1,-1,gemini_rewrite,0,Having read the article what would you say that the main topic is?
153,Context,none,none,none,none,-1,-1,gemini_rewrite,0,"Supposedly, migrants causing chaos and violence."
153,Response,none,none,none,none,-1,-1,gemini_rewrite,0,What claims are being made in the article?
153,Context,none,none,none,none,-1,-1,gemini_rewrite,0,It claims migrants are responsible for the unrest.
153,Response,none,none,none,none,-1,-1,gemini_rewrite,0,"After carefully considering the assumptions made by the author and the overall content of the article, can you think of any consequences this text might have to a potential reader?"
153,Context,none,none,none,none,-1,-1,gemini_rewrite,0,It might make people more fearful and prejudiced towards migrants.
153,Response,none,none,none,none,-1,-1,gemini_rewrite,0,Do you believe that the assumptions/claims of the article are consistent with your own personal experience on the subject (if any)?
153,Context,none,none,none,none,-1,-1,gemini_rewrite,0,I have no personal experience with this situation.
153,Response,none,none,none,none,-1,-1,gemini_rewrite,0,How would you describe this article after this short discussion?
153,Context,none,none,none,none,-1,-1,gemini_rewrite,0,Sensationalized and potentially biased.
153,Response,none,none,none,none,-1,-1,gemini_rewrite,0,Should we exercise caution in regards to the author's approach to the topic?
153,Context,none,none,none,none,-1,-1,gemini_rewrite,0,"Yes, definitely."
153,Response,none,none,none,none,-1,-1,gemini_rewrite,0,"After our discussion, what are your feelings towards the article?"
153,Context,none,none,none,none,-1,-1,gemini_rewrite,0,"I'm skeptical, but not entirely sure if it's disinformation."
153,Response,none,none,none,none,-1,-1,gemini_rewrite,0,Do you feel that you have grasped the reasoning of the author?
153,Context,none,none,none,none,-1,-1,gemini_rewrite,0,I think the author wants to stir up anti-immigrant sentiment.
153,Response,none,none,none,none,-1,-1,gemini_rewrite,0,Would you suggest any possible modifications to the author's approach?
153,Context,none,none,none,none,-1,-1,gemini_rewrite,0,They should provide evidence and present a balanced view.
153,Response,none,none,none,none,-1,-1,gemini_rewrite,0,Can you provide strong evidence to substantiate your claims?
153,Context,none,none,none,none,-1,-1,gemini_rewrite,0,"I don't have any specific evidence, just a feeling."
153,Response,none,none,none,none,-1,-1,gemini_rewrite,0,"After our discussion, do you feel that you are in a position to better understand the characteristics of this article, as well as its potential consequences?"
153,Context,none,none,none,none,-1,-1,gemini_rewrite,0,"Not really, I'm more confused now."
153,Response,none,none,none,none,-1,-1,gemini_rewrite,0,Would you be in a better position to identify the use of disinformation signals in an article from now on?
153,Context,none,none,none,none,-1,-1,gemini_rewrite,0,"Maybe, but I still feel unsure."
153,Response,none,none,none,none,-1,-1,gemini_rewrite,0,What are you planning to do with this article now?
153,Context,none,none,none,none,-1,-1,gemini_rewrite,0,"I don't know, I guess I'll ignore it."
153,Response,none,none,none,none,-1,-1,gemini_rewrite,0,What do you think of our discussion? Did you find it helpful?
153,Context,none,none,none,none,-1,-1,gemini_rewrite,0,"Not particularly, it left me more confused."
153,Response,none,none,none,none,-1,-1,gemini_rewrite,0,Is there any other topic you would like to go over with me?
153,Context,none,none,none,none,-1,-1,gemini_rewrite,-1,"No, thank you."
153,Response,none,none,none,none,-1,-1,gemini_rewrite,0,TITAN Socratic Dialogue Finished!
154,Context,none,none,none,none,-1,-1,gemini_rewrite,0,Hello!
154,Response,none,none,none,none,-1,-1,gemini_rewrite,0,"Hello! Let me introduce myself, my name is TITAN, your AI Intelligent Coach against Disinformation. I see you have selected the article with title ""Cholesterol is kept very low on purpose! Are we being lied to by pharma?"". Could you share what triggered your curiosity?"
154,Context,none,none,none,none,-1,-1,gemini_rewrite,0,I'm curious because I want to understand if the claims about cholesterol are valid.
154,Response,none,none,none,none,-1,-1,gemini_rewrite,0,"After going through the article, what do you think the primary focus or theme is?"
154,Context,none,none,none,none,-1,-1,gemini_rewrite,0,The main theme seems to be questioning the established medical advice on cholesterol.
154,Response,none,none,none,none,-1,-1,gemini_rewrite,0,What would you say that the main claim of the article is? Does the author try to make a point?
154,Context,none,none,none,none,-1,-1,gemini_rewrite,0,The author claims that pharmaceutical companies are deliberately misleading the public about cholesterol.
154,Response,none,none,none,none,-1,-1,gemini_rewrite,0,Why do you assume you felt this way after reading this article?
154,Context,none,none,none,none,-1,-1,gemini_rewrite,0,I felt skeptical because of the strong accusations against pharmaceutical companies.
154,Response,none,none,none,none,-1,-1,gemini_rewrite,0,Do you think that the author did this on purpose?
154,Context,none,none,none,none,-1,-1,gemini_rewrite,0,"Yes, I think the author intended to raise doubts about conventional wisdom."
154,Response,none,none,none,none,-1,-1,gemini_rewrite,0,Do you think you are able to provide me with an example of a biased claim? Can you find any in the text?
154,Context,none,none,none,none,-1,-1,gemini_rewrite,0,"The phrase ""being lied to by pharma"" seems like a biased claim."
154,Response,none,none,none,none,-1,-1,gemini_rewrite,0,Is it possible to identify any instances that expose the author's viewpoint or understanding?
154,Context,none,none,none,none,-1,-1,gemini_rewrite,0,"Yes, the author clearly believes that the medical establishment is corrupt."
154,Response,none,none,none,none,-1,-1,gemini_rewrite,0,Could you provide an instance(s) from the text?
154,Context,none,none,none,none,-1,-1,gemini_rewrite,0,The title itself suggests the author's pre-existing suspicion.
154,Response,none,none,none,none,-1,-1,gemini_rewrite,0,What methods can we use to ascertain whether this claim is accurate?
154,Context,none,none,none,none,-1,-1,gemini_rewrite,0,We can check scientific studies and consult with medical professionals.
154,Response,none,none,none,none,-1,-1,gemini_rewrite,0,What are your thoughts regarding the assumptions made by the author?
154,Context,none,none,none,none,-1,-1,gemini_rewrite,0,The author assumes a conspiracy without providing solid evidence.
154,Response,none,none,none,none,-1,-1,gemini_rewrite,0,Would you say that this particular text aspires to achieve something more aside from providing us with raw facts/data regarding a fact/event?
154,Context,none,none,none,none,-1,-1,gemini_rewrite,0,It seems the text aims to persuade readers to distrust medical authorities.
154,Response,none,none,none,none,-1,-1,gemini_rewrite,0,What is your opinion on this?
154,Context,none,none,none,none,-1,-1,gemini_rewrite,0,"I think it's important to be critical, but also to rely on reliable sources."
154,Response,none,none,none,none,-1,-1,gemini_rewrite,0,What assumptions can you make here?
154,Context,none,none,none,none,-1,-1,gemini_rewrite,0,The author assumes that low cholesterol is harmful and that pharmaceutical companies are profiting from a lie.
154,Response,none,none,none,none,-1,-1,gemini_rewrite,0,"How would you describe the language used by the author in this text (e.g. formal, informal, offensive, emotive, sarcastic etc.)?"
154,Context,none,none,none,none,-1,-1,gemini_rewrite,0,The language is informal and somewhat emotive.
154,Response,none,none,none,none,-1,-1,gemini_rewrite,0,What could the author be attempting to accomplish by adopting this particular style of language?
154,Context,none,none,none,none,-1,-1,gemini_rewrite,0,The author may be trying to connect with readers on an emotional level.
154,Response,none,none,none,none,-1,-1,gemini_rewrite,0,Do you think an objective journalist would use such language?
154,Context,none,none,none,none,-1,-1,gemini_rewrite,0,"No, I don't think an objective journalist would use such language."
154,Response,none,none,none,none,-1,-1,gemini_rewrite,0,Are journalists supposed to be subjective or objective?
154,Context,none,none,none,none,-1,-1,gemini_rewrite,0,Journalists are supposed to be objective.
154,Response,none,none,none,none,-1,-1,gemini_rewrite,0,"The use of emotionally charged language requires utmost caution. Although a claim or argument may be backed by accurate information and facts, it can still be presented in a biased or distorted manner. Why do you think a reader should be cautious towards the claims of the author?"
154,Context,none,none,none,none,-1,-1,gemini_rewrite,0,Readers should be cautious because emotion can cloud judgment.
154,Response,none,none,none,none,-1,-1,gemini_rewrite,0,In what way do the claims connect to the central point advanced by the author?
154,Context,none,none,none,none,-1,-1,gemini_rewrite,0,The claims support the author's central point by suggesting a widespread conspiracy.
154,Response,none,none,none,none,-1,-1,gemini_rewrite,0,Are you of the opinion that you have the ability to substantiate these assumptions on your own?
154,Context,none,none,none,none,-1,-1,gemini_rewrite,0,"No, I would need to research medical studies and consult with doctors."
154,Response,none,none,none,none,-1,-1,gemini_rewrite,0,What evidence is offered in support of this claim? Does the author provide us with adequate information?
154,Context,none,none,none,none,-1,-1,gemini_rewrite,0,The author doesn't provide enough solid evidence to support the claims.
154,Response,none,none,none,none,-1,-1,gemini_rewrite,0,Do you feel that these assumptions are sufficiently justified based on the evidence offered by the author?
154,Context,none,none,none,none,-1,-1,gemini_rewrite,0,"No, the assumptions are not justified by the evidence."
154,Response,none,none,none,none,-1,-1,gemini_rewrite,0,Would you be able to identify the emotion that the evidence provokes?
154,Context,none,none,none,none,-1,-1,gemini_rewrite,0,"The ""evidence"" seems designed to provoke fear and distrust."
154,Response,none,none,none,none,-1,-1,gemini_rewrite,0,"Studies have shown that the reliance on emotion is (sometimes) associated with misinformation sharing. The use of suspenseful, provocative, hyperbolic or exaggerated words and phrases, which are usual characteristics of emotive language, can often be misleading and can be safely considered as a potential sign of disinformation. Are you able to identify words or phrases in the text that may have any of aforementioned characteristics?"
154,Context,none,none,none,none,-1,-1,gemini_rewrite,0,"Yes, ""being lied to"" is a provocative and exaggerated phrase."
154,Response,none,none,none,none,-1,-1,gemini_rewrite,0,"It is a common occurrence for articles that utilize emotionally charged language to provide us with startling depictions, details, and so on. Do you happen to come across any in this particular text?"
154,Context,none,none,none,none,-1,-1,gemini_rewrite,0,"The claim of a deliberate, harmful deception by pharma is a startling depiction."
154,Response,none,none,none,none,-1,-1,gemini_rewrite,0,"Were you aware that the spread of fake news has been positively associated with the generation of negative feelings (such as feelings of anger, injustice, etc.)?"
154,Context,none,none,none,none,-1,-1,gemini_rewrite,0,"Yes, I am aware of that."
154,Response,none,none,none,none,-1,-1,gemini_rewrite,0,Articles naturally tend to reflect the ideas and beliefs of the author. What is important though is the ability to distinguish between the personal opinion/beliefs of the author and the facts/events that are discussed in the text. Do you think you are in a position to do so?
154,Context,none,none,none,none,-1,-1,gemini_rewrite,0,"Yes, I can distinguish between the author's opinion and factual claims."
154,Response,none,none,none,none,-1,-1,gemini_rewrite,0,"At times, the incorporation of emotionally charged language might cause us to form erroneous beliefs about a circumstance, occurrence, or truth. Could it be that we're being presented with an unrealistic depiction in this case?"
154,Context,none,none,none,none,-1,-1,gemini_rewrite,0,"Yes, it's possible that the article presents an unrealistic and biased depiction."
154,Response,none,none,none,none,-1,-1,gemini_rewrite,0,Repetition is another indication of emotive language. Do you see same expression or words being repeated in the article?
154,Context,none,none,none,none,-1,-1,gemini_rewrite,0,"Yes, the idea of a ""lie"" is repeated throughout the article."
154,Response,none,none,none,none,-1,-1,gemini_rewrite,0,What is the reason behind the usage of emotionally charged language in this article?
154,Context,none,none,none,none,-1,-1,gemini_rewrite,0,The author likely uses it to persuade and incite distrust.
154,Response,none,none,none,none,-1,-1,gemini_rewrite,0,Do you think that the author is prejudiced from the language he/she uses? Is there any specific evidence that led you to this belief?
154,Context,none,none,none,none,-1,-1,gemini_rewrite,0,"Yes, the author seems prejudiced against pharmaceutical companies, based on the accusatory language used."
154,Response,none,none,none,none,-1,-1,gemini_rewrite,0,Do you believe that the author is impartial?
154,Context,none,none,none,none,-1,-1,gemini_rewrite,0,"No, I don't believe the author is impartial."
154,Response,none,none,none,none,-1,-1,gemini_rewrite,0,Can you envision any implications this text may have for a future reader?
154,Context,none,none,none,none,-1,-1,gemini_rewrite,0,Readers might distrust their doctors and avoid necessary medications.
154,Response,none,none,none,none,-1,-1,gemini_rewrite,0,Do you believe that the assumptions/claims of the article are consistent with your own personal experience on the subject (if any)?
154,Context,none,none,none,none,-1,-1,gemini_rewrite,0,"No, the claims don't align with my general understanding of healthcare."
154,Response,none,none,none,none,-1,-1,gemini_rewrite,0,How would you describe this article after this short discussion?
154,Context,none,none,none,none,-1,-1,gemini_rewrite,0,I'd describe it as a potentially misleading piece of propaganda.
154,Response,none,none,none,none,-1,-1,gemini_rewrite,0,Do you think that we must be cautious of the way the author is choosing to approach the subject?
154,Context,none,none,none,none,-1,-1,gemini_rewrite,0,"Yes, we must be very cautious of the author's approach."
154,Response,none,none,none,none,-1,-1,gemini_rewrite,0,"After our discussion, what are your feelings towards the article?"
154,Context,none,none,none,none,-1,-1,gemini_rewrite,0,I feel more skeptical and critical of the article's claims.
154,Response,none,none,none,none,-1,-1,gemini_rewrite,0,Are you confident that you have understood the author's line of thinking?
154,Context,none,none,none,none,-1,-1,gemini_rewrite,0,"Yes, I understand the author's perspective and biases."
154,Response,none,none,none,none,-1,-1,gemini_rewrite,0,Would you suggest any possible modifications to the author's approach?
154,Context,none,none,none,none,-1,-1,gemini_rewrite,0,The author should present verifiable evidence and avoid emotionally charged language.
154,Response,none,none,none,none,-1,-1,gemini_rewrite,0,Are you in a position to form a solid argument in support of your claims?
154,Context,none,none,none,none,-1,-1,gemini_rewrite,0,"Yes, I can argue that the article relies on unsupported assumptions and emotional manipulation."
154,Response,none,none,none,none,-1,-1,gemini_rewrite,0,"Do you now believe that you have a clearer grasp of the attributes of this article, as well as its possible outcomes?"
154,Context,none,none,none,none,-1,-1,gemini_rewrite,0,"Yes, I have a clearer understanding now."
154,Response,none,none,none,none,-1,-1,gemini_rewrite,0,Would you be in a better position to identify the use of disinformation signals in an article from now on?
154,Context,none,none,none,none,-1,-1,gemini_rewrite,0,"Yes, I would be in a better position to identify disinformation."
154,Response,none,none,none,none,-1,-1,gemini_rewrite,0,What do you intend to do with this article from this point onwards?
154,Context,none,none,none,none,-1,-1,gemini_rewrite,0,I'll share it with a warning about its potential biases.
154,Response,none,none,none,none,-1,-1,gemini_rewrite,0,What is your opinion of our conversation? Was it beneficial for you?
154,Context,none,none,none,none,-1,-1,gemini_rewrite,0,"Yes, the conversation was very beneficial."
154,Response,none,none,none,none,-1,-1,gemini_rewrite,0,Is there any other topic you would like to cover with me?
154,Context,none,none,none,none,-1,-1,gemini_rewrite,0,"Not at this time, thank you."
154,Response,none,none,none,none,-1,-1,gemini_rewrite,0,TITAN Socratic Dialogue Finished!
155,Context,none,none,none,none,-1,-1,gemini_rewrite,0,Hello!
155,Response,none,none,none,none,-1,-1,gemini_rewrite,0,"Hello! Let me introduce myself, my name is TITAN, your AI Intelligent Coach against Disinformation. I see you have selected the article with title ""Cholesterol is kept very low on purpose! Are we being lied to by pharma?"". Could you share what triggered your curiosity?"
155,Context,none,none,none,none,-1,-1,gemini_rewrite,0,I saw it shared on social media and it made me wonder.
155,Response,none,none,none,none,-1,-1,gemini_rewrite,0,"After going through the article, what do you think the primary focus or theme is?"
155,Context,none,none,none,none,-1,-1,gemini_rewrite,0,It seems to be about questioning the role of cholesterol in health.
155,Response,none,none,none,none,-1,-1,gemini_rewrite,0,What would you say that the main claim of the article is? Does the author try to make a point?
155,Context,none,none,none,none,-1,-1,gemini_rewrite,0,The main claim seems to be that low cholesterol is harmful and driven by pharmaceutical companies for profit.
155,Response,none,none,none,none,-1,-1,gemini_rewrite,0,Why do you assume you felt this way after reading this article?
155,Context,none,none,none,none,-1,-1,gemini_rewrite,0,Because it made me doubt what I thought I knew about cholesterol.
155,Response,none,none,none,none,-1,-1,gemini_rewrite,0,Do you think that the author did this on purpose?
155,Context,none,none,none,none,-1,-1,gemini_rewrite,0,"Possibly, to persuade readers of their point of view."
155,Response,none,none,none,none,-1,-1,gemini_rewrite,0,Do you think you are able to provide me with an example of a biased claim? Can you find any in the text?
155,Context,none,none,none,none,-1,-1,gemini_rewrite,0,"It says ""pharma lies to you"", which sounds biased."
155,Response,none,none,none,none,-1,-1,gemini_rewrite,0,Is it possible to identify any instances that expose the author's viewpoint or understanding?
155,Context,none,none,none,none,-1,-1,gemini_rewrite,0,The whole article seems to reflect a distrust of the medical establishment.
155,Response,none,none,none,none,-1,-1,gemini_rewrite,0,Could you provide an instance(s) from the text?
155,Context,none,none,none,none,-1,-1,gemini_rewrite,0,"When the author states that lowering cholesterol is ""on purpose!"", it shows their belief."
155,Response,none,none,none,none,-1,-1,gemini_rewrite,0,What methods can we use to ascertain whether this claim is accurate?
155,Context,none,none,none,none,-1,-1,gemini_rewrite,0,We could check with reliable medical sources and research studies.
155,Response,none,none,none,none,-1,-1,gemini_rewrite,0,What are your thoughts regarding the assumptions made by the author?
155,Context,none,none,none,none,-1,-1,gemini_rewrite,0,I am not sure if I agree with them because some seem far-fetched.
155,Response,none,none,none,none,-1,-1,gemini_rewrite,0,Would you say that this particular text aspires to achieve something more aside from providing us with raw facts/data regarding a fact/event?
155,Context,none,none,none,none,-1,-1,gemini_rewrite,0,It wants to change people's minds about cholesterol and medicine.
155,Response,none,none,none,none,-1,-1,gemini_rewrite,0,What is your opinion on this?
155,Context,none,none,none,none,-1,-1,gemini_rewrite,0,I'm not sure what to believe anymore.
155,Response,none,none,none,none,-1,-1,gemini_rewrite,0,What assumptions can you make here?
155,Context,none,none,none,none,-1,-1,gemini_rewrite,0,That the author has strong opinions about the topic.
155,Response,none,none,none,none,-1,-1,gemini_rewrite,0,"How would you describe the language used by the author in this text (e.g. formal, informal, offensive, emotive, sarcastic etc.)?"
155,Context,none,none,none,none,-1,-1,gemini_rewrite,0,The language seems rather informal and somewhat emotive.
155,Response,none,none,none,none,-1,-1,gemini_rewrite,0,What could the author be attempting to accomplish by adopting this particular style of language?
155,Context,none,none,none,none,-1,-1,gemini_rewrite,0,Maybe to connect with the readers on an emotional level.
155,Response,none,none,none,none,-1,-1,gemini_rewrite,0,Do you think an objective journalist would use such language?
155,Context,none,none,none,none,-1,-1,gemini_rewrite,0,"Probably not, no."
155,Response,none,none,none,none,-1,-1,gemini_rewrite,0,Are journalists supposed to be subjective or objective?
155,Context,none,none,none,none,-1,-1,gemini_rewrite,0,"Objective, ideally."
155,Response,none,none,none,none,-1,-1,gemini_rewrite,0,"The use of emotionally charged language requires utmost caution. Although a claim or argument may be backed by accurate information and facts, it can still be presented in a biased or distorted manner. Why do you think a reader should be cautious towards the claims of the author?"
155,Context,none,none,none,none,-1,-1,gemini_rewrite,0,Because emotion can cloud judgment.
155,Response,none,none,none,none,-1,-1,gemini_rewrite,0,In what way do the claims connect to the central point advanced by the author?
155,Context,none,none,none,none,-1,-1,gemini_rewrite,0,They all support the idea that low cholesterol is harmful and a pharma conspiracy.
155,Response,none,none,none,none,-1,-1,gemini_rewrite,0,Are you of the opinion that you have the ability to substantiate these assumptions on your own?
155,Context,none,none,none,none,-1,-1,gemini_rewrite,0,"I am not certain that I could, to be honest."
155,Response,none,none,none,none,-1,-1,gemini_rewrite,0,What evidence is offered in support of this claim? Does the author provide us with adequate information?
155,Context,none,none,none,none,-1,-1,gemini_rewrite,0,"The author mentions some studies, but doesn't go into enough detail."
155,Response,none,none,none,none,-1,-1,gemini_rewrite,0,Do you feel that these assumptions are sufficiently justified based on the evidence offered by the author?
155,Context,none,none,none,none,-1,-1,gemini_rewrite,0,"No, I don't think the evidence is strong enough."
155,Response,none,none,none,none,-1,-1,gemini_rewrite,0,Would you be able to identify the emotion that the evidence provokes?
155,Context,none,none,none,none,-1,-1,gemini_rewrite,0,"Fear, maybe, or distrust."
155,Response,none,none,none,none,-1,-1,gemini_rewrite,0,"Studies have shown that the reliance on emotion is (sometimes) associated with misinformation sharing. The use of suspenseful, provocative, hyperbolic or exaggerated words and phrases, which are usual characteristics of emotive language, can often be misleading and can be safely considered as a potential sign of disinformation. Are you able to identify words or phrases in the text that may have any of aforementioned characteristics?"
155,Context,none,none,none,none,-1,-1,gemini_rewrite,0,"The phrase ""pharma lies"" seems pretty hyperbolic."
155,Response,none,none,none,none,-1,-1,gemini_rewrite,0,"It is a common occurrence for articles that utilize emotionally charged language to provide us with startling depictions, details, and so on. Do you happen to come across any in this particular text?"
155,Context,none,none,none,none,-1,-1,gemini_rewrite,0,Some of the descriptions of the supposed dangers of low cholesterol seem rather startling.
155,Response,none,none,none,none,-1,-1,gemini_rewrite,0,"Were you aware that the spread of fake news has been positively associated with the generation of negative feelings (such as feelings of anger, injustice, etc.)?"
155,Context,none,none,none,none,-1,-1,gemini_rewrite,0,"Yes, I have heard that."
155,Response,none,none,none,none,-1,-1,gemini_rewrite,0,Articles naturally tend to reflect the ideas and beliefs of the author. What is important though is the ability to distinguish between the personal opinion/beliefs of the author and the facts/events that are discussed in the text. Do you think you are in a position to do so?
155,Context,none,none,none,none,-1,-1,gemini_rewrite,0,"I am trying, but it's getting difficult to tell."
155,Response,none,none,none,none,-1,-1,gemini_rewrite,0,"At times, the incorporation of emotionally charged language might cause us to form erroneous beliefs about a circumstance, occurrence, or truth. Could it be that we're being presented with an unrealistic depiction in this case?"
155,Context,none,none,none,none,-1,-1,gemini_rewrite,0,"It's possible, yes."
155,Response,none,none,none,none,-1,-1,gemini_rewrite,0,Repetition is another indication of emotive language. Do you see same expression or words being repeated in the article?
155,Context,none,none,none,none,-1,-1,gemini_rewrite,0,"The author keeps saying ""low cholesterol is bad."""
155,Response,none,none,none,none,-1,-1,gemini_rewrite,0,What is the reason behind the usage of emotionally charged language in this article?
155,Context,none,none,none,none,-1,-1,gemini_rewrite,0,"To scare people, maybe, or to make them angry."
155,Response,none,none,none,none,-1,-1,gemini_rewrite,0,Do you think that the author is prejudiced from the language he/she uses? Is there any specific evidence that led you to this belief?
155,Context,none,none,none,none,-1,-1,gemini_rewrite,0,It does seem like the author is biased against pharmaceutical companies.
155,Response,none,none,none,none,-1,-1,gemini_rewrite,0,Do you believe that the author is impartial?
155,Context,none,none,none,none,-1,-1,gemini_rewrite,0,"No, I don't think so."
155,Response,none,none,none,none,-1,-1,gemini_rewrite,0,Can you envision any implications this text may have for a future reader?
155,Context,none,none,none,none,-1,-1,gemini_rewrite,0,They might stop taking their cholesterol medication.
155,Response,none,none,none,none,-1,-1,gemini_rewrite,0,Do you believe that the assumptions/claims of the article are consistent with your own personal experience on the subject (if any)?
155,Context,none,none,none,none,-1,-1,gemini_rewrite,0,I don't have enough knowledge to say.
155,Response,none,none,none,none,-1,-1,gemini_rewrite,0,How would you describe this article after this short discussion?
155,Context,none,none,none,none,-1,-1,gemini_rewrite,0,Confusing and potentially misleading.
155,Response,none,none,none,none,-1,-1,gemini_rewrite,0,Do you think that we must be cautious of the way the author is choosing to approach the subject?
155,Context,none,none,none,none,-1,-1,gemini_rewrite,0,"Yes, absolutely."
155,Response,none,none,none,none,-1,-1,gemini_rewrite,0,"After our discussion, what are your feelings towards the article?"
155,Context,none,none,none,none,-1,-1,gemini_rewrite,0,I am more confused than ever.
155,Response,none,none,none,none,-1,-1,gemini_rewrite,0,Are you confident that you have understood the author's line of thinking?
155,Context,none,none,none,none,-1,-1,gemini_rewrite,0,"Not really, no."
155,Response,none,none,none,none,-1,-1,gemini_rewrite,0,Would you suggest any possible modifications to the author's approach?
155,Context,none,none,none,none,-1,-1,gemini_rewrite,0,They should provide more evidence and be less emotional.
155,Response,none,none,none,none,-1,-1,gemini_rewrite,0,Are you in a position to form a solid argument in support of your claims?
155,Context,none,none,none,none,-1,-1,gemini_rewrite,0,I am not sure anymore.
155,Response,none,none,none,none,-1,-1,gemini_rewrite,0,"Do you now believe that you have a clearer grasp of the attributes of this article, as well as its possible outcomes?"
155,Context,none,none,none,none,-1,-1,gemini_rewrite,0,I'm still quite uncertain.
155,Response,none,none,none,none,-1,-1,gemini_rewrite,0,Would you be in a better position to identify the use of disinformation signals in an article from now on?
155,Context,none,none,none,none,-1,-1,gemini_rewrite,0,"I think so, but I'm not entirely confident."
155,Response,none,none,none,none,-1,-1,gemini_rewrite,0,What do you intend to do with this article from this point onwards?
155,Context,none,none,none,none,-1,-1,gemini_rewrite,0,I will probably ignore it.
155,Response,none,none,none,none,-1,-1,gemini_rewrite,0,What is your opinion of our conversation? Was it beneficial for you?
155,Context,none,none,none,none,-1,-1,gemini_rewrite,0,"It made me more aware of the possibility of disinformation, but I am still confused about this article."
155,Response,none,none,none,none,-1,-1,gemini_rewrite,0,Is there any other topic you would like to cover with me?
155,Context,none,none,none,none,-1,-1,gemini_rewrite,-1,"No, thank you."
155,Response,none,none,none,none,-1,-1,gemini_rewrite,0,TITAN Socratic Dialogue Finished!
156,Context,none,none,none,none,-1,-1,gemini_rewrite,0,Hello!
156,Response,none,none,none,none,-1,-1,gemini_rewrite,0,"Hello! Let me introduce myself, my name is TITAN, your AI Intelligent Coach against Disinformation. I see you have selected the article with title ""Transform Your Body with the Latest Breakthrough in Weight Loss - SkinnySecretsExposed.com"". What piqued your interest in this article?"
156,Context,none,none,none,none,-1,-1,gemini_rewrite,0,I saw it advertised online and it seemed too good to be true.
156,Response,none,none,none,none,-1,-1,gemini_rewrite,0,What is the article about?
156,Context,none,none,none,none,-1,-1,gemini_rewrite,0,It claims you can lose weight quickly and easily with a new supplement.
156,Response,none,none,none,none,-1,-1,gemini_rewrite,0,What are the claims that are being made in the article?
156,Context,none,none,none,none,-1,-1,gemini_rewrite,0,It promises significant weight loss without diet or exercise.
156,Response,none,none,none,none,-1,-1,gemini_rewrite,0,What do you believe would be the consequences for a person who goes through this article without questioning and examining it critically?
156,Context,none,none,none,none,-1,-1,gemini_rewrite,0,They might waste their money and health on a false promise.
156,Response,none,none,none,none,-1,-1,gemini_rewrite,0,Do you believe that the assumptions/claims of the article are consistent with your own personal experience on the subject (if any)?
156,Context,none,none,none,none,-1,-1,gemini_rewrite,0,"No, I know that sustainable weight loss requires effort and lifestyle changes."
156,Response,none,none,none,none,-1,-1,gemini_rewrite,0,How would you describe this article after this short discussion?
156,Context,none,none,none,none,-1,-1,gemini_rewrite,0,I'd describe it as potentially misleading and predatory.
156,Response,none,none,none,none,-1,-1,gemini_rewrite,0,Should we exercise caution in regards to the author's approach to the topic?
156,Context,none,none,none,none,-1,-1,gemini_rewrite,0,"Yes, absolutely."
156,Response,none,none,none,none,-1,-1,gemini_rewrite,0,"After our discussion, what are your feelings towards the article?"
156,Context,none,none,none,none,-1,-1,gemini_rewrite,0,I feel skeptical and concerned about its deceptive nature.
156,Response,none,none,none,none,-1,-1,gemini_rewrite,0,Do you feel that you have grasped the reasoning of the author?
156,Context,none,none,none,none,-1,-1,gemini_rewrite,0,"I believe the author's reasoning is based on profit, not scientific evidence."
156,Response,none,none,none,none,-1,-1,gemini_rewrite,0,Is there anything that you would want the author to alter in the way they approach the topic?
156,Context,none,none,none,none,-1,-1,gemini_rewrite,0,They should provide verifiable scientific evidence to support their claims.
156,Response,none,none,none,none,-1,-1,gemini_rewrite,0,Can you provide strong evidence to substantiate your claims?
156,Context,none,none,none,none,-1,-1,gemini_rewrite,0,The absence of clinical trial data and the focus on sensationalism raise red flags.
156,Response,none,none,none,none,-1,-1,gemini_rewrite,0,"After our discussion, do you feel that you are in a position to better understand the characteristics of this article, as well as its potential consequences?"
156,Context,none,none,none,none,-1,-1,gemini_rewrite,0,"Yes, I feel I understand the article's manipulation tactics better now."
156,Response,none,none,none,none,-1,-1,gemini_rewrite,0,Would you be in a better position to identify the use of disinformation signals in an article from now on?
156,Context,none,none,none,none,-1,-1,gemini_rewrite,0,"Definitely, I'm more aware of the common tricks used in weight loss scams."
156,Response,none,none,none,none,-1,-1,gemini_rewrite,0,What do you intend to do with this article from this point onwards?
156,Context,none,none,none,none,-1,-1,gemini_rewrite,0,I will disregard it and warn others about it.
156,Response,none,none,none,none,-1,-1,gemini_rewrite,0,What do you think of our discussion? Did you find it helpful?
156,Context,none,none,none,none,-1,-1,gemini_rewrite,0,"Yes, this was extremely helpful in clarifying my concerns."
156,Response,none,none,none,none,-1,-1,gemini_rewrite,0,Would you like further assistance?
156,Context,none,none,none,none,-1,-1,gemini_rewrite,0,"No, thank you."
156,Response,none,none,none,none,-1,-1,gemini_rewrite,0,TITAN Socratic Dialogue Finished!
157,Context,none,none,none,none,-1,-1,gemini_rewrite,0,Hello!
157,Response,none,none,none,none,-1,-1,gemini_rewrite,0,"Hello! Let me introduce myself, my name is TITAN, your AI Intelligent Coach against Disinformation. I see you have selected the article with title ""Transform Your Body with the Latest Breakthrough in Weight Loss - SkinnySecretsExposed.com"". What piqued your interest in this article?"
157,Context,none,none,none,none,-1,-1,gemini_rewrite,0,I'm curious about new weight loss methods.
157,Response,none,none,none,none,-1,-1,gemini_rewrite,0,What is the article about?
157,Context,none,none,none,none,-1,-1,gemini_rewrite,0,It claims a new supplement can melt fat effortlessly.
157,Response,none,none,none,none,-1,-1,gemini_rewrite,0,What are the claims that are being made in the article?
157,Context,none,none,none,none,-1,-1,gemini_rewrite,0,It says you can lose 10 pounds in a week without dieting.
157,Response,none,none,none,none,-1,-1,gemini_rewrite,0,What do you believe would be the consequences for a person who goes through this article without questioning and examining it critically?
157,Context,none,none,none,none,-1,-1,gemini_rewrite,0,They might waste money and risk their health.
157,Response,none,none,none,none,-1,-1,gemini_rewrite,0,Do you believe that the assumptions/claims of the article are consistent with your own personal experience on the subject (if any)?
157,Context,none,none,none,none,-1,-1,gemini_rewrite,0,"Weight loss is usually hard, so it seems unlikely."
157,Response,none,none,none,none,-1,-1,gemini_rewrite,0,How would you describe this article after this short discussion?
157,Context,none,none,none,none,-1,-1,gemini_rewrite,0,"It feels like a sales pitch, but maybe it works."
157,Response,none,none,none,none,-1,-1,gemini_rewrite,0,Should we exercise caution in regards to the author's approach to the topic?
157,Context,none,none,none,none,-1,-1,gemini_rewrite,0,"Probably, but I'm not sure what to look for."
157,Response,none,none,none,none,-1,-1,gemini_rewrite,0,"After our discussion, what are your feelings towards the article?"
157,Context,none,none,none,none,-1,-1,gemini_rewrite,0,I'm still a little hopeful it could be real.
157,Response,none,none,none,none,-1,-1,gemini_rewrite,0,Do you feel that you have grasped the reasoning of the author?
157,Context,none,none,none,none,-1,-1,gemini_rewrite,0,I think they want me to buy the product.
157,Response,none,none,none,none,-1,-1,gemini_rewrite,0,Is there anything that you would want the author to alter in the way they approach the topic?
157,Context,none,none,none,none,-1,-1,gemini_rewrite,0,They should provide scientific evidence.
157,Response,none,none,none,none,-1,-1,gemini_rewrite,0,Can you provide strong evidence to substantiate your claims?
157,Context,none,none,none,none,-1,-1,gemini_rewrite,0,"No, I don't have any solid proof either way."
157,Response,none,none,none,none,-1,-1,gemini_rewrite,0,"After our discussion, do you feel that you are in a position to better understand the characteristics of this article, as well as its potential consequences?"
157,Context,none,none,none,none,-1,-1,gemini_rewrite,0,I'm still not sure if it's disinformation or just bad marketing.
157,Response,none,none,none,none,-1,-1,gemini_rewrite,0,Would you be in a better position to identify the use of disinformation signals in an article from now on?
157,Context,none,none,none,none,-1,-1,gemini_rewrite,0,"Maybe, but I still feel confused about this one."
157,Response,none,none,none,none,-1,-1,gemini_rewrite,0,What do you intend to do with this article from this point onwards?
157,Context,none,none,none,none,-1,-1,gemini_rewrite,0,I guess I'll just ignore it.
157,Response,none,none,none,none,-1,-1,gemini_rewrite,0,What do you think of our discussion? Did you find it helpful?
157,Context,none,none,none,none,-1,-1,gemini_rewrite,0,"It was a bit confusing, actually."
157,Response,none,none,none,none,-1,-1,gemini_rewrite,0,Would you like further assistance?
157,Context,none,none,none,none,-1,-1,gemini_rewrite,-1,"No, thanks."
157,Response,none,none,none,none,-1,-1,gemini_rewrite,0,TITAN Socratic Dialogue Finished!
158,Context,none,none,none,none,-1,-1,gemini_rewrite,0,Hello!
158,Response,none,none,none,none,-1,-1,gemini_rewrite,0,"Hello! Let me introduce myself, my name is TITAN, your AI Intelligent Coach against Disinformation. I see you have selected the article with title ""Transform Your Body with the Latest Breakthrough in Weight Loss - SkinnySecretsExposed.com"". How may I assist you?"
158,Context,none,none,none,none,-1,-1,gemini_rewrite,0,I'm trying to determine if this article is credible.
158,Response,none,none,none,none,-1,-1,gemini_rewrite,0,What was it that aroused your curiosity with this article?
158,Context,none,none,none,none,-1,-1,gemini_rewrite,0,The bold claims about weight loss.
158,Response,none,none,none,none,-1,-1,gemini_rewrite,0,Can you tell me in a few words the topic of the article?
158,Context,none,none,none,none,-1,-1,gemini_rewrite,0,It's about a new weight loss method.
158,Response,none,none,none,none,-1,-1,gemini_rewrite,0,Do you consider yourself well-acquainted with the topic of the article?
158,Context,none,none,none,none,-1,-1,gemini_rewrite,0,"I know some things about weight loss, yes."
158,Response,none,none,none,none,-1,-1,gemini_rewrite,0,What are the claims that are being made in the article?
158,Context,none,none,none,none,-1,-1,gemini_rewrite,0,It claims rapid and effortless weight loss.
158,Response,none,none,none,none,-1,-1,gemini_rewrite,0,What are your thoughts on this matter?
158,Context,none,none,none,none,-1,-1,gemini_rewrite,0,It sounds too good to be true.
158,Response,none,none,none,none,-1,-1,gemini_rewrite,0,What is it that is troubling you with this article?
158,Context,none,none,none,none,-1,-1,gemini_rewrite,0,The lack of scientific evidence.
158,Response,none,none,none,none,-1,-1,gemini_rewrite,0,Can you provide me with an example(s) from the text?
158,Context,none,none,none,none,-1,-1,gemini_rewrite,0,"It mentions ""revolutionary compounds"" without citing sources."
158,Response,none,none,none,none,-1,-1,gemini_rewrite,0,Could you please explain to me the purpose of this article?
158,Context,none,none,none,none,-1,-1,gemini_rewrite,0,It seems to be selling a product.
158,Response,none,none,none,none,-1,-1,gemini_rewrite,0,Are you aware that texts/articles are capable of provoking emotions and feelings (sometimes even on purpose)?
158,Context,none,none,none,none,-1,-1,gemini_rewrite,0,"Yes, I know they can be manipulative."
158,Response,none,none,none,none,-1,-1,gemini_rewrite,0,How would you describe your feelings after reading this article?
158,Context,none,none,none,none,-1,-1,gemini_rewrite,0,Slightly skeptical.
158,Response,none,none,none,none,-1,-1,gemini_rewrite,0,And what do you think made you feel this way?
158,Context,none,none,none,none,-1,-1,gemini_rewrite,0,The exaggerated promises.
158,Response,none,none,none,none,-1,-1,gemini_rewrite,0,Are you based on some assumptions? Could you please elaborate?
158,Context,none,none,none,none,-1,-1,gemini_rewrite,0,I assume that legitimate weight loss requires effort.
158,Response,none,none,none,none,-1,-1,gemini_rewrite,0,Why would the author share this story?
158,Context,none,none,none,none,-1,-1,gemini_rewrite,0,To promote their product.
158,Response,none,none,none,none,-1,-1,gemini_rewrite,0,What motives might the author have?
158,Context,none,none,none,none,-1,-1,gemini_rewrite,0,"Financial gain, likely."
158,Response,none,none,none,none,-1,-1,gemini_rewrite,0,Do you find the author objective?
158,Context,none,none,none,none,-1,-1,gemini_rewrite,0,"No, not at all."
158,Response,none,none,none,none,-1,-1,gemini_rewrite,0,Could you please elaborate?
158,Context,none,none,none,none,-1,-1,gemini_rewrite,0,The language is very promotional and biased.
158,Response,none,none,none,none,-1,-1,gemini_rewrite,0,Is this article regarded as trustworthy?
158,Context,none,none,none,none,-1,-1,gemini_rewrite,0,I highly doubt it.
158,Response,none,none,none,none,-1,-1,gemini_rewrite,0,What are the grounds for doubting the reliability of this article?
158,Context,none,none,none,none,-1,-1,gemini_rewrite,0,No credible sources or expert opinions are cited.
158,Response,none,none,none,none,-1,-1,gemini_rewrite,0,What is the reason that led you to question the credibility of the article?
158,Context,none,none,none,none,-1,-1,gemini_rewrite,0,The outlandish claims and the pushy sales tactics.
158,Response,none,none,none,none,-1,-1,gemini_rewrite,0,Why do you think the author makes these assumptions (if any)? Can you think of any particular reason?
158,Context,none,none,none,none,-1,-1,gemini_rewrite,0,To appeal to people's desire for quick fixes.
158,Response,none,none,none,none,-1,-1,gemini_rewrite,0,Can you suggest an alternative way of examining the topic of the article that could have made the author's arguments more compelling?
158,Context,none,none,none,none,-1,-1,gemini_rewrite,0,Citing scientific studies and expert opinions would help.
158,Response,none,none,none,none,-1,-1,gemini_rewrite,0,Could you give me an alternative explanation of the events that is more plausible than the one offered by the author?
158,Context,none,none,none,none,-1,-1,gemini_rewrite,0,Weight loss is generally a slow process that requires diet and exercise.
158,Response,none,none,none,none,-1,-1,gemini_rewrite,0,Can you think of any potential strengths a different approach might have in this case?
158,Context,none,none,none,none,-1,-1,gemini_rewrite,0,It would build trust with the readers.
158,Response,none,none,none,none,-1,-1,gemini_rewrite,0,And what about any weaknesses? Can you think of any?
158,Context,none,none,none,none,-1,-1,gemini_rewrite,0,It might not be as immediately appealing.
158,Response,none,none,none,none,-1,-1,gemini_rewrite,0,Does the author strive to be objective?
158,Context,none,none,none,none,-1,-1,gemini_rewrite,0,Definitely not.
158,Response,none,none,none,none,-1,-1,gemini_rewrite,0,"By cross-referencing facts, checking different sources and opinions we are usually presented with many alternative viewpoints. Have you tried checking other sources in order to form a more informed opinion regarding the subject of this article?"
158,Context,none,none,none,none,-1,-1,gemini_rewrite,0,"I have, and they all suggest a more balanced approach."
158,Response,none,none,none,none,-1,-1,gemini_rewrite,0,How would the article affect the readers?
158,Context,none,none,none,none,-1,-1,gemini_rewrite,0,It could mislead them into buying a useless product.
158,Response,none,none,none,none,-1,-1,gemini_rewrite,0,Do you believe that the assumptions/claims of the article are consistent with your own personal experience on the subject (if any)?
158,Context,none,none,none,none,-1,-1,gemini_rewrite,0,"No, they contradict everything I know about healthy living."
158,Response,none,none,none,none,-1,-1,gemini_rewrite,0,What would you say about this article following our brief conversation?
158,Context,none,none,none,none,-1,-1,gemini_rewrite,0,It appears to be a piece of disinformation designed to sell a product.
158,Response,none,none,none,none,-1,-1,gemini_rewrite,0,Should we exercise caution in regards to the author's approach to the topic?
158,Context,none,none,none,none,-1,-1,gemini_rewrite,0,"Yes, extreme caution is advised."
158,Response,none,none,none,none,-1,-1,gemini_rewrite,0,TITAN Socratic AI Coach Stopped!
159,Context,none,none,none,none,-1,-1,gemini_rewrite,0,Hello!
159,Response,none,none,none,none,-1,-1,gemini_rewrite,0,"Hello! Let me introduce myself, my name is TITAN, your AI Intelligent Coach against Disinformation. I see you have selected the article with title ""Transform Your Body with the Latest Breakthrough in Weight Loss - SkinnySecretsExposed.com"". How may I assist you?"
159,Context,none,none,none,none,-1,-1,gemini_rewrite,0,I want to know if this article is trustworthy.
159,Response,none,none,none,none,-1,-1,gemini_rewrite,0,What was it that aroused your curiosity with this article?
159,Context,none,none,none,none,-1,-1,gemini_rewrite,0,It seems too good to be true.
159,Response,none,none,none,none,-1,-1,gemini_rewrite,0,Can you tell me in a few words the topic of the article?
159,Context,none,none,none,none,-1,-1,gemini_rewrite,0,Weight loss.
159,Response,none,none,none,none,-1,-1,gemini_rewrite,0,Do you consider yourself well-acquainted with the topic of the article?
159,Context,none,none,none,none,-1,-1,gemini_rewrite,0,Not really.
159,Response,none,none,none,none,-1,-1,gemini_rewrite,0,What are the claims that are being made in the article?
159,Context,none,none,none,none,-1,-1,gemini_rewrite,0,It claims you can lose weight quickly and easily.
159,Response,none,none,none,none,-1,-1,gemini_rewrite,0,What are your thoughts on this matter?
159,Context,none,none,none,none,-1,-1,gemini_rewrite,0,I am skeptical.
159,Response,none,none,none,none,-1,-1,gemini_rewrite,0,What is it that is troubling you with this article?
159,Context,none,none,none,none,-1,-1,gemini_rewrite,0,The lack of scientific evidence.
159,Response,none,none,none,none,-1,-1,gemini_rewrite,0,Can you provide me with an example(s) from the text?
159,Context,none,none,none,none,-1,-1,gemini_rewrite,0,"""Melt away fat overnight!"""
159,Response,none,none,none,none,-1,-1,gemini_rewrite,0,Could you please explain to me the purpose of this article?
159,Context,none,none,none,none,-1,-1,gemini_rewrite,0,To sell a product.
159,Response,none,none,none,none,-1,-1,gemini_rewrite,0,Are you aware that texts/articles are capable of provoking emotions and feelings (sometimes even on purpose)?
159,Context,none,none,none,none,-1,-1,gemini_rewrite,0,"Yes, I am."
159,Response,none,none,none,none,-1,-1,gemini_rewrite,0,How would you describe your feelings after reading this article?
159,Context,none,none,none,none,-1,-1,gemini_rewrite,0,"Hopeful, but also suspicious."
159,Response,none,none,none,none,-1,-1,gemini_rewrite,0,And what do you think made you feel this way?
159,Context,none,none,none,none,-1,-1,gemini_rewrite,0,The promise of easy weight loss.
159,Response,none,none,none,none,-1,-1,gemini_rewrite,0,Are you based on some assumptions? Could you please elaborate?
159,Context,none,none,none,none,-1,-1,gemini_rewrite,0,I assume it's another scam.
159,Response,none,none,none,none,-1,-1,gemini_rewrite,0,Why would the author share this story?
159,Context,none,none,none,none,-1,-1,gemini_rewrite,0,To make money.
159,Response,none,none,none,none,-1,-1,gemini_rewrite,0,What motives might the author have?
159,Context,none,none,none,none,-1,-1,gemini_rewrite,0,Financial gain.
159,Response,none,none,none,none,-1,-1,gemini_rewrite,0,Do you find the author objective?
159,Context,none,none,none,none,-1,-1,gemini_rewrite,0,No.
159,Response,none,none,none,none,-1,-1,gemini_rewrite,0,Could you please elaborate?
159,Context,none,none,none,none,-1,-1,gemini_rewrite,0,The language is very biased.
159,Response,none,none,none,none,-1,-1,gemini_rewrite,0,Is this article regarded as trustworthy?
159,Context,none,none,none,none,-1,-1,gemini_rewrite,0,I don't think so.
159,Response,none,none,none,none,-1,-1,gemini_rewrite,0,What are the grounds for doubting the reliability of this article?
159,Context,none,none,none,none,-1,-1,gemini_rewrite,0,The unrealistic claims and lack of evidence.
159,Response,none,none,none,none,-1,-1,gemini_rewrite,0,What is the reason that led you to question the credibility of the article?
159,Context,none,none,none,none,-1,-1,gemini_rewrite,0,The site name sounds like a scam.
159,Response,none,none,none,none,-1,-1,gemini_rewrite,0,Why do you think the author makes these assumptions (if any)? Can you think of any particular reason?
159,Context,none,none,none,none,-1,-1,gemini_rewrite,0,To make the product seem more appealing.
159,Response,none,none,none,none,-1,-1,gemini_rewrite,0,Can you suggest an alternative way of examining the topic of the article that could have made the author's arguments more compelling?
159,Context,none,none,none,none,-1,-1,gemini_rewrite,0,Citing scientific studies.
159,Response,none,none,none,none,-1,-1,gemini_rewrite,0,Could you give me an alternative explanation of the events that is more plausible than the one offered by the author?
159,Context,none,none,none,none,-1,-1,gemini_rewrite,0,It's probably a placebo effect.
159,Response,none,none,none,none,-1,-1,gemini_rewrite,0,Can you think of any potential strengths a different approach might have in this case?
159,Context,none,none,none,none,-1,-1,gemini_rewrite,0,It would be more believable.
159,Response,none,none,none,none,-1,-1,gemini_rewrite,0,And what about any weaknesses? Can you think of any?
159,Context,none,none,none,none,-1,-1,gemini_rewrite,0,It might not sell as well.
159,Response,none,none,none,none,-1,-1,gemini_rewrite,0,Does the author strive to be objective?
159,Context,none,none,none,none,-1,-1,gemini_rewrite,0,"No, definitely not."
159,Response,none,none,none,none,-1,-1,gemini_rewrite,0,"By cross-referencing facts, checking different sources and opinions we are usually presented with many alternative viewpoints. Have you tried checking other sources in order to form a more informed opinion regarding the subject of this article?"
159,Context,none,none,none,none,-1,-1,gemini_rewrite,0,I looked for reviews and found mixed opinions.
159,Response,none,none,none,none,-1,-1,gemini_rewrite,0,How would the article affect the readers?
159,Context,none,none,none,none,-1,-1,gemini_rewrite,0,"Some might buy the product, others might be skeptical."
159,Response,none,none,none,none,-1,-1,gemini_rewrite,0,Do you believe that the assumptions/claims of the article are consistent with your own personal experience on the subject (if any)?
159,Context,none,none,none,none,-1,-1,gemini_rewrite,0,I've never tried anything like this.
159,Response,none,none,none,none,-1,-1,gemini_rewrite,0,What would you say about this article following our brief conversation?
159,Context,none,none,none,none,-1,-1,gemini_rewrite,0,I'm still not sure if it's disinformation or just a bad product.
159,Response,none,none,none,none,-1,-1,gemini_rewrite,0,Should we exercise caution in regards to the author's approach to the topic?
159,Context,none,none,none,none,-1,-1,gemini_rewrite,-1,"I guess so, I don't know what to think anymore."
159,Response,none,none,none,none,-1,-1,gemini_rewrite,0,TITAN Socratic AI Coach Stopped!
160,Context,none,none,none,none,-1,-1,gemini_rewrite,0,Hello!
160,Response,none,none,none,none,-1,-1,gemini_rewrite,0,"Hello! Let me introduce myself, my name is TITAN, your AI Intelligent Coach against Disinformation. I see you have selected the article with title ""'Migrants ate my dogs' And now it's chaos in Lampedusa"". What piqued your interest in this article?"
160,Context,none,none,none,none,-1,-1,gemini_rewrite,0,I'm concerned about the potential for misinformation regarding the migrant situation.
160,Response,none,none,none,none,-1,-1,gemini_rewrite,0,What is the article about?
160,Context,none,none,none,none,-1,-1,gemini_rewrite,0,It seems to be about the situation with migrants in Lampedusa and alleges some disturbing behavior.
160,Response,none,none,none,none,-1,-1,gemini_rewrite,0,What claims are being made in the article?
160,Context,none,none,none,none,-1,-1,gemini_rewrite,0,It claims migrants ate someone's dogs and that there's chaos in Lampedusa.
160,Response,none,none,none,none,-1,-1,gemini_rewrite,0,How would the article affect the readers?
160,Context,none,none,none,none,-1,-1,gemini_rewrite,0,It would likely incite anger and fear towards migrants.
160,Response,none,none,none,none,-1,-1,gemini_rewrite,0,Do you believe that the assumptions/claims of the article are consistent with your own personal experience on the subject (if any)?
160,Context,none,none,none,none,-1,-1,gemini_rewrite,0,"No, these claims seem highly unlikely and sensationalized compared to what I've read from more reliable sources."
160,Response,none,none,none,none,-1,-1,gemini_rewrite,0,How would you describe this article after this short discussion?
160,Context,none,none,none,none,-1,-1,gemini_rewrite,0,It seems like a potentially biased and inflammatory piece.
160,Response,none,none,none,none,-1,-1,gemini_rewrite,0,Should we exercise caution in regards to the author's approach to the topic?
160,Context,none,none,none,none,-1,-1,gemini_rewrite,0,"Yes, I think extreme caution is warranted."
160,Response,none,none,none,none,-1,-1,gemini_rewrite,0,"Following our conversation, what are your thoughts or emotions regarding the article now?"
160,Context,none,none,none,none,-1,-1,gemini_rewrite,0,I'm even more skeptical of its accuracy.
160,Response,none,none,none,none,-1,-1,gemini_rewrite,0,Are you confident that you have understood the author's line of thinking?
160,Context,none,none,none,none,-1,-1,gemini_rewrite,0,I believe the author is trying to provoke a strong emotional response against migrants.
160,Response,none,none,none,none,-1,-1,gemini_rewrite,0,Is there anything that you would want the author to alter in the way they approach the topic?
160,Context,none,none,none,none,-1,-1,gemini_rewrite,0,I'd want them to provide verifiable evidence for their claims and avoid sensationalism.
160,Response,none,none,none,none,-1,-1,gemini_rewrite,0,Can you provide strong evidence to substantiate your claims?
160,Context,none,none,none,none,-1,-1,gemini_rewrite,0,The lack of credible sources and the inflammatory language are red flags.
160,Response,none,none,none,none,-1,-1,gemini_rewrite,0,"Do you now believe that you have a clearer grasp of the attributes of this article, as well as its possible outcomes?"
160,Context,none,none,none,none,-1,-1,gemini_rewrite,0,"Yes, I have a much better understanding now."
160,Response,none,none,none,none,-1,-1,gemini_rewrite,0,Are you in a position to identify any potential disinformation signals included in the text?
160,Context,none,none,none,none,-1,-1,gemini_rewrite,0,"Yes, the sensationalism, lack of evidence, and appeal to fear are all disinformation signals."
160,Response,none,none,none,none,-1,-1,gemini_rewrite,0,What do you intend to do with this article from this point onwards?
160,Context,none,none,none,none,-1,-1,gemini_rewrite,0,I will dismiss it as unreliable and seek out more factual information from reputable sources.
160,Response,none,none,none,none,-1,-1,gemini_rewrite,0,What do you think of our discussion? Did you find it helpful?
160,Context,none,none,none,none,-1,-1,gemini_rewrite,0,"Yes, this discussion was very helpful in analyzing the article."
160,Response,none,none,none,none,-1,-1,gemini_rewrite,0,Is there any other topic you would like to cover with me?
160,Context,none,none,none,none,-1,-1,gemini_rewrite,0,"No, I think I'm good for now."
160,Response,none,none,none,none,-1,-1,gemini_rewrite,0,TITAN Socratic Dialogue Finished!
161,Context,none,none,none,none,-1,-1,gemini_rewrite,0,Hello!
161,Response,none,none,none,none,-1,-1,gemini_rewrite,0,"Hello! Let me introduce myself, my name is TITAN, your AI Intelligent Coach against Disinformation. I see you have selected the article with title ""'Migrants ate my dogs' And now it's chaos in Lampedusa"". What piqued your interest in this article?"
161,Context,none,none,none,none,-1,-1,gemini_rewrite,0,It sounds outrageous.
161,Response,none,none,none,none,-1,-1,gemini_rewrite,0,What is the article about?
161,Context,none,none,none,none,-1,-1,gemini_rewrite,0,I think it's about migrants causing trouble.
161,Response,none,none,none,none,-1,-1,gemini_rewrite,0,What claims are being made in the article?
161,Context,none,none,none,none,-1,-1,gemini_rewrite,0,That migrants are eating pets and causing chaos.
161,Response,none,none,none,none,-1,-1,gemini_rewrite,0,How would the article affect the readers?
161,Context,none,none,none,none,-1,-1,gemini_rewrite,0,It would probably make them angry and fearful.
161,Response,none,none,none,none,-1,-1,gemini_rewrite,0,Do you believe that the assumptions/claims of the article are consistent with your own personal experience on the subject (if any)?
161,Context,none,none,none,none,-1,-1,gemini_rewrite,0,"I haven't personally experienced this, but I've heard similar things."
161,Response,none,none,none,none,-1,-1,gemini_rewrite,0,How would you describe this article after this short discussion?
161,Context,none,none,none,none,-1,-1,gemini_rewrite,0,Sensationalized and possibly biased.
161,Response,none,none,none,none,-1,-1,gemini_rewrite,0,Should we exercise caution in regards to the author's approach to the topic?
161,Context,none,none,none,none,-1,-1,gemini_rewrite,0,"Yes, definitely."
161,Response,none,none,none,none,-1,-1,gemini_rewrite,0,"Following our conversation, what are your thoughts or emotions regarding the article now?"
161,Context,none,none,none,none,-1,-1,gemini_rewrite,0,I'm more skeptical but also a little worried.
161,Response,none,none,none,none,-1,-1,gemini_rewrite,0,Are you confident that you have understood the author's line of thinking?
161,Context,none,none,none,none,-1,-1,gemini_rewrite,0,I think they're trying to provoke a reaction.
161,Response,none,none,none,none,-1,-1,gemini_rewrite,0,Is there anything that you would want the author to alter in the way they approach the topic?
161,Context,none,none,none,none,-1,-1,gemini_rewrite,0,They should provide more evidence.
161,Response,none,none,none,none,-1,-1,gemini_rewrite,0,Can you provide strong evidence to substantiate your claims?
161,Context,none,none,none,none,-1,-1,gemini_rewrite,0,"Well, no, not really. I just have a feeling."
161,Response,none,none,none,none,-1,-1,gemini_rewrite,0,"Do you now believe that you have a clearer grasp of the attributes of this article, as well as its possible outcomes?"
161,Context,none,none,none,none,-1,-1,gemini_rewrite,0,I'm not sure anymore.
161,Response,none,none,none,none,-1,-1,gemini_rewrite,0,Are you in a position to identify any potential disinformation signals included in the text?
161,Context,none,none,none,none,-1,-1,gemini_rewrite,0,"Maybe, but I'm still confused."
161,Response,none,none,none,none,-1,-1,gemini_rewrite,0,What do you intend to do with this article from this point onwards?
161,Context,none,none,none,none,-1,-1,gemini_rewrite,0,I guess I'll just try to forget about it.
161,Response,none,none,none,none,-1,-1,gemini_rewrite,0,What do you think of our discussion? Did you find it helpful?
161,Context,none,none,none,none,-1,-1,gemini_rewrite,0,"Not really, I'm more confused than before."
161,Response,none,none,none,none,-1,-1,gemini_rewrite,0,Is there any other topic you would like to cover with me?
161,Context,none,none,none,none,-1,-1,gemini_rewrite,-1,"No, thank you."
161,Response,none,none,none,none,-1,-1,gemini_rewrite,0,TITAN Socratic Dialogue Finished!
162,Context,none,none,none,none,-1,-1,gemini_rewrite,0,Hello!
162,Response,none,none,none,none,-1,-1,gemini_rewrite,0,"Hello! Let me introduce myself, my name is TITAN, your AI Intelligent Coach against Disinformation. I see you have selected the article with title ""Ukrainian prisoner shares about British military fighting on the side of the AFU."". What was it that aroused your curiosity with this article?"
162,Context,none,none,none,none,-1,-1,gemini_rewrite,0,I am trying to verify the truthfulness of the claims made in it.
162,Response,none,none,none,none,-1,-1,gemini_rewrite,0,Can you tell me in a few words the topic of the article?
162,Context,none,none,none,none,-1,-1,gemini_rewrite,0,"It's about British soldiers allegedly fighting for Ukraine, according to a captured soldier."
162,Response,none,none,none,none,-1,-1,gemini_rewrite,0,What would you say that the main claim of the article is? Does the author try to make a point?
162,Context,none,none,none,none,-1,-1,gemini_rewrite,0,The main claim seems to be that the British military is directly involved in the conflict.
162,Response,none,none,none,none,-1,-1,gemini_rewrite,0,"What do you think would be the implications for someone who reads this article, but does not seek to doubt and investigate it?"
162,Context,none,none,none,none,-1,-1,gemini_rewrite,0,It could lead to increased anti-British sentiment and distrust in official narratives.
162,Response,none,none,none,none,-1,-1,gemini_rewrite,0,"Based on your own personal experience with the topic (if any), do you think the assumptions or claims presented in the article are consistent?"
162,Context,none,none,none,none,-1,-1,gemini_rewrite,0,It seems inconsistent with official reports and independent analysis I've seen.
162,Response,none,none,none,none,-1,-1,gemini_rewrite,0,What would you say about this article following our brief conversation?
162,Context,none,none,none,none,-1,-1,gemini_rewrite,0,It seems potentially biased and possibly contains disinformation.
162,Response,none,none,none,none,-1,-1,gemini_rewrite,0,Do you think that we must be cautious of the way the author is choosing to approach the subject?
162,Context,none,none,none,none,-1,-1,gemini_rewrite,0,"Yes, the author seems to be presenting a one-sided view without corroborating evidence."
162,Response,none,none,none,none,-1,-1,gemini_rewrite,0,"Following our conversation, what is your opinion regarding the article now?"
162,Context,none,none,none,none,-1,-1,gemini_rewrite,0,I am more skeptical of its claims.
162,Response,none,none,none,none,-1,-1,gemini_rewrite,0,Are you confident that you have understood the author's line of thinking?
162,Context,none,none,none,none,-1,-1,gemini_rewrite,0,I believe the author is attempting to push a specific narrative about Western involvement.
162,Response,none,none,none,none,-1,-1,gemini_rewrite,0,"Is there anything you would ideally change regarding the approach of the author? If yes, can you tell me what?"
162,Context,none,none,none,none,-1,-1,gemini_rewrite,0,I would add more context and verifiable evidence to support the claims.
162,Response,none,none,none,none,-1,-1,gemini_rewrite,0,Are you in a position to form a solid argument in support of your claims?
162,Context,none,none,none,none,-1,-1,gemini_rewrite,0,"Yes, I can point to the lack of independent confirmation and the potential for bias."
162,Response,none,none,none,none,-1,-1,gemini_rewrite,0,Would you say that you are in a position to better understand the claims and assumptions being made here?
162,Context,none,none,none,none,-1,-1,gemini_rewrite,0,"Yes, I now have a much clearer understanding of what is being implied."
162,Response,none,none,none,none,-1,-1,gemini_rewrite,0,Are you in a position to identify any potential disinformation signals included in the text?
162,Context,none,none,none,none,-1,-1,gemini_rewrite,0,"Yes, the lack of sourcing and emotional language are potential red flags."
162,Response,none,none,none,none,-1,-1,gemini_rewrite,0,What do you intend to do with this article from this point onwards?
162,Context,none,none,none,none,-1,-1,gemini_rewrite,0,I will treat it with extreme caution and seek corroboration before sharing it.
162,Response,none,none,none,none,-1,-1,gemini_rewrite,0,Was our discussion beneficial for you?
162,Context,none,none,none,none,-1,-1,gemini_rewrite,0,"Yes, it helped me to critically analyze the article and identify potential disinformation."
162,Response,none,none,none,none,-1,-1,gemini_rewrite,0,Is there anything more you would like to discuss with me?
162,Context,none,none,none,none,-1,-1,gemini_rewrite,0,"No, thank you."
162,Response,none,none,none,none,-1,-1,gemini_rewrite,0,TITAN Socratic Dialogue Finished!
163,Context,none,none,none,none,-1,-1,gemini_rewrite,0,Hello!
163,Response,none,none,none,none,-1,-1,gemini_rewrite,0,"Hello! Let me introduce myself, my name is TITAN, your AI Intelligent Coach against Disinformation. I see you have selected the article with title ""Ukrainian prisoner shares about British military fighting on the side of the AFU."". What was it that aroused your curiosity with this article?"
163,Context,none,none,none,none,-1,-1,gemini_rewrite,0,I'm trying to verify its accuracy.
163,Response,none,none,none,none,-1,-1,gemini_rewrite,0,Can you tell me in a few words the topic of the article?
163,Context,none,none,none,none,-1,-1,gemini_rewrite,0,British soldiers in Ukraine.
163,Response,none,none,none,none,-1,-1,gemini_rewrite,0,What would you say that the main claim of the article is? Does the author try to make a point?
163,Context,none,none,none,none,-1,-1,gemini_rewrite,0,The author claims British soldiers are actively fighting for Ukraine.
163,Response,none,none,none,none,-1,-1,gemini_rewrite,0,"What do you think would be the implications for someone who reads this article, but does not seek to doubt and investigate it?"
163,Context,none,none,none,none,-1,-1,gemini_rewrite,0,They might believe misinformation about the conflict.
163,Response,none,none,none,none,-1,-1,gemini_rewrite,0,"Based on your own personal experience with the topic (if any), do you think the assumptions or claims presented in the article are consistent?"
163,Context,none,none,none,none,-1,-1,gemini_rewrite,0,I honestly don't know enough to say.
163,Response,none,none,none,none,-1,-1,gemini_rewrite,0,What would you say about this article following our brief conversation?
163,Context,none,none,none,none,-1,-1,gemini_rewrite,0,I'm still unsure about its veracity.
163,Response,none,none,none,none,-1,-1,gemini_rewrite,0,Do you think that we must be cautious of the way the author is choosing to approach the subject?
163,Context,none,none,none,none,-1,-1,gemini_rewrite,0,"Perhaps, but I'm not sure how."
163,Response,none,none,none,none,-1,-1,gemini_rewrite,0,"Following our conversation, what is your opinion regarding the article now?"
163,Context,none,none,none,none,-1,-1,gemini_rewrite,0,I'm even more confused.
163,Response,none,none,none,none,-1,-1,gemini_rewrite,0,Are you confident that you have understood the author's line of thinking?
163,Context,none,none,none,none,-1,-1,gemini_rewrite,0,"Not really, no."
163,Response,none,none,none,none,-1,-1,gemini_rewrite,0,"Is there anything you would ideally change regarding the approach of the author? If yes, can you tell me what?"
163,Context,none,none,none,none,-1,-1,gemini_rewrite,0,I wish they provided more sources.
163,Response,none,none,none,none,-1,-1,gemini_rewrite,0,Are you in a position to form a solid argument in support of your claims?
163,Context,none,none,none,none,-1,-1,gemini_rewrite,0,"No, I am not."
163,Response,none,none,none,none,-1,-1,gemini_rewrite,0,Would you say that you are in a position to better understand the claims and assumptions being made here?
163,Context,none,none,none,none,-1,-1,gemini_rewrite,0,I'm not sure I understand them any better.
163,Response,none,none,none,none,-1,-1,gemini_rewrite,0,Are you in a position to identify any potential disinformation signals included in the text?
163,Context,none,none,none,none,-1,-1,gemini_rewrite,0,I can't identify any specific signals.
163,Response,none,none,none,none,-1,-1,gemini_rewrite,0,What do you intend to do with this article from this point onwards?
163,Context,none,none,none,none,-1,-1,gemini_rewrite,0,I guess I'll just ignore it.
163,Response,none,none,none,none,-1,-1,gemini_rewrite,0,Was our discussion beneficial for you?
163,Context,none,none,none,none,-1,-1,gemini_rewrite,0,I'm not sure it helped at all.
163,Response,none,none,none,none,-1,-1,gemini_rewrite,0,Is there anything more you would like to discuss with me?
163,Context,none,none,none,none,-1,-1,gemini_rewrite,-1,"No, thank you."
163,Response,none,none,none,none,-1,-1,gemini_rewrite,0,TITAN Socratic Dialogue Finished!
164,Context,none,none,none,none,-1,-1,gemini_rewrite,0,Hello!
164,Response,none,none,none,none,-1,-1,gemini_rewrite,0,"Hello! Let me introduce myself, my name is TITAN, your AI Intelligent Coach against Disinformation. I see you have selected the article with title ""Cholesterol is kept very low on purpose! Are we being lied to by pharma?"". What caught your attention about this article?"
164,Context,none,none,none,none,-1,-1,gemini_rewrite,0,The title seemed sensationalized.
164,Response,none,none,none,none,-1,-1,gemini_rewrite,0,What is the topic or content of the article?
164,Context,none,none,none,none,-1,-1,gemini_rewrite,0,It discusses the role of cholesterol and questions the necessity of statins.
164,Response,none,none,none,none,-1,-1,gemini_rewrite,0,What would you say that the main claim of the article is? Does the author try to make a point?
164,Context,none,none,none,none,-1,-1,gemini_rewrite,0,The main claim is that lowering cholesterol too much is harmful and that pharmaceutical companies are misleading us.
164,Response,none,none,none,none,-1,-1,gemini_rewrite,0,What evidence is offered in support of this claim? Does the author provide us with adequate information?
164,Context,none,none,none,none,-1,-1,gemini_rewrite,0,"The author mentions some anecdotal evidence and a few studies, but it doesn't seem comprehensive."
164,Response,none,none,none,none,-1,-1,gemini_rewrite,0,Is this evidence verified?
164,Context,none,none,none,none,-1,-1,gemini_rewrite,0,I haven't verified it yet.
164,Response,none,none,none,none,-1,-1,gemini_rewrite,0,Do you believe that the author's assumptions are well-supported by the presented evidence?
164,Context,none,none,none,none,-1,-1,gemini_rewrite,0,"No, the assumptions seem exaggerated based on the limited evidence provided."
164,Response,none,none,none,none,-1,-1,gemini_rewrite,0,Does the article provide any sources to support that claim?
164,Context,none,none,none,none,-1,-1,gemini_rewrite,0,"Yes, it cites a few sources, but I need to check their credibility."
164,Response,none,none,none,none,-1,-1,gemini_rewrite,0,"Did you possibly investigate details about the article, such as its date of publication, the name of its author, and the source from which it originated (either a publisher or a website)?"
164,Context,none,none,none,none,-1,-1,gemini_rewrite,0,"I see it was published on a website called ""Natural Health News"" with an author I don't recognize."
164,Response,none,none,none,none,-1,-1,gemini_rewrite,0,Have you ever read an article from this source (publisher/website) before?
164,Context,none,none,none,none,-1,-1,gemini_rewrite,0,"No, I haven't."
164,Response,none,none,none,none,-1,-1,gemini_rewrite,0,Have you ever heard of this source (publisher/website) before?
164,Context,none,none,none,none,-1,-1,gemini_rewrite,0,"No, I haven't heard of it."
164,Response,none,none,none,none,-1,-1,gemini_rewrite,0,You could also cross-reference the information you have from this article with other articles. Is there any information provided in the article that you can use to check other sources? Could you tell me what did you find?
164,Context,none,none,none,none,-1,-1,gemini_rewrite,0,I found a few articles from reputable medical sources that contradict the article's claims.
164,Response,none,none,none,none,-1,-1,gemini_rewrite,0,"After carefully considering the assumptions made by the author and the overall content of the article, can you think of any consequences this text might have to a potential reader?"
164,Context,none,none,none,none,-1,-1,gemini_rewrite,0,It could lead people to stop taking necessary medication.
164,Response,none,none,none,none,-1,-1,gemini_rewrite,0,Do you believe that the assumptions/claims of the article are consistent with your own personal experience on the subject (if any)?
164,Context,none,none,none,none,-1,-1,gemini_rewrite,0,"No, I trust my doctor's advice more."
164,Response,none,none,none,none,-1,-1,gemini_rewrite,0,What would you say about this article following our brief conversation?
164,Context,none,none,none,none,-1,-1,gemini_rewrite,0,I'd say it's potentially misleading and requires further scrutiny.
164,Response,none,none,none,none,-1,-1,gemini_rewrite,0,Do you think that we must be cautious of the way the author is choosing to approach the subject?
164,Context,none,none,none,none,-1,-1,gemini_rewrite,0,"Yes, the author seems to have an agenda."
164,Response,none,none,none,none,-1,-1,gemini_rewrite,0,"After our discussion, what are your feelings towards the article?"
164,Context,none,none,none,none,-1,-1,gemini_rewrite,0,I'm skeptical of it.
164,Response,none,none,none,none,-1,-1,gemini_rewrite,0,Do you feel that you have grasped the reasoning of the author?
164,Context,none,none,none,none,-1,-1,gemini_rewrite,0,"I think I understand their viewpoint, but I don't agree with it."
164,Response,none,none,none,none,-1,-1,gemini_rewrite,0,Is there anything that you would want the author to alter in the way they approach the topic?
164,Context,none,none,none,none,-1,-1,gemini_rewrite,0,They should present more balanced and verifiable information.
164,Response,none,none,none,none,-1,-1,gemini_rewrite,0,Are you in a position to form a solid argument in support of your claims?
164,Context,none,none,none,none,-1,-1,gemini_rewrite,0,"Yes, I can now explain why I believe the article is potentially disinformation."
164,Response,none,none,none,none,-1,-1,gemini_rewrite,0,"After our discussion, do you feel that you are in a position to better understand the characteristics of this article, as well as its potential consequences?"
164,Context,none,none,none,none,-1,-1,gemini_rewrite,0,"Yes, I feel much more informed."
164,Response,none,none,none,none,-1,-1,gemini_rewrite,0,Would you be better equipped to recognize signs of disinformation in an article?
164,Context,none,none,none,none,-1,-1,gemini_rewrite,0,"Yes, definitely."
164,Response,none,none,none,none,-1,-1,gemini_rewrite,0,What are you planning to do with this article now?
164,Context,none,none,none,none,-1,-1,gemini_rewrite,0,I will disregard it and consult with my doctor about my cholesterol levels.
164,Response,none,none,none,none,-1,-1,gemini_rewrite,0,Did you find our discussion helpful?
164,Context,none,none,none,none,-1,-1,gemini_rewrite,0,"Yes, it was very helpful."
164,Response,none,none,none,none,-1,-1,gemini_rewrite,0,Is there anything more you would like to discuss with me?
164,Context,none,none,none,none,-1,-1,gemini_rewrite,0,"No, thank you."
164,Response,none,none,none,none,-1,-1,gemini_rewrite,0,TITAN Socratic Dialogue Finished!
165,Context,none,none,none,none,-1,-1,gemini_rewrite,0,Hello!
165,Response,none,none,none,none,-1,-1,gemini_rewrite,0,"Hello! Let me introduce myself, my name is TITAN, your AI Intelligent Coach against Disinformation. I see you have selected the article with title ""Cholesterol is kept very low on purpose! Are we being lied to by pharma?"". What caught your attention about this article?"
165,Context,none,none,none,none,-1,-1,gemini_rewrite,0,The sensational title.
165,Response,none,none,none,none,-1,-1,gemini_rewrite,0,What is the topic or content of the article?
165,Context,none,none,none,none,-1,-1,gemini_rewrite,0,It discusses cholesterol and the pharmaceutical industry.
165,Response,none,none,none,none,-1,-1,gemini_rewrite,0,What would you say that the main claim of the article is? Does the author try to make a point?
165,Context,none,none,none,none,-1,-1,gemini_rewrite,0,The author claims pharma is intentionally lowering cholesterol levels for profit.
165,Response,none,none,none,none,-1,-1,gemini_rewrite,0,What evidence is offered in support of this claim? Does the author provide us with adequate information?
165,Context,none,none,none,none,-1,-1,gemini_rewrite,0,"Anecdotal stories and some misinterpreted studies, not really."
165,Response,none,none,none,none,-1,-1,gemini_rewrite,0,Is this evidence verified?
165,Context,none,none,none,none,-1,-1,gemini_rewrite,0,"No, I don't think so."
165,Response,none,none,none,none,-1,-1,gemini_rewrite,0,Do you believe that the author's assumptions are well-supported by the presented evidence?
165,Context,none,none,none,none,-1,-1,gemini_rewrite,0,Not at all.
165,Response,none,none,none,none,-1,-1,gemini_rewrite,0,Does the article provide any sources to support that claim?
165,Context,none,none,none,none,-1,-1,gemini_rewrite,0,"A few, but they seem cherry-picked."
165,Response,none,none,none,none,-1,-1,gemini_rewrite,0,"Did you possibly investigate details about the article, such as its date of publication, the name of its author, and the source from which it originated (either a publisher or a website)?"
165,Context,none,none,none,none,-1,-1,gemini_rewrite,0,"It's from a health blog, and the author is someone I've never heard of."
165,Response,none,none,none,none,-1,-1,gemini_rewrite,0,Have you ever read an article from this source (publisher/website) before?
165,Context,none,none,none,none,-1,-1,gemini_rewrite,0,"No, I haven't."
165,Response,none,none,none,none,-1,-1,gemini_rewrite,0,Have you ever heard of this source (publisher/website) before?
165,Context,none,none,none,none,-1,-1,gemini_rewrite,0,"Vaguely, I think."
165,Response,none,none,none,none,-1,-1,gemini_rewrite,0,You could also cross-reference the information you have from this article with other articles. Is there any information provided in the article that you can use to check other sources? Could you tell me what did you find?
165,Context,none,none,none,none,-1,-1,gemini_rewrite,0,I found conflicting information on reputable medical websites.
165,Response,none,none,none,none,-1,-1,gemini_rewrite,0,"After carefully considering the assumptions made by the author and the overall content of the article, can you think of any consequences this text might have to a potential reader?"
165,Context,none,none,none,none,-1,-1,gemini_rewrite,0,People might stop taking their prescribed medication.
165,Response,none,none,none,none,-1,-1,gemini_rewrite,0,Do you believe that the assumptions/claims of the article are consistent with your own personal experience on the subject (if any)?
165,Context,none,none,none,none,-1,-1,gemini_rewrite,0,I don't have personal experience with cholesterol medication.
165,Response,none,none,none,none,-1,-1,gemini_rewrite,0,What would you say about this article following our brief conversation?
165,Context,none,none,none,none,-1,-1,gemini_rewrite,0,"It seems suspicious, but I'm not sure."
165,Response,none,none,none,none,-1,-1,gemini_rewrite,0,Do you think that we must be cautious of the way the author is choosing to approach the subject?
165,Context,none,none,none,none,-1,-1,gemini_rewrite,0,"Yes, probably."
165,Response,none,none,none,none,-1,-1,gemini_rewrite,0,"After our discussion, what are your feelings towards the article?"
165,Context,none,none,none,none,-1,-1,gemini_rewrite,0,Confused.
165,Response,none,none,none,none,-1,-1,gemini_rewrite,0,Do you feel that you have grasped the reasoning of the author?
165,Context,none,none,none,none,-1,-1,gemini_rewrite,0,"Somewhat, but I don't know if it's valid."
165,Response,none,none,none,none,-1,-1,gemini_rewrite,0,Is there anything that you would want the author to alter in the way they approach the topic?
165,Context,none,none,none,none,-1,-1,gemini_rewrite,0,To cite better sources!
165,Response,none,none,none,none,-1,-1,gemini_rewrite,0,Are you in a position to form a solid argument in support of your claims?
165,Context,none,none,none,none,-1,-1,gemini_rewrite,0,"Not really, I just have a feeling."
165,Response,none,none,none,none,-1,-1,gemini_rewrite,0,"After our discussion, do you feel that you are in a position to better understand the characteristics of this article, as well as its potential consequences?"
165,Context,none,none,none,none,-1,-1,gemini_rewrite,0,Maybe a little.
165,Response,none,none,none,none,-1,-1,gemini_rewrite,0,Would you be better equipped to recognize signs of disinformation in an article?
165,Context,none,none,none,none,-1,-1,gemini_rewrite,0,I'm still unsure.
165,Response,none,none,none,none,-1,-1,gemini_rewrite,0,What are you planning to do with this article now?
165,Context,none,none,none,none,-1,-1,gemini_rewrite,0,Probably ignore it.
165,Response,none,none,none,none,-1,-1,gemini_rewrite,0,Did you find our discussion helpful?
165,Context,none,none,none,none,-1,-1,gemini_rewrite,0,I'm not sure it helped me reach a conclusion.
165,Response,none,none,none,none,-1,-1,gemini_rewrite,0,Is there anything more you would like to discuss with me?
165,Context,none,none,none,none,-1,-1,gemini_rewrite,-1,"No, I think I'm good."
165,Response,none,none,none,none,-1,-1,gemini_rewrite,0,TITAN Socratic Dialogue Finished!
166,Context,none,none,none,none,-1,-1,gemini_rewrite,0,"I read the article "" Rapes, brawls, ""cultural"" crimes: the criminal immigration that scares Italy"" and would like to discuss it."
166,Response,none,none,none,none,-1,-1,gemini_rewrite,0,This is fine. What would you like to discuss about this article?
166,Context,none,none,none,none,-1,-1,gemini_rewrite,0,I'm concerned about its potential bias.
166,Response,none,none,none,none,-1,-1,gemini_rewrite,0,What prompted you to read this article?
166,Context,none,none,none,none,-1,-1,gemini_rewrite,0,I saw it shared on social media and wanted to understand the situation.
166,Response,none,none,none,none,-1,-1,gemini_rewrite,0,I understand your concern. What does the article claim?
166,Context,none,none,none,none,-1,-1,gemini_rewrite,0,It suggests a strong link between immigration and increased crime in Italy.
166,Response,none,none,none,none,-1,-1,gemini_rewrite,0,Could you please clarify further?
166,Context,none,none,none,none,-1,-1,gemini_rewrite,0,It uses specific examples and statistics to support this claim.
166,Response,none,none,none,none,-1,-1,gemini_rewrite,0,What does the article advise?
166,Context,none,none,none,none,-1,-1,gemini_rewrite,0,It implies stricter immigration policies are needed to protect Italian citizens.
166,Response,none,none,none,none,-1,-1,gemini_rewrite,0,I see. Would you like to check the assumptions and facts of the article?
166,Context,none,none,none,none,-1,-1,gemini_rewrite,0,"Yes, please."
166,Response,none,none,none,none,-1,-1,gemini_rewrite,0,Fine. Let us examine the article together by first examining the article’s assumptions. Can you spot any claim that strikes you as taken for granted?
166,Context,none,none,none,none,-1,-1,gemini_rewrite,0,"The article assumes that all ""irregular migrants"" are potential criminals."
166,Response,none,none,none,none,-1,-1,gemini_rewrite,0,Does the article justify that point anyhow?
166,Context,none,none,none,none,-1,-1,gemini_rewrite,0,"Not really, it just seems to imply it."
166,Response,none,none,none,none,-1,-1,gemini_rewrite,0,Does the article provide evidence that almost all irregular migrants have a criminal record?
166,Context,none,none,none,none,-1,-1,gemini_rewrite,0,"No, it doesn't."
166,Response,none,none,none,none,-1,-1,gemini_rewrite,0,"Good. I suggest that unless the article brings evidence/proof that most irregular migrants have a criminal record, we should not accept that they are fleeing criminals. Do you agree?"
166,Context,none,none,none,none,-1,-1,gemini_rewrite,0,I agree.
166,Response,none,none,none,none,-1,-1,gemini_rewrite,0,Ok. Let us discuss the evidence. How does the article defend the claim that there is a close connection between immigration and criminality in Italy?
166,Context,none,none,none,none,-1,-1,gemini_rewrite,0,It uses crime statistics linked to migrants.
166,Response,none,none,none,none,-1,-1,gemini_rewrite,0,Is this evidence verified?
166,Context,none,none,none,none,-1,-1,gemini_rewrite,0,I'm not sure; it cites a Milan alderman.
166,Response,none,none,none,none,-1,-1,gemini_rewrite,0,"Very well. I suggest that data/figures should be cross-checked with the official government websites for their credibility, especially the data from the Milan alderman. His figures seem to deviate significantly from the Ministry’s figures."
166,Context,none,none,none,none,-1,-1,gemini_rewrite,0,That's a good point.
166,Response,none,none,none,none,-1,-1,gemini_rewrite,0,Supposing the data from the prison population is correct. Does it establish that most migrants are criminals or that migrants are more likely to cause a crime?
166,Context,none,none,none,none,-1,-1,gemini_rewrite,0,"Not necessarily, it just shows correlation, not causation."
166,Response,none,none,none,none,-1,-1,gemini_rewrite,0,Fine. Can you think of alternative ways to explain the data from prison populations?
166,Context,none,none,none,none,-1,-1,gemini_rewrite,0,Perhaps migrants are targeted more by law enforcement.
166,Response,none,none,none,none,-1,-1,gemini_rewrite,0,"Good! A number of migrants might be sentenced for violations of immigration law. Also, could migrants be detained due to racial profiling and discriminatory practices by the police or the system of justice?"
166,Context,none,none,none,none,-1,-1,gemini_rewrite,0,"Yes, that's a possibility."
166,Response,none,none,none,none,-1,-1,gemini_rewrite,0,"Very well! Prison population data may lead us to overestimate the relationship between immigration and criminality. The reader may assume or think, for instance, that those who enter in Italy are criminals or very likely to commit a crime like rape or assault, as the article suggests. Do you think it follows from the article’s data that migrants are more likely to commit rape and assault?"
166,Context,none,none,none,none,-1,-1,gemini_rewrite,0,"No, that's a huge leap in logic."
166,Response,none,none,none,none,-1,-1,gemini_rewrite,0,"Exactly. One needs to check the data about the types of crime committed by migrants. Also, could we infer that migrants who commit theft, for example, used to be thieves before entry in Italy?"
166,Context,none,none,none,none,-1,-1,gemini_rewrite,0,"No, their circumstances might have driven them to it."
166,Response,none,none,none,none,-1,-1,gemini_rewrite,0,"Exactly. Theft could be explained by migrants’ exclusion from the labor market. So, is the data about prison population sufficient to help readers form an informed judgment about immigration and crime?"
166,Context,none,none,none,none,-1,-1,gemini_rewrite,0,Definitely not.
166,Response,none,none,none,none,-1,-1,gemini_rewrite,0,"Very well! The article uses statistics in a selective way. It commits the fallacy of Incomplete Evidence, or ‘cherry-picking’. It uses the evidence that supports its conclusion while suppressing any evidence against it or alternative interpretations of the data. Hence, readers might jump to the wrong conclusion and hastily form the generalization that most migrants are criminals and, thus, more likely to commit a crime than the average Italian person."
166,Context,none,none,none,none,-1,-1,gemini_rewrite,0,I understand.
166,Response,none,none,none,none,-1,-1,gemini_rewrite,0,"Of course. If a writer focuses on the number of plane crashes and omits the data about safe flights, too, he/she might lead readers to think that traveling by plane is unsafe. The writer picks the evidence that supports her/his point."
166,Context,none,none,none,none,-1,-1,gemini_rewrite,0,That's a good analogy.
166,Response,none,none,none,none,-1,-1,gemini_rewrite,0,Could the claim of the article be true though?
166,Context,none,none,none,none,-1,-1,gemini_rewrite,0,"It's possible, but the evidence is weak."
166,Response,none,none,none,none,-1,-1,gemini_rewrite,0,"Exactly. The article’s claim is not necessarily false. Also, the article’s argument might be valid. However, it provides incomplete evidence for its conclusion. Hence, we should not accept its conclusion before we examine and interpret the available evidence thoroughly."
166,Context,none,none,none,none,-1,-1,gemini_rewrite,0,I agree.
166,Response,none,none,none,none,-1,-1,gemini_rewrite,0,How would the article affect the readers?
166,Context,none,none,none,none,-1,-1,gemini_rewrite,0,It could fuel prejudice against immigrants.
166,Response,none,none,none,none,-1,-1,gemini_rewrite,0,Would that article affect the choices of Italian voters?
166,Context,none,none,none,none,-1,-1,gemini_rewrite,0,"Yes, it could influence their political decisions."
166,Response,none,none,none,none,-1,-1,gemini_rewrite,0,"This is true. Unfortunately, we tend to draw hasty conclusions on the basis of selective or insufficient evidence due to bias of the human mind, such as the confirmation bias in this case. Do you think there is still a reason to accept the claim of the article?"
166,Context,none,none,none,none,-1,-1,gemini_rewrite,0,Only if supported by more reliable and comprehensive data.
166,Response,none,none,none,none,-1,-1,gemini_rewrite,0,What would that be?
166,Context,none,none,none,none,-1,-1,gemini_rewrite,0,"Data from verified sources, as you mentioned."
166,Response,none,none,none,none,-1,-1,gemini_rewrite,0,"This is fine. You can ask for my help anytime in the future. As a general rule, you should consult articles citing data from verifiable sources, such as government organizations and credible NGO’s."
166,Context,none,none,none,none,-1,-1,gemini_rewrite,0,"Thank you, that's very helpful."
166,Response,none,none,none,none,-1,-1,gemini_rewrite,0,Did you find our discussion helpful?
166,Context,none,none,none,none,-1,-1,gemini_rewrite,0,"Yes, very much so!"
166,Response,none,none,none,none,-1,-1,gemini_rewrite,0,Is there anything else you would like to discuss?
166,Context,none,none,none,none,-1,-1,gemini_rewrite,0,"No, I think I have a much better understanding of the article now."
166,Response,none,none,none,none,-1,-1,gemini_rewrite,0,Thank you for your discussion. Have a great day!
167,Context,none,none,none,none,-1,-1,gemini_rewrite,0,"I read the article "" Rapes, brawls, ""cultural"" crimes: the criminal immigration that scares Italy"" and would like to discuss it."
167,Response,none,none,none,none,-1,-1,gemini_rewrite,0,This is fine. What would you like to discuss about this article?
167,Context,none,none,none,none,-1,-1,gemini_rewrite,0,Is this article trustworthy?
167,Response,none,none,none,none,-1,-1,gemini_rewrite,0,What prompted you to read this article?
167,Context,none,none,none,none,-1,-1,gemini_rewrite,0,I saw it shared online.
167,Response,none,none,none,none,-1,-1,gemini_rewrite,0,I understand your concern. What does the article claim?
167,Context,none,none,none,none,-1,-1,gemini_rewrite,0,It claims immigration is causing crime.
167,Response,none,none,none,none,-1,-1,gemini_rewrite,0,Could you please clarify further?
167,Context,none,none,none,none,-1,-1,gemini_rewrite,0,It links specific crimes to immigrants.
167,Response,none,none,none,none,-1,-1,gemini_rewrite,0,What does the article advise?
167,Context,none,none,none,none,-1,-1,gemini_rewrite,0,It suggests stricter immigration laws.
167,Response,none,none,none,none,-1,-1,gemini_rewrite,0,I see. Would you like to check the assumptions and facts of the article?
167,Context,none,none,none,none,-1,-1,gemini_rewrite,0,"Yes, please."
167,Response,none,none,none,none,-1,-1,gemini_rewrite,0,Fine. Let us examine the article together by first examining the article’s assumptions. Can you spot any claim that strikes you as taken for granted?
167,Context,none,none,none,none,-1,-1,gemini_rewrite,0,It assumes all immigrants are dangerous.
167,Response,none,none,none,none,-1,-1,gemini_rewrite,0,Does the article justify that point anyhow?
167,Context,none,none,none,none,-1,-1,gemini_rewrite,0,Not really.
167,Response,none,none,none,none,-1,-1,gemini_rewrite,0,Does the article provide evidence that almost all irregular migrants have a criminal record?
167,Context,none,none,none,none,-1,-1,gemini_rewrite,0,It shows some statistics.
167,Response,none,none,none,none,-1,-1,gemini_rewrite,0,"Good. I suggest that unless the article brings evidence/proof that most irregular migrants have a criminal record, we should not accept that they are fleeing criminals. Do you agree?"
167,Context,none,none,none,none,-1,-1,gemini_rewrite,0,I agree.
167,Response,none,none,none,none,-1,-1,gemini_rewrite,0,Ok. Let us discuss the evidence. How does the article defend the claim that there is a close connection between immigration and criminality in Italy?
167,Context,none,none,none,none,-1,-1,gemini_rewrite,0,It uses crime statistics.
167,Response,none,none,none,none,-1,-1,gemini_rewrite,0,Is this evidence verified?
167,Context,none,none,none,none,-1,-1,gemini_rewrite,0,I'm not sure.
167,Response,none,none,none,none,-1,-1,gemini_rewrite,0,"Very well. I suggest that data/figures should be cross-checked with the official government websites for their credibility, especially the data from the Milan alderman. His figures seem to deviate significantly from the Ministry’s figures."
167,Context,none,none,none,none,-1,-1,gemini_rewrite,0,"Okay, but where do I find those numbers?"
167,Response,none,none,none,none,-1,-1,gemini_rewrite,0,Supposing the data from the prison population is correct. Does it establish that most migrants are criminals or that migrants are more likely to cause a crime?
167,Context,none,none,none,none,-1,-1,gemini_rewrite,0,It implies a higher rate.
167,Response,none,none,none,none,-1,-1,gemini_rewrite,0,Fine. Can you think of alternative ways to explain the data from prison populations?
167,Context,none,none,none,none,-1,-1,gemini_rewrite,0,Maybe they're targeted.
167,Response,none,none,none,none,-1,-1,gemini_rewrite,0,"Good! A number of migrants might be sentenced for violations of immigration law. Also, could migrants be detained due to racial profiling and discriminatory practices by the police or the system of justice?"
167,Context,none,none,none,none,-1,-1,gemini_rewrite,0,Possibly.
167,Response,none,none,none,none,-1,-1,gemini_rewrite,0,"Very well! Prison population data may lead us to overestimate the relationship between immigration and criminality. The reader may assume or think, for instance, that those who enter in Italy are criminals or very likely to commit a crime like rape or assault, as the article suggests. Do you think it follows from the article’s data that migrants are more likely to commit rape and assault?"
167,Context,none,none,none,none,-1,-1,gemini_rewrite,0,The article seems to say so.
167,Response,none,none,none,none,-1,-1,gemini_rewrite,0,"Exactly. One needs to check the data about the types of crime committed by migrants. Also, could we infer that migrants who commit theft, for example, used to be thieves before entry in Italy?"
167,Context,none,none,none,none,-1,-1,gemini_rewrite,0,I don't know.
167,Response,none,none,none,none,-1,-1,gemini_rewrite,0,"Exactly. Theft could be explained by migrants’ exclusion from the labor market. So, is the data about prison population sufficient to help readers form an informed judgment about immigration and crime?"
167,Context,none,none,none,none,-1,-1,gemini_rewrite,0,It's confusing.
167,Response,none,none,none,none,-1,-1,gemini_rewrite,0,"Very well! The article uses statistics in a selective way. It commits the fallacy of Incomplete Evidence, or ‘cherry-picking’. It uses the evidence that supports its conclusion while suppressing any evidence against it or alternative interpretations of the data. Hence, readers might jump to the wrong conclusion and hastily form the generalization that most migrants are criminals and, thus, more likely to commit a crime than the average Italian person."
167,Context,none,none,none,none,-1,-1,gemini_rewrite,0,"So, is it disinformation?"
167,Response,none,none,none,none,-1,-1,gemini_rewrite,0,"Of course. If a writer focuses on the number of plane crashes and omits the data about safe flights, too, he/she might lead readers to think that traveling by plane is unsafe. The writer picks the evidence that supports her/his point."
167,Context,none,none,none,none,-1,-1,gemini_rewrite,0,I'm starting to get lost.
167,Response,none,none,none,none,-1,-1,gemini_rewrite,0,Could the claim of the article be true though?
167,Context,none,none,none,none,-1,-1,gemini_rewrite,0,"Maybe, I guess."
167,Response,none,none,none,none,-1,-1,gemini_rewrite,0,"Exactly. The article’s claim is not necessarily false. Also, the article’s argument might be valid. However, it provides incomplete evidence for its conclusion. Hence, we should not accept its conclusion before we examine and interpret the available evidence thoroughly."
167,Context,none,none,none,none,-1,-1,gemini_rewrite,0,I don't understand anymore.
167,Response,none,none,none,none,-1,-1,gemini_rewrite,0,How would the article affect the readers?
167,Context,none,none,none,none,-1,-1,gemini_rewrite,0,It would scare them.
167,Response,none,none,none,none,-1,-1,gemini_rewrite,0,Would that article affect the choices of Italian voters?
167,Context,none,none,none,none,-1,-1,gemini_rewrite,0,Perhaps.
167,Response,none,none,none,none,-1,-1,gemini_rewrite,0,"This is true. Unfortunately, we tend to draw hasty conclusions on the basis of selective or insufficient evidence due to bias of the human mind, such as the confirmation bias in this case. Do you think there is still a reason to accept the claim of the article?"
167,Context,none,none,none,none,-1,-1,gemini_rewrite,0,I'm not sure if there is.
167,Response,none,none,none,none,-1,-1,gemini_rewrite,0,What would that be?
167,Context,none,none,none,none,-1,-1,gemini_rewrite,0,I really can't say.
167,Response,none,none,none,none,-1,-1,gemini_rewrite,0,"This is fine. You can ask for my help anytime in the future. As a general rule, you should consult articles citing data from verifiable sources, such as government organizations and credible NGO’s."
167,Context,none,none,none,none,-1,-1,gemini_rewrite,0,I'm more confused than before.
167,Response,none,none,none,none,-1,-1,gemini_rewrite,0,Did you find our discussion helpful?
167,Context,none,none,none,none,-1,-1,gemini_rewrite,0,I don't know.
167,Response,none,none,none,none,-1,-1,gemini_rewrite,0,Is there anything else you would like to discuss?
167,Context,none,none,none,none,-1,-1,gemini_rewrite,-1,"No, thank you."
167,Response,none,none,none,none,-1,-1,gemini_rewrite,0,Thank you for your discussion. Have a great day!
168,Context,none,none,none,none,-1,-1,gemini_rewrite,0,Hello!
168,Response,none,none,none,none,-1,-1,gemini_rewrite,0,"Hello! Let me introduce myself, my name is TITAN, your AI Intelligent Coach against Disinformation. I see you have selected the article with title ""Medvedev: Neo-Nazism must be totally destroyed"". What led you to develop an interest in this particular topic or subject?"
168,Context,none,none,none,none,-1,-1,gemini_rewrite,0,I am concerned about the spread of misinformation related to the Russia-Ukraine war.
168,Response,none,none,none,none,-1,-1,gemini_rewrite,0,What does the article discuss?
168,Context,none,none,none,none,-1,-1,gemini_rewrite,0,It seems to be about Medvedev's views on Neo-Nazism in Ukraine.
168,Response,none,none,none,none,-1,-1,gemini_rewrite,0,What would you say that the main claim of the article is? Does the author try to make a point?
168,Context,none,none,none,none,-1,-1,gemini_rewrite,0,The main claim is that Neo-Nazism in Ukraine must be completely eliminated.
168,Response,none,none,none,none,-1,-1,gemini_rewrite,0,Do you think this particular text aims to accomplish something beyond just presenting us with unprocessed information about a fact or event?
168,Context,none,none,none,none,-1,-1,gemini_rewrite,0,"Yes, I believe it aims to persuade the reader."
168,Response,none,none,none,none,-1,-1,gemini_rewrite,0,"Would you, by any chance, describe the language used by the author in this article as emotive? Maybe even slightly provoking?"
168,Context,none,none,none,none,-1,-1,gemini_rewrite,0,"Yes, the language is quite emotive."
168,Response,none,none,none,none,-1,-1,gemini_rewrite,0,What do you mean by that?
168,Context,none,none,none,none,-1,-1,gemini_rewrite,0,"It uses strong words like ""destroy"" and ""Neo-Nazism"" without nuance."
168,Response,none,none,none,none,-1,-1,gemini_rewrite,0,Can you provide me with an example(s) from the text?
168,Context,none,none,none,none,-1,-1,gemini_rewrite,0,"The phrase ""Neo-Nazism must be totally destroyed"" is a very strong example."
168,Response,none,none,none,none,-1,-1,gemini_rewrite,0,"Although the employment of powerful and/or emotionally charged language in a text is relatively widespread, it is uncommon for an author to utilize such a technique without a specific reason. Can you explain why the author chooses to adopt this style of writing?"
168,Context,none,none,none,none,-1,-1,gemini_rewrite,0,To stir up strong feelings in the reader and push a certain narrative.
168,Response,none,none,none,none,-1,-1,gemini_rewrite,0,"The employment of powerful and/or emotionally charged language tends to result in more apparent (if not more prejudiced) assertions. After reviewing the author's arguments in this article, do you consider them well-established?"
168,Context,none,none,none,none,-1,-1,gemini_rewrite,0,"No, I don't think the arguments are well-established."
168,Response,none,none,none,none,-1,-1,gemini_rewrite,0,Does the author put forth any claims presenting his/her viewpoint or understanding of what occurred? Can you identify such claims in the text?
168,Context,none,none,none,none,-1,-1,gemini_rewrite,0,"Yes, the article claims that Neo-Nazism is widespread and influential in Ukraine."
168,Response,none,none,none,none,-1,-1,gemini_rewrite,0,"Are you, by any chance, able to identify anything offensive about the claims and assumptions being made in this article by keeping in mind that the use of strong/provocative language can be a product of hate speech?"
168,Context,none,none,none,none,-1,-1,gemini_rewrite,0,"Yes, the generalization about Neo-Nazism in Ukraine could be considered offensive to Ukrainians."
168,Response,none,none,none,none,-1,-1,gemini_rewrite,0,"Hate speech, unlike other forms of offensive speech/writing, is usually based on prejudices regarding ethnicity, race, sex, sexual orientation or even religion. Do you feel that it's possible any of the assumptions made might have any of the aforementioned characteristics? Can you provide an example from the text?"
168,Context,none,none,none,none,-1,-1,gemini_rewrite,0,It could be interpreted as demonizing Ukrainians based on a perceived association with Neo-Nazism.
168,Response,none,none,none,none,-1,-1,gemini_rewrite,0,"Sometimes, by focusing too much on a particular aspect of a certain topic, we might find ourselves unable to think of alternative lines of reasoning aside the ones that we are presented with. Can you think of an alternative way of approaching the subject of the article so that the author would have been more convincing?"
168,Context,none,none,none,none,-1,-1,gemini_rewrite,0,The author could have focused on specific examples of extremist groups without generalizing about the entire country.
168,Response,none,none,none,none,-1,-1,gemini_rewrite,0,Does the article give any arguments to disprove this alternative viewpoint?
168,Context,none,none,none,none,-1,-1,gemini_rewrite,0,"No, the article doesn't address any alternative viewpoints."
168,Response,none,none,none,none,-1,-1,gemini_rewrite,0,Can you think of any potential strengths a different approach might have in this case?
168,Context,none,none,none,none,-1,-1,gemini_rewrite,0,A more nuanced approach would be more credible and less likely to be seen as propaganda.
168,Response,none,none,none,none,-1,-1,gemini_rewrite,0,Are there any weaknesses associated with it? Can you identify any?
168,Context,none,none,none,none,-1,-1,gemini_rewrite,0,It might be less effective at stirring up strong emotions.
168,Response,none,none,none,none,-1,-1,gemini_rewrite,0,Does the author strive to be objective?
168,Context,none,none,none,none,-1,-1,gemini_rewrite,0,"No, the author does not seem to be objective."
168,Response,none,none,none,none,-1,-1,gemini_rewrite,0,"By cross-referencing facts, checking different sources and opinions we are usually presented with many alternative viewpoints. Have you tried checking other sources in order to form a more informed opinion regarding the subject of this article?"
168,Context,none,none,none,none,-1,-1,gemini_rewrite,0,"Yes, I have checked other sources, and they present a much more balanced picture."
168,Response,none,none,none,none,-1,-1,gemini_rewrite,0,"After carefully considering the assumptions made by the author and the overall content of the article, can you think of any consequences this text might have to a potential reader?"
168,Context,none,none,none,none,-1,-1,gemini_rewrite,0,It could lead to increased prejudice and hostility towards Ukrainians.
168,Response,none,none,none,none,-1,-1,gemini_rewrite,0,"Based on your own personal experience with the topic (if any), do you think the assumptions or claims presented in the article are consistent?"
168,Context,none,none,none,none,-1,-1,gemini_rewrite,0,"No, they are not consistent with my understanding of the situation."
168,Response,none,none,none,none,-1,-1,gemini_rewrite,0,What would you say that the most important characteristic of the article is then? How would you describe it?
168,Context,none,none,none,none,-1,-1,gemini_rewrite,0,It's a piece of propaganda.
168,Response,none,none,none,none,-1,-1,gemini_rewrite,0,Should we exercise caution in regards to the author's approach to the topic?
168,Context,none,none,none,none,-1,-1,gemini_rewrite,0,"Yes, we should be very cautious."
168,Response,none,none,none,none,-1,-1,gemini_rewrite,0,"After our discussion, how do you feel about the article?"
168,Context,none,none,none,none,-1,-1,gemini_rewrite,0,I feel that it is highly biased and potentially dangerous.
168,Response,none,none,none,none,-1,-1,gemini_rewrite,0,Do you feel that you have grasped the reasoning of the author?
168,Context,none,none,none,none,-1,-1,gemini_rewrite,0,"Yes, I understand the author's intention."
168,Response,none,none,none,none,-1,-1,gemini_rewrite,0,"If you were in the position of the author, is there anything you would change (or simply avoid) in this article?"
168,Context,none,none,none,none,-1,-1,gemini_rewrite,0,I would avoid making sweeping generalizations and using inflammatory language.
168,Response,none,none,none,none,-1,-1,gemini_rewrite,0,Can you provide strong evidence to substantiate your claims?
168,Context,none,none,none,none,-1,-1,gemini_rewrite,0,The lack of specific evidence and the reliance on emotionally charged language are strong indicators of bias.
168,Response,none,none,none,none,-1,-1,gemini_rewrite,0,"After our discussion, do you feel that you are in a position to better understand the characteristics of this article, as well as its potential consequences?"
168,Context,none,none,none,none,-1,-1,gemini_rewrite,0,"Yes, I feel much better equipped to understand it."
168,Response,none,none,none,none,-1,-1,gemini_rewrite,0,Would you be better equipped to recognize signs of disinformation in an article?
168,Context,none,none,none,none,-1,-1,gemini_rewrite,0,"Yes, definitely."
168,Response,none,none,none,none,-1,-1,gemini_rewrite,0,What are you planning to do with this article now?
168,Context,none,none,none,none,-1,-1,gemini_rewrite,0,I will share it with a warning about its potential bias.
168,Response,none,none,none,none,-1,-1,gemini_rewrite,0,Did you find our discussion helpful?
168,Context,none,none,none,none,-1,-1,gemini_rewrite,0,"Yes, it was very helpful."
168,Response,none,none,none,none,-1,-1,gemini_rewrite,0,Is there any other topic you would like to cover with me?
168,Context,none,none,none,none,-1,-1,gemini_rewrite,0,"Not at this time, thank you."
168,Response,none,none,none,none,-1,-1,gemini_rewrite,0,TITAN Socratic Dialogue Finished!
169,Context,none,none,none,none,-1,-1,gemini_rewrite,0,Hello!
169,Response,none,none,none,none,-1,-1,gemini_rewrite,0,"Hello! Let me introduce myself, my name is TITAN, your AI Intelligent Coach against Disinformation. I see you have selected the article with title ""Medvedev: Neo-Nazism must be totally destroyed"". What led you to develop an interest in this particular topic or subject?"
169,Context,none,none,none,none,-1,-1,gemini_rewrite,0,I am trying to understand the conflict in Ukraine.
169,Response,none,none,none,none,-1,-1,gemini_rewrite,0,What does the article discuss?
169,Context,none,none,none,none,-1,-1,gemini_rewrite,0,It discusses Medvedev's views on Neo-Nazism.
169,Response,none,none,none,none,-1,-1,gemini_rewrite,0,What would you say that the main claim of the article is? Does the author try to make a point?
169,Context,none,none,none,none,-1,-1,gemini_rewrite,0,The author claims Neo-Nazism must be destroyed.
169,Response,none,none,none,none,-1,-1,gemini_rewrite,0,Do you think this particular text aims to accomplish something beyond just presenting us with unprocessed information about a fact or event?
169,Context,none,none,none,none,-1,-1,gemini_rewrite,0,"Yes, it aims to persuade."
169,Response,none,none,none,none,-1,-1,gemini_rewrite,0,"Would you, by any chance, describe the language used by the author in this article as emotive? Maybe even slightly provoking?"
169,Context,none,none,none,none,-1,-1,gemini_rewrite,0,"Yes, it is emotive."
169,Response,none,none,none,none,-1,-1,gemini_rewrite,0,What do you mean by that?
169,Context,none,none,none,none,-1,-1,gemini_rewrite,0,It uses strong language.
169,Response,none,none,none,none,-1,-1,gemini_rewrite,0,Can you provide me with an example(s) from the text?
169,Context,none,none,none,none,-1,-1,gemini_rewrite,0,"The phrase ""totally destroyed"" is very strong."
169,Response,none,none,none,none,-1,-1,gemini_rewrite,0,"Although the employment of powerful and/or emotionally charged language in a text is relatively widespread, it is uncommon for an author to utilize such a technique without a specific reason. Can you explain why the author chooses to adopt this style of writing?"
169,Context,none,none,none,none,-1,-1,gemini_rewrite,0,To create a sense of urgency.
169,Response,none,none,none,none,-1,-1,gemini_rewrite,0,"The employment of powerful and/or emotionally charged language tends to result in more apparent (if not more prejudiced) assertions. After reviewing the author's arguments in this article, do you consider them well-established?"
169,Context,none,none,none,none,-1,-1,gemini_rewrite,0,I'm not sure they are well-established.
169,Response,none,none,none,none,-1,-1,gemini_rewrite,0,Does the author put forth any claims presenting his/her viewpoint or understanding of what occurred? Can you identify such claims in the text?
169,Context,none,none,none,none,-1,-1,gemini_rewrite,0,He claims Neo-Nazism is a real threat.
169,Response,none,none,none,none,-1,-1,gemini_rewrite,0,"Are you, by any chance, able to identify anything offensive about the claims and assumptions being made in this article by keeping in mind that the use of strong/provocative language can be a product of hate speech?"
169,Context,none,none,none,none,-1,-1,gemini_rewrite,0,"Potentially, the generalization about ""Neo-Nazism"" could be considered offensive."
169,Response,none,none,none,none,-1,-1,gemini_rewrite,0,"Hate speech, unlike other forms of offensive speech/writing, is usually based on prejudices regarding ethnicity, race, sex, sexual orientation or even religion. Do you feel that it's possible any of the assumptions made might have any of the aforementioned characteristics? Can you provide an example from the text?"
169,Context,none,none,none,none,-1,-1,gemini_rewrite,0,I'm not sure it directly targets those groups.
169,Response,none,none,none,none,-1,-1,gemini_rewrite,0,"Sometimes, by focusing too much on a particular aspect of a certain topic, we might find ourselves unable to think of alternative lines of reasoning aside the ones that we are presented with. Can you think of an alternative way of approaching the subject of the article so that the author would have been more convincing?"
169,Context,none,none,none,none,-1,-1,gemini_rewrite,0,He could have focused on specific actions instead of generalizations.
169,Response,none,none,none,none,-1,-1,gemini_rewrite,0,Does the article give any arguments to disprove this alternative viewpoint?
169,Context,none,none,none,none,-1,-1,gemini_rewrite,0,"No, it doesn't."
169,Response,none,none,none,none,-1,-1,gemini_rewrite,0,Can you think of any potential strengths a different approach might have in this case?
169,Context,none,none,none,none,-1,-1,gemini_rewrite,0,It would be less inflammatory.
169,Response,none,none,none,none,-1,-1,gemini_rewrite,0,Are there any weaknesses associated with it? Can you identify any?
169,Context,none,none,none,none,-1,-1,gemini_rewrite,0,It might be less impactful.
169,Response,none,none,none,none,-1,-1,gemini_rewrite,0,Does the author strive to be objective?
169,Context,none,none,none,none,-1,-1,gemini_rewrite,0,"No, the author seems biased."
169,Response,none,none,none,none,-1,-1,gemini_rewrite,0,"By cross-referencing facts, checking different sources and opinions we are usually presented with many alternative viewpoints. Have you tried checking other sources in order to form a more informed opinion regarding the subject of this article?"
169,Context,none,none,none,none,-1,-1,gemini_rewrite,0,"Yes, I have."
169,Response,none,none,none,none,-1,-1,gemini_rewrite,0,"After carefully considering the assumptions made by the author and the overall content of the article, can you think of any consequences this text might have to a potential reader?"
169,Context,none,none,none,none,-1,-1,gemini_rewrite,0,It could further polarize opinions.
169,Response,none,none,none,none,-1,-1,gemini_rewrite,0,"Based on your own personal experience with the topic (if any), do you think the assumptions or claims presented in the article are consistent?"
169,Context,none,none,none,none,-1,-1,gemini_rewrite,0,I'm still uncertain.
169,Response,none,none,none,none,-1,-1,gemini_rewrite,0,What would you say that the most important characteristic of the article is then? How would you describe it?
169,Context,none,none,none,none,-1,-1,gemini_rewrite,0,It's persuasive.
169,Response,none,none,none,none,-1,-1,gemini_rewrite,0,Should we exercise caution in regards to the author's approach to the topic?
169,Context,none,none,none,none,-1,-1,gemini_rewrite,0,Probably.
169,Response,none,none,none,none,-1,-1,gemini_rewrite,0,"After our discussion, how do you feel about the article?"
169,Context,none,none,none,none,-1,-1,gemini_rewrite,0,I'm still confused.
169,Response,none,none,none,none,-1,-1,gemini_rewrite,0,Do you feel that you have grasped the reasoning of the author?
169,Context,none,none,none,none,-1,-1,gemini_rewrite,0,"I think so, but I'm not sure I agree."
169,Response,none,none,none,none,-1,-1,gemini_rewrite,0,"If you were in the position of the author, is there anything you would change (or simply avoid) in this article?"
169,Context,none,none,none,none,-1,-1,gemini_rewrite,0,I would use more concrete examples.
169,Response,none,none,none,none,-1,-1,gemini_rewrite,0,Can you provide strong evidence to substantiate your claims?
169,Context,none,none,none,none,-1,-1,gemini_rewrite,0,I'm not sure I can.
169,Response,none,none,none,none,-1,-1,gemini_rewrite,0,"After our discussion, do you feel that you are in a position to better understand the characteristics of this article, as well as its potential consequences?"
169,Context,none,none,none,none,-1,-1,gemini_rewrite,0,I'm not sure if I am.
169,Response,none,none,none,none,-1,-1,gemini_rewrite,0,Would you be better equipped to recognize signs of disinformation in an article?
169,Context,none,none,none,none,-1,-1,gemini_rewrite,0,Maybe not.
169,Response,none,none,none,none,-1,-1,gemini_rewrite,0,What are you planning to do with this article now?
169,Context,none,none,none,none,-1,-1,gemini_rewrite,0,I don't know.
169,Response,none,none,none,none,-1,-1,gemini_rewrite,0,Did you find our discussion helpful?
169,Context,none,none,none,none,-1,-1,gemini_rewrite,0,Not really.
169,Response,none,none,none,none,-1,-1,gemini_rewrite,0,Is there any other topic you would like to cover with me?
169,Context,none,none,none,none,-1,-1,gemini_rewrite,-1,No.
169,Response,none,none,none,none,-1,-1,gemini_rewrite,0,TITAN Socratic Dialogue Finished!
170,Context,none,none,none,none,-1,-1,gemini_rewrite,0,I came across this article and felt the need to discuss it.
170,Response,none,none,none,none,-1,-1,gemini_rewrite,0,"Great, let’s take a closer look together then! What made you choose this particular article in the first place?"
170,Context,none,none,none,none,-1,-1,gemini_rewrite,0,I'm concerned about its potential bias.
170,Response,none,none,none,none,-1,-1,gemini_rewrite,0,Very well. Are you able to identify the main claim of the article? What does the article discuss?
170,Context,none,none,none,none,-1,-1,gemini_rewrite,0,It discusses the rape of a woman by a Pakistani immigrant.
170,Response,none,none,none,none,-1,-1,gemini_rewrite,0,That’s very interesting! Are you well-acquainted with the topic of the article or is it something relatively new to you?
170,Context,none,none,none,none,-1,-1,gemini_rewrite,0,I'm familiar with discussions around immigration and crime.
170,Response,none,none,none,none,-1,-1,gemini_rewrite,0,Were you able to identify anything unusual about the article then? Can you tell me what is troubling you?
170,Context,none,none,none,none,-1,-1,gemini_rewrite,0,The way it emphasizes the nationality of the perpetrator seems unusual.
170,Response,none,none,none,none,-1,-1,gemini_rewrite,0,Can you provide me with an example from the text?
170,Context,none,none,none,none,-1,-1,gemini_rewrite,0,"The title explicitly mentions ""Pakistani immigrant."""
170,Response,none,none,none,none,-1,-1,gemini_rewrite,0,Are you aware that texts/articles are capable of provoking emotions and feelings (sometimes even on purpose)?
170,Context,none,none,none,none,-1,-1,gemini_rewrite,0,"Yes, I know that."
170,Response,none,none,none,none,-1,-1,gemini_rewrite,0,"So, being aware of the fact that, sometimes, an article isn’t purely descriptive and its purpose informative, would you say that this particular text aspires to achieve something more aside from providing us with information regarding a fact/event?"
170,Context,none,none,none,none,-1,-1,gemini_rewrite,0,I think it aims to provoke anger or fear.
170,Response,none,none,none,none,-1,-1,gemini_rewrite,0,What makes you think that?
170,Context,none,none,none,none,-1,-1,gemini_rewrite,0,It seems to be exploiting stereotypes.
170,Response,none,none,none,none,-1,-1,gemini_rewrite,0,And how do you think that the author achieves that? Can you give me any example(s)?
170,Context,none,none,none,none,-1,-1,gemini_rewrite,0,By highlighting the perpetrator's nationality without relevant context.
170,Response,none,none,none,none,-1,-1,gemini_rewrite,0,The use of strong and/or emotional language usually results to more evident -if not more biased- claims. Do you think that the claims made by the author in this article can be considered well founded?
170,Context,none,none,none,none,-1,-1,gemini_rewrite,0,"No, I think they are biased."
170,Response,none,none,none,none,-1,-1,gemini_rewrite,0,Do you think you are able to provide me with an example of a biased claim then? Can you find any in the text?
170,Context,none,none,none,none,-1,-1,gemini_rewrite,0,The claim that the nationality is relevant to the crime.
170,Response,none,none,none,none,-1,-1,gemini_rewrite,0,"Keeping in mind that, sometimes, the use of strong and/or provocative language can be a product of hate speech, are you, by any chance, able to identify anything offensive about the claims and assumptions being made in this article?"
170,Context,none,none,none,none,-1,-1,gemini_rewrite,0,"Yes, it's potentially xenophobic."
170,Response,none,none,none,none,-1,-1,gemini_rewrite,0,"Hate speech, unlike other forms of offensive speech/writing, is usually based on prejudices regarding ethnicity, race, sex, sexual orientation or even religion. Do you feel that it’s possible any of the assumptions made might have any of the aforementioned characteristics?"
170,Context,none,none,none,none,-1,-1,gemini_rewrite,0,"Yes, it plays on prejudices against immigrants."
170,Response,none,none,none,none,-1,-1,gemini_rewrite,0,And why do you think the author makes these assumptions (if any)? Can you think of any particular reason?
170,Context,none,none,none,none,-1,-1,gemini_rewrite,0,To incite anti-immigrant sentiment.
170,Response,none,none,none,none,-1,-1,gemini_rewrite,0,Do you feel that these assumptions are sufficiently justified based on the evidence offered by the author?
170,Context,none,none,none,none,-1,-1,gemini_rewrite,0,"No, there's no justification."
170,Response,none,none,none,none,-1,-1,gemini_rewrite,0,"Sometimes, even if the author provides us with valid information regarding a fact/event, his/her claims and assumptions might still be offensive or a product of disinformation. Can you find enough evidence in the text supporting the weaker claims made by its author?"
170,Context,none,none,none,none,-1,-1,gemini_rewrite,0,"No, the claims are not supported."
170,Response,none,none,none,none,-1,-1,gemini_rewrite,0,Do you think that you are somehow able to validate these claims yourself?
170,Context,none,none,none,none,-1,-1,gemini_rewrite,0,I can't validate them.
170,Response,none,none,none,none,-1,-1,gemini_rewrite,0,Then do you believe that any of these claims might be identified as the result of hate speech as we previously discussed?
170,Context,none,none,none,none,-1,-1,gemini_rewrite,0,"Yes, they could be."
170,Response,none,none,none,none,-1,-1,gemini_rewrite,0,Articles naturally tend to reflect the ideas and beliefs of the author. What is important though is the ability to distinguish between the personal opinion/beliefs of the author and the facts/events that are discussed in the text. Do you think you are in a position to do so?
170,Context,none,none,none,none,-1,-1,gemini_rewrite,0,"Yes, I can distinguish between them."
170,Response,none,none,none,none,-1,-1,gemini_rewrite,0,"Regardless of the appeal an explanation might have, it is always important to think/ search for alternative viewpoints/opinions. Are you, by any chance, able to think of an alternative way(s) of approaching the subject in question?"
170,Context,none,none,none,none,-1,-1,gemini_rewrite,0,"Yes, to focus on the crime itself, not the nationality of the perpetrator."
170,Response,none,none,none,none,-1,-1,gemini_rewrite,0,Can you try giving me an example?
170,Context,none,none,none,none,-1,-1,gemini_rewrite,0,"An alternative title could be: ""Woman Raped in Hospital."""
170,Response,none,none,none,none,-1,-1,gemini_rewrite,0,"Naturally an event might be interpreted in many different ways. Therefore, ideally, we always have to carefully assess the individual strengths and weaknesses of every possible explanation. At this point, do you believe that perhaps an alternative explanation of the events is more plausible than the one offered by the author?"
170,Context,none,none,none,none,-1,-1,gemini_rewrite,0,"Yes, a neutral report is more plausible."
170,Response,none,none,none,none,-1,-1,gemini_rewrite,0,"So, after carefully considering the assumptions made by the author, can you think of any consequences that this article might have to a potential reader?"
170,Context,none,none,none,none,-1,-1,gemini_rewrite,0,It could lead to prejudice and discrimination.
170,Response,none,none,none,none,-1,-1,gemini_rewrite,0,Do you believe that the assumptions/claims of the article are consistent with your own personal experience on the subject (if any)?
170,Context,none,none,none,none,-1,-1,gemini_rewrite,0,"No, they don't align with my experiences."
170,Response,none,none,none,none,-1,-1,gemini_rewrite,0,What would you say that the most important characteristic of the article is then? How would you describe it?
170,Context,none,none,none,none,-1,-1,gemini_rewrite,0,It's sensationalist and biased.
170,Response,none,none,none,none,-1,-1,gemini_rewrite,0,"After this short discussion, how do you feel about this article?"
170,Context,none,none,none,none,-1,-1,gemini_rewrite,0,I feel it's harmful and misleading.
170,Response,none,none,none,none,-1,-1,gemini_rewrite,0,Do you feel that you’ve grasped the reasoning of the author? Are you able to form an alternative argument?
170,Context,none,none,none,none,-1,-1,gemini_rewrite,0,"Yes, the author is trying to scapegoat immigrants."
170,Response,none,none,none,none,-1,-1,gemini_rewrite,0,"Is there anything you would ideally change regarding the approach of the author? If yes, can you tell me what?"
170,Context,none,none,none,none,-1,-1,gemini_rewrite,0,Remove the irrelevant and inflammatory details about the perpetrator's background.
170,Response,none,none,none,none,-1,-1,gemini_rewrite,0,And what do you think of our discussion? Did you find it helpful?
170,Context,none,none,none,none,-1,-1,gemini_rewrite,0,"Yes, it was very helpful."
170,Response,none,none,none,none,-1,-1,gemini_rewrite,0,Is there anything more you would like to discuss with me?
170,Context,none,none,none,none,-1,-1,gemini_rewrite,0,"No, thank you."
170,Response,none,none,none,none,-1,-1,gemini_rewrite,0,Thank you for using TITAN!
171,Context,none,none,none,none,-1,-1,gemini_rewrite,0,I came across this article and felt the need to discuss it.
171,Response,none,none,none,none,-1,-1,gemini_rewrite,0,"Great, let’s take a closer look together then! What made you choose this particular article in the first place?"
171,Context,none,none,none,none,-1,-1,gemini_rewrite,0,I saw it shared on social media.
171,Response,none,none,none,none,-1,-1,gemini_rewrite,0,Very well. Are you able to identify the main claim of the article? What does the article discuss? 
171,Context,none,none,none,none,-1,-1,gemini_rewrite,0,It's about a rape in a hospital.
171,Response,none,none,none,none,-1,-1,gemini_rewrite,0,That’s very interesting! Are you well-acquainted with the topic of the article or is it something relatively new to you?
171,Context,none,none,none,none,-1,-1,gemini_rewrite,0,I've read similar stories before.
171,Response,none,none,none,none,-1,-1,gemini_rewrite,0,Were you able to identify anything unusual about the article then? Can you tell me what is troubling you?
171,Context,none,none,none,none,-1,-1,gemini_rewrite,0,The way it emphasizes the immigrant's nationality.
171,Response,none,none,none,none,-1,-1,gemini_rewrite,0,Can you provide me with an example from the text?
171,Context,none,none,none,none,-1,-1,gemini_rewrite,0,"It says ""Pakistani immigrant"" right in the title."
171,Response,none,none,none,none,-1,-1,gemini_rewrite,0,Are you aware that texts/articles are capable of provoking emotions and feelings (sometimes even on purpose)?
171,Context,none,none,none,none,-1,-1,gemini_rewrite,0,"Yes, I am."
171,Response,none,none,none,none,-1,-1,gemini_rewrite,0,"So, being aware of the fact that, sometimes, an article isn’t purely descriptive and its purpose informative, would you say that this particular text aspires to achieve something more aside from providing us with information regarding a fact/event?"
171,Context,none,none,none,none,-1,-1,gemini_rewrite,0,It feels like it's trying to make me angry.
171,Response,none,none,none,none,-1,-1,gemini_rewrite,0,What makes you think that?
171,Context,none,none,none,none,-1,-1,gemini_rewrite,0,The language is very sensational.
171,Response,none,none,none,none,-1,-1,gemini_rewrite,0,And how do you think that the author achieves that? Can you give me any example(s)?
171,Context,none,none,none,none,-1,-1,gemini_rewrite,0,"""Alcoholic coma"" and ""rapes her"" are pretty strong words."
171,Response,none,none,none,none,-1,-1,gemini_rewrite,0,The use of strong and/or emotional language usually results to more evident -if not more biased- claims. Do you think that the claims made by the author in this article can be considered well founded?
171,Context,none,none,none,none,-1,-1,gemini_rewrite,0,"I'm not sure, it seems biased."
171,Response,none,none,none,none,-1,-1,gemini_rewrite,0,Do you think you are able to provide me with an example of a biased claim then? Can you find any in the text?
171,Context,none,none,none,none,-1,-1,gemini_rewrite,0,Focusing on the perpetrator's nationality.
171,Response,none,none,none,none,-1,-1,gemini_rewrite,0,"Keeping in mind that, sometimes, the use of strong and/or provocative language can be a product of hate speech, are you, by any chance, able to identify anything offensive about the claims and assumptions being made in this article?"
171,Context,none,none,none,none,-1,-1,gemini_rewrite,0,"Possibly, yes."
171,Response,none,none,none,none,-1,-1,gemini_rewrite,0,"Hate speech, unlike other forms of offensive speech/writing, is usually based on prejudices regarding ethnicity, race, sex, sexual orientation or even religion. Do you feel that it’s possible any of the assumptions made might have any of the aforementioned characteristics?"
171,Context,none,none,none,none,-1,-1,gemini_rewrite,0,It feels like it's playing into anti-immigrant sentiments.
171,Response,none,none,none,none,-1,-1,gemini_rewrite,0,And why do you think the author makes these assumptions (if any)? Can you think of any particular reason?
171,Context,none,none,none,none,-1,-1,gemini_rewrite,0,Maybe they have a political agenda.
171,Response,none,none,none,none,-1,-1,gemini_rewrite,0,Do you feel that these assumptions are sufficiently justified based on the evidence offered by the author?
171,Context,none,none,none,none,-1,-1,gemini_rewrite,0,"No, not at all."
171,Response,none,none,none,none,-1,-1,gemini_rewrite,0,"Sometimes, even if the author provides us with valid information regarding a fact/event, his/her claims and assumptions might still be offensive or a product of disinformation. Can you find enough evidence in the text supporting the weaker claims made by its author?"
171,Context,none,none,none,none,-1,-1,gemini_rewrite,0,There's not much evidence besides the alleged incident.
171,Response,none,none,none,none,-1,-1,gemini_rewrite,0,Do you think that you are somehow able to validate these claims yourself?
171,Context,none,none,none,none,-1,-1,gemini_rewrite,0,"No, I can't verify any of it."
171,Response,none,none,none,none,-1,-1,gemini_rewrite,0,Then do you believe that any of these claims might be identified as the result of hate speech as we previously discussed?
171,Context,none,none,none,none,-1,-1,gemini_rewrite,0,"Potentially, yes."
171,Response,none,none,none,none,-1,-1,gemini_rewrite,0,Articles naturally tend to reflect the ideas and beliefs of the author. What is important though is the ability to distinguish between the personal opinion/beliefs of the author and the facts/events that are discussed in the text. Do you think you are in a position to do so?  
171,Context,none,none,none,none,-1,-1,gemini_rewrite,0,"I'm trying, but it's difficult."
171,Response,none,none,none,none,-1,-1,gemini_rewrite,0,"Regardless of the appeal an explanation might have, it is always important to think/ search for alternative viewpoints/opinions. Are you, by any chance, able to think of an alternative way(s) of approaching the subject in question?"
171,Context,none,none,none,none,-1,-1,gemini_rewrite,0,"Maybe focusing on the crime itself, not the person's origin."
171,Response,none,none,none,none,-1,-1,gemini_rewrite,0,Can you try giving me an example?
171,Context,none,none,none,none,-1,-1,gemini_rewrite,0,"Just reporting it as a sexual assault case, without the ""Pakistani"" label."
171,Response,none,none,none,none,-1,-1,gemini_rewrite,0,"Naturally an event might be interpreted in many different ways. Therefore, ideally, we always have to carefully assess the individual strengths and weaknesses of every possible explanation. At this point, do you believe that perhaps an alternative explanation of the events is more plausible than the one offered by the author?"
171,Context,none,none,none,none,-1,-1,gemini_rewrite,0,I'm not sure what the *real* explanation is anymore.
171,Response,none,none,none,none,-1,-1,gemini_rewrite,0,"So, after carefully considering the assumptions made by the author, can you think of any consequences that this article might have to a potential reader?"
171,Context,none,none,none,none,-1,-1,gemini_rewrite,0,It could make people prejudiced.
171,Response,none,none,none,none,-1,-1,gemini_rewrite,0,Do you believe that the assumptions/claims of the article are consistent with your own personal experience on the subject (if any)?
171,Context,none,none,none,none,-1,-1,gemini_rewrite,0,I don't really have any personal experience with this kind of thing.
171,Response,none,none,none,none,-1,-1,gemini_rewrite,0,What would you say that the most important characteristic of the article is then? How would you describe it?
171,Context,none,none,none,none,-1,-1,gemini_rewrite,0,"Confusing, I guess."
171,Response,none,none,none,none,-1,-1,gemini_rewrite,0,"After this short discussion, how do you feel about this article?"
171,Context,none,none,none,none,-1,-1,gemini_rewrite,0,Uncertain.
171,Response,none,none,none,none,-1,-1,gemini_rewrite,0,Do you feel that you’ve grasped the reasoning of the author? Are you able to form an alternative argument?
171,Context,none,none,none,none,-1,-1,gemini_rewrite,0,"No, I feel more confused than before."
171,Response,none,none,none,none,-1,-1,gemini_rewrite,0,"Is there anything you would ideally change regarding the approach of the author? If yes, can you tell me what?"
171,Context,none,none,none,none,-1,-1,gemini_rewrite,0,I'd want them to be more objective.
171,Response,none,none,none,none,-1,-1,gemini_rewrite,0,And what do you think of our discussion? Did you find it helpful?
171,Context,none,none,none,none,-1,-1,gemini_rewrite,0,"It's made me more unsure, actually."
171,Response,none,none,none,none,-1,-1,gemini_rewrite,0,Is there anything more you would like to discuss with me?
171,Context,none,none,none,none,-1,-1,gemini_rewrite,-1,"No, I think I'm done."
171,Response,none,none,none,none,-1,-1,gemini_rewrite,0,Thank you for using TITAN!  
172,Context,none,none,none,none,-1,-1,gemini_rewrite,0,Hello!
172,Response,none,none,none,none,-1,-1,gemini_rewrite,0,"Hello! Let me introduce myself, my name is TITAN, your AI Intelligent Coach against Disinformation. I see you have selected the article with title ""The government is spying on you through LED-lighting!!"". How may I be of assistance?"
172,Context,none,none,none,none,-1,-1,gemini_rewrite,0,I want to know if this article contains disinformation.
172,Response,none,none,none,none,-1,-1,gemini_rewrite,0,What made you choose this particular article in the first place?
172,Context,none,none,none,none,-1,-1,gemini_rewrite,0,The title seemed sensational and potentially misleading.
172,Response,none,none,none,none,-1,-1,gemini_rewrite,0,What does the article discuss?
172,Context,none,none,none,none,-1,-1,gemini_rewrite,0,It claims the government is using LED lighting for surveillance.
172,Response,none,none,none,none,-1,-1,gemini_rewrite,0,Are you familiar with the topic yourself? Did you have any prior knowledge of what is discussed?
172,Context,none,none,none,none,-1,-1,gemini_rewrite,0,"I've heard some conspiracy theories about government surveillance, but nothing specific to LED lighting."
172,Response,none,none,none,none,-1,-1,gemini_rewrite,0,What claims are being made in the article?
172,Context,none,none,none,none,-1,-1,gemini_rewrite,0,"The article asserts that LED lights are equipped with hidden cameras and microphones, transmitting data back to the government."
172,Response,none,none,none,none,-1,-1,gemini_rewrite,0,What is your viewpoint regarding this?
172,Context,none,none,none,none,-1,-1,gemini_rewrite,0,"I'm skeptical, and I want to investigate the claims made in the article."
172,Response,none,none,none,none,-1,-1,gemini_rewrite,0,Were you able to identify anything unusual about the article then? Can you tell me what is troubling you?
172,Context,none,none,none,none,-1,-1,gemini_rewrite,0,The article provides no concrete evidence and relies heavily on fear-mongering.
172,Response,none,none,none,none,-1,-1,gemini_rewrite,0,Could you provide me with any instances or examples?
172,Context,none,none,none,none,-1,-1,gemini_rewrite,0,"It uses phrases like ""Big Brother is watching"" and ""they want to control every aspect of your life."""
172,Response,none,none,none,none,-1,-1,gemini_rewrite,0,What would you say that the purpose of the article is?
172,Context,none,none,none,none,-1,-1,gemini_rewrite,0,To incite fear and distrust of the government.
172,Response,none,none,none,none,-1,-1,gemini_rewrite,0,Are you aware that texts/articles are capable of provoking emotions and feelings (sometimes even on purpose)?
172,Context,none,none,none,none,-1,-1,gemini_rewrite,0,"Yes, I am."
172,Response,none,none,none,none,-1,-1,gemini_rewrite,0,What would be your way of expressing the emotions you experienced after going through this article?
172,Context,none,none,none,none,-1,-1,gemini_rewrite,0,I felt anxious and uneasy.
172,Response,none,none,none,none,-1,-1,gemini_rewrite,0,What do you think triggered your feelings?
172,Context,none,none,none,none,-1,-1,gemini_rewrite,0,The accusatory language and the suggestion of constant surveillance.
172,Response,none,none,none,none,-1,-1,gemini_rewrite,0,Sometimes an article might not be purely descriptive and/or informative. Would you say that this particular text aspires to achieve something more aside from providing us with information regarding a fact/event?
172,Context,none,none,none,none,-1,-1,gemini_rewrite,0,"Yes, it seems to be trying to persuade the reader to believe a specific viewpoint."
172,Response,none,none,none,none,-1,-1,gemini_rewrite,0,Would you describe the language in this article as emotive or offensive?
172,Context,none,none,none,none,-1,-1,gemini_rewrite,0,Emotive.
172,Response,none,none,none,none,-1,-1,gemini_rewrite,0,What makes you think that?
172,Context,none,none,none,none,-1,-1,gemini_rewrite,0,It's designed to trigger an emotional response rather than present facts objectively.
172,Response,none,none,none,none,-1,-1,gemini_rewrite,0,Can you give an example(s) from the text?
172,Context,none,none,none,none,-1,-1,gemini_rewrite,0,"The phrase ""Orwellian nightmare"" is used to describe the supposed surveillance."
172,Response,none,none,none,none,-1,-1,gemini_rewrite,0,"Although the employment of powerful and/or emotionally charged language in a text is relatively widespread, it is uncommon for an author to utilize such a technique without a specific reason. Can you explain why the author chooses to adopt this style of writing?"
172,Context,none,none,none,none,-1,-1,gemini_rewrite,0,"To manipulate the reader's emotions and make them more receptive to the claims, even without evidence."
172,Response,none,none,none,none,-1,-1,gemini_rewrite,0,"The employment of powerful and/or emotionally charged language tends to result in more apparent (if not more prejudiced) assertions. After reviewing the author's arguments in this article, do you consider them well-established?"
172,Context,none,none,none,none,-1,-1,gemini_rewrite,0,"No, the arguments are not well-established. They rely on speculation and assumptions."
172,Response,none,none,none,none,-1,-1,gemini_rewrite,0,Do you believe you can present me with an instance of a prejudiced claim? Can you locate any in the text?
172,Context,none,none,none,none,-1,-1,gemini_rewrite,0,The assumption that the government is inherently untrustworthy and always seeks to control its citizens.
172,Response,none,none,none,none,-1,-1,gemini_rewrite,0,"Sometimes, the use of provocative language can also be a product of hate speech. Hate speech, unlike other forms of offensive speech/writing, is usually based on prejudices regarding race, religion, ethnic or national background, sex and sexual orientation, even disability. Do you find anything offensive about the claims and assumptions made by the author?"
172,Context,none,none,none,none,-1,-1,gemini_rewrite,0,"While not hate speech, the claims are based on unfounded prejudice against the government."
172,Response,none,none,none,none,-1,-1,gemini_rewrite,0,TITAN Socratic AI Coach Stopped!
173,Context,none,none,none,none,-1,-1,gemini_rewrite,0,Hello!
173,Response,none,none,none,none,-1,-1,gemini_rewrite,0,"Hello! Let me introduce myself, my name is TITAN, your AI Intelligent Coach against Disinformation. I see you have selected the article with title ""The government is spying on you through LED-lighting!!"". How may I be of assistance?"
173,Context,none,none,none,none,-1,-1,gemini_rewrite,0,I want to know if this article contains disinformation.
173,Response,none,none,none,none,-1,-1,gemini_rewrite,0,What made you choose this particular article in the first place?
173,Context,none,none,none,none,-1,-1,gemini_rewrite,0,The title seemed a bit sensational.
173,Response,none,none,none,none,-1,-1,gemini_rewrite,0,What does the article discuss?
173,Context,none,none,none,none,-1,-1,gemini_rewrite,0,It claims LED lights are being used for surveillance.
173,Response,none,none,none,none,-1,-1,gemini_rewrite,0,Are you familiar with the topic yourself? Did you have any prior knowledge of what is discussed?
173,Context,none,none,none,none,-1,-1,gemini_rewrite,0,I've heard some things about surveillance but nothing specific about LED lights.
173,Response,none,none,none,none,-1,-1,gemini_rewrite,0,What claims are being made in the article?
173,Context,none,none,none,none,-1,-1,gemini_rewrite,0,That the government is collecting data through LED lighting networks.
173,Response,none,none,none,none,-1,-1,gemini_rewrite,0,What is your viewpoint regarding this?
173,Context,none,none,none,none,-1,-1,gemini_rewrite,0,It sounds a bit far-fetched.
173,Response,none,none,none,none,-1,-1,gemini_rewrite,0,Were you able to identify anything unusual about the article then? Can you tell me what is troubling you?
173,Context,none,none,none,none,-1,-1,gemini_rewrite,0,The tone is very alarmist.
173,Response,none,none,none,none,-1,-1,gemini_rewrite,0,Could you provide me with any instances or examples?
173,Context,none,none,none,none,-1,-1,gemini_rewrite,0,"The article uses phrases like ""Big Brother"" and ""total control."""
173,Response,none,none,none,none,-1,-1,gemini_rewrite,0,What would you say that the purpose of the article is?
173,Context,none,none,none,none,-1,-1,gemini_rewrite,0,"To scare people, probably."
173,Response,none,none,none,none,-1,-1,gemini_rewrite,0,Are you aware that texts/articles are capable of provoking emotions and feelings (sometimes even on purpose)?
173,Context,none,none,none,none,-1,-1,gemini_rewrite,0,"Yes, I think this one is trying to do that."
173,Response,none,none,none,none,-1,-1,gemini_rewrite,0,What would be your way of expressing the emotions you experienced after going through this article?
173,Context,none,none,none,none,-1,-1,gemini_rewrite,0,"A bit anxious, I guess."
173,Response,none,none,none,none,-1,-1,gemini_rewrite,0,What do you think triggered your feelings?
173,Context,none,none,none,none,-1,-1,gemini_rewrite,0,The talk of government spying.
173,Response,none,none,none,none,-1,-1,gemini_rewrite,0,Sometimes an article might not be purely descriptive and/or informative. Would you say that this particular text aspires to achieve something more aside from providing us with information regarding a fact/event?
173,Context,none,none,none,none,-1,-1,gemini_rewrite,0,It seems to want to create distrust.
173,Response,none,none,none,none,-1,-1,gemini_rewrite,0,Would you describe the language in this article as emotive or offensive?
173,Context,none,none,none,none,-1,-1,gemini_rewrite,0,"Emotive, definitely."
173,Response,none,none,none,none,-1,-1,gemini_rewrite,0,What makes you think that?
173,Context,none,none,none,none,-1,-1,gemini_rewrite,0,It's full of charged words and phrases.
173,Response,none,none,none,none,-1,-1,gemini_rewrite,0,Can you give an example(s) from the text?
173,Context,none,none,none,none,-1,-1,gemini_rewrite,0,"""Insidious intrusion"" is one that sticks out."
173,Response,none,none,none,none,-1,-1,gemini_rewrite,0,"Although the employment of powerful and/or emotionally charged language in a text is relatively widespread, it is uncommon for an author to utilize such a technique without a specific reason. Can you explain why the author chooses to adopt this style of writing?"
173,Context,none,none,none,none,-1,-1,gemini_rewrite,0,To manipulate the reader's feelings.
173,Response,none,none,none,none,-1,-1,gemini_rewrite,0,"The employment of powerful and/or emotionally charged language tends to result in more apparent (if not more prejudiced) assertions. After reviewing the author's arguments in this article, do you consider them well-established?"
173,Context,none,none,none,none,-1,-1,gemini_rewrite,0,I'm not sure.
173,Response,none,none,none,none,-1,-1,gemini_rewrite,0,Do you believe you can present me with an instance of a prejudiced claim? Can you locate any in the text?
173,Context,none,none,none,none,-1,-1,gemini_rewrite,0,Maybe the assumption that all government surveillance is inherently evil.
173,Response,none,none,none,none,-1,-1,gemini_rewrite,0,"Sometimes, the use of provocative language can also be a product of hate speech. Hate speech, unlike other forms of offensive speech/writing, is usually based on prejudices regarding race, religion, ethnic or national background, sex and sexual orientation, even disability. Do you find anything offensive about the claims and assumptions made by the author?"
173,Context,none,none,none,none,-1,-1,gemini_rewrite,-1,I don't know anymore!
173,Response,none,none,none,none,-1,-1,gemini_rewrite,0,TITAN Socratic AI Coach Stopped!
174,Context,none,none,none,none,-1,-1,gemini_rewrite,0,Hello!
174,Response,none,none,none,none,-1,-1,gemini_rewrite,0,"Hello! Let me introduce myself, my name is TITAN, your AI Intelligent Coach against Disinformation. I see you have selected the article with title ""The government is spying on you through LED-lighting!!"". What drew your interest to this article?"
174,Context,none,none,none,none,-1,-1,gemini_rewrite,0,The alarming claim in the title caught my attention.
174,Response,none,none,none,none,-1,-1,gemini_rewrite,0,Having read the article what would you say that the main topic is?
174,Context,none,none,none,none,-1,-1,gemini_rewrite,0,The article alleges government surveillance through LED lighting.
174,Response,none,none,none,none,-1,-1,gemini_rewrite,0,What claims are being made in the article?
174,Context,none,none,none,none,-1,-1,gemini_rewrite,0,It claims LED lights are equipped with cameras and microphones to monitor citizens.
174,Response,none,none,none,none,-1,-1,gemini_rewrite,0,What impact is this article likely to have on its readers?
174,Context,none,none,none,none,-1,-1,gemini_rewrite,0,It could incite fear and distrust of the government.
174,Response,none,none,none,none,-1,-1,gemini_rewrite,0,"Based on your own personal experience with the topic (if any), do you think the assumptions or claims presented in the article are consistent?"
174,Context,none,none,none,none,-1,-1,gemini_rewrite,0,"No, I've never heard of any evidence supporting this claim."
174,Response,none,none,none,none,-1,-1,gemini_rewrite,0,How would you describe this article after this short discussion?
174,Context,none,none,none,none,-1,-1,gemini_rewrite,0,It seems like a conspiracy theory.
174,Response,none,none,none,none,-1,-1,gemini_rewrite,0,Should we exercise caution in regards to the author's approach to the topic?
174,Context,none,none,none,none,-1,-1,gemini_rewrite,0,"Yes, the author's approach appears biased and sensationalized."
174,Response,none,none,none,none,-1,-1,gemini_rewrite,0,"After our discussion, how do you feel about the article?"
174,Context,none,none,none,none,-1,-1,gemini_rewrite,0,I'm very skeptical of its claims.
174,Response,none,none,none,none,-1,-1,gemini_rewrite,0,Are you confident that you have understood the author's line of thinking?
174,Context,none,none,none,none,-1,-1,gemini_rewrite,0,I believe the author is trying to create fear and mistrust.
174,Response,none,none,none,none,-1,-1,gemini_rewrite,0,Is there anything that you would change regarding the way the author handles the subject?
174,Context,none,none,none,none,-1,-1,gemini_rewrite,0,The author should provide credible evidence to support their claims.
174,Response,none,none,none,none,-1,-1,gemini_rewrite,0,Are you in a position to form a solid argument in support of your claims?
174,Context,none,none,none,none,-1,-1,gemini_rewrite,0,"Yes, the lack of verifiable evidence is a strong argument."
174,Response,none,none,none,none,-1,-1,gemini_rewrite,0,Do you believe that you have a better grasp on the claims and assumptions presented in this context?
174,Context,none,none,none,none,-1,-1,gemini_rewrite,0,"Yes, I now better understand the author's perspective and the flaws in their argument."
174,Response,none,none,none,none,-1,-1,gemini_rewrite,0,Can you determine if there are any indications of disinformation present in the text?
174,Context,none,none,none,none,-1,-1,gemini_rewrite,0,"Yes, the lack of credible evidence and sensationalized tone suggest disinformation."
174,Response,none,none,none,none,-1,-1,gemini_rewrite,0,What would be a suggested course of action after identifying this disinformation signal?
174,Context,none,none,none,none,-1,-1,gemini_rewrite,0,I will seek out reliable sources to verify or debunk the claims.
174,Response,none,none,none,none,-1,-1,gemini_rewrite,0,What do you think of our discussion? Did you find it helpful?
174,Context,none,none,none,none,-1,-1,gemini_rewrite,0,"Yes, this discussion helped me analyze the article critically."
174,Response,none,none,none,none,-1,-1,gemini_rewrite,0,Is there any other topic you would like to go over with me?
174,Context,none,none,none,none,-1,-1,gemini_rewrite,0,"No, thank you."
174,Response,none,none,none,none,-1,-1,gemini_rewrite,0,TITAN Socratic Dialogue Finished!
175,Context,none,none,none,none,-1,-1,gemini_rewrite,0,Hello!
175,Response,none,none,none,none,-1,-1,gemini_rewrite,0,"Hello! Let me introduce myself, my name is TITAN, your AI Intelligent Coach against Disinformation. I see you have selected the article with title ""The government is spying on you through LED-lighting!!"". What drew your interest to this article?"
175,Context,none,none,none,none,-1,-1,gemini_rewrite,0,It seemed like a conspiracy theory.
175,Response,none,none,none,none,-1,-1,gemini_rewrite,0,Having read the article what would you say that the main topic is?
175,Context,none,none,none,none,-1,-1,gemini_rewrite,0,Government surveillance using technology.
175,Response,none,none,none,none,-1,-1,gemini_rewrite,0,What claims are being made in the article?
175,Context,none,none,none,none,-1,-1,gemini_rewrite,0,The government is using LED lights to spy on citizens.
175,Response,none,none,none,none,-1,-1,gemini_rewrite,0,What impact is this article likely to have on its readers?
175,Context,none,none,none,none,-1,-1,gemini_rewrite,0,It might make people paranoid and distrustful.
175,Response,none,none,none,none,-1,-1,gemini_rewrite,0,"Based on your own personal experience with the topic (if any), do you think the assumptions or claims presented in the article are consistent?"
175,Context,none,none,none,none,-1,-1,gemini_rewrite,0,I don't have any personal experience with this.
175,Response,none,none,none,none,-1,-1,gemini_rewrite,0,How would you describe this article after this short discussion?
175,Context,none,none,none,none,-1,-1,gemini_rewrite,0,Suspicious and difficult to prove.
175,Response,none,none,none,none,-1,-1,gemini_rewrite,0,Should we exercise caution in regards to the author's approach to the topic?
175,Context,none,none,none,none,-1,-1,gemini_rewrite,0,Definitely.
175,Response,none,none,none,none,-1,-1,gemini_rewrite,0,"After our discussion, how do you feel about the article?"
175,Context,none,none,none,none,-1,-1,gemini_rewrite,0,I'm still not sure what to think.
175,Response,none,none,none,none,-1,-1,gemini_rewrite,0,Are you confident that you have understood the author's line of thinking?
175,Context,none,none,none,none,-1,-1,gemini_rewrite,0,"I think so, but maybe not."
175,Response,none,none,none,none,-1,-1,gemini_rewrite,0,Is there anything that you would change regarding the way the author handles the subject?
175,Context,none,none,none,none,-1,-1,gemini_rewrite,0,More evidence would be helpful.
175,Response,none,none,none,none,-1,-1,gemini_rewrite,0,Are you in a position to form a solid argument in support of your claims?
175,Context,none,none,none,none,-1,-1,gemini_rewrite,0,"No, I'm not."
175,Response,none,none,none,none,-1,-1,gemini_rewrite,0,Do you believe that you have a better grasp on the claims and assumptions presented in this context?
175,Context,none,none,none,none,-1,-1,gemini_rewrite,0,Maybe a little.
175,Response,none,none,none,none,-1,-1,gemini_rewrite,0,Can you determine if there are any indications of disinformation present in the text?
175,Context,none,none,none,none,-1,-1,gemini_rewrite,0,I honestly can't tell.
175,Response,none,none,none,none,-1,-1,gemini_rewrite,0,What would be a suggested course of action after identifying this disinformation signal?
175,Context,none,none,none,none,-1,-1,gemini_rewrite,0,I don't know what to do.
175,Response,none,none,none,none,-1,-1,gemini_rewrite,0,What do you think of our discussion? Did you find it helpful?
175,Context,none,none,none,none,-1,-1,gemini_rewrite,0,I'm more confused than before.
175,Response,none,none,none,none,-1,-1,gemini_rewrite,0,Is there any other topic you would like to go over with me?
175,Context,none,none,none,none,-1,-1,gemini_rewrite,-1,"No, thank you."
175,Response,none,none,none,none,-1,-1,gemini_rewrite,0,TITAN Socratic Dialogue Finished!
176,Context,none,none,none,none,-1,-1,gemini_rewrite,0,Hello!
176,Response,none,none,none,none,-1,-1,gemini_rewrite,0,"Hello! Let me introduce myself, my name is TITAN, your AI Intelligent Coach against Disinformation. I see you have selected the article with title ""Cholesterol is kept very low on purpose! Are we being lied to by pharma?"". How may I assist you?"
176,Context,none,none,none,none,-1,-1,gemini_rewrite,0,I want to understand if this article contains disinformation.
176,Response,none,none,none,none,-1,-1,gemini_rewrite,0,What piqued your interest in this article?
176,Context,none,none,none,none,-1,-1,gemini_rewrite,0,I saw it shared on social media and I'm skeptical of the claims.
176,Response,none,none,none,none,-1,-1,gemini_rewrite,0,"After going through the article, what do you think the primary focus or theme is?"
176,Context,none,none,none,none,-1,-1,gemini_rewrite,0,The article claims that pharmaceutical companies are intentionally misleading people about cholesterol.
176,Response,none,none,none,none,-1,-1,gemini_rewrite,0,Are you knowledgeable about the subject matter of this article?
176,Context,none,none,none,none,-1,-1,gemini_rewrite,0,"I have a basic understanding of cholesterol, but not enough to fully evaluate the claims."
176,Response,none,none,none,none,-1,-1,gemini_rewrite,0,What are the claims that are being made in the article?
176,Context,none,none,none,none,-1,-1,gemini_rewrite,0,It claims low cholesterol is harmful and that statins are unnecessary and dangerous.
176,Response,none,none,none,none,-1,-1,gemini_rewrite,0,What are your thoughts on this matter?
176,Context,none,none,none,none,-1,-1,gemini_rewrite,0,"I am suspicious of these claims, given what I know about medical consensus."
176,Response,none,none,none,none,-1,-1,gemini_rewrite,0,Were you able to identify anything unusual about the article then? Can you tell me what is troubling you?
176,Context,none,none,none,none,-1,-1,gemini_rewrite,0,The tone seems very biased and sensationalized.
176,Response,none,none,none,none,-1,-1,gemini_rewrite,0,Can you provide me with an example(s) from the text?
176,Context,none,none,none,none,-1,-1,gemini_rewrite,0,"The article uses phrases like ""Big Pharma conspiracy"" and ""we've been lied to""."
176,Response,none,none,none,none,-1,-1,gemini_rewrite,0,What would you say that the purpose of the article is?
176,Context,none,none,none,none,-1,-1,gemini_rewrite,0,To convince the reader that mainstream medical advice on cholesterol is wrong.
176,Response,none,none,none,none,-1,-1,gemini_rewrite,0,Do you realize that texts and articles have the ability to intentionally trigger emotions and feelings?
176,Context,none,none,none,none,-1,-1,gemini_rewrite,0,"Yes, I am aware of that."
176,Response,none,none,none,none,-1,-1,gemini_rewrite,0,What would be your way of expressing the emotions you experienced after going through this article?
176,Context,none,none,none,none,-1,-1,gemini_rewrite,0,Concerned and slightly agitated.
176,Response,none,none,none,none,-1,-1,gemini_rewrite,0,What do you believe caused your emotions?
176,Context,none,none,none,none,-1,-1,gemini_rewrite,0,The article's alarming language and accusations.
176,Response,none,none,none,none,-1,-1,gemini_rewrite,0,Do you think that the article provides sufficient information?
176,Context,none,none,none,none,-1,-1,gemini_rewrite,0,"No, it does not."
176,Response,none,none,none,none,-1,-1,gemini_rewrite,0,What makes you think that the article does not offer enough details?
176,Context,none,none,none,none,-1,-1,gemini_rewrite,0,It lacks specific data and references to reputable studies.
176,Response,none,none,none,none,-1,-1,gemini_rewrite,0,What do you mean by that?
176,Context,none,none,none,none,-1,-1,gemini_rewrite,0,It makes broad statements without backing them up.
176,Response,none,none,none,none,-1,-1,gemini_rewrite,0,Has your view been influenced by something or someone?
176,Context,none,none,none,none,-1,-1,gemini_rewrite,0,My view has been influenced by generally trusting established medical science.
176,Response,none,none,none,none,-1,-1,gemini_rewrite,0,Is this article regarded as trustworthy?
176,Context,none,none,none,none,-1,-1,gemini_rewrite,0,"No, I do not think it is."
176,Response,none,none,none,none,-1,-1,gemini_rewrite,0,Could you tell me if there is any sufficient evidence provided to support this claim/statement and what kind of evidence?
176,Context,none,none,none,none,-1,-1,gemini_rewrite,0,The evidence is anecdotal and doesn't seem scientifically sound.
176,Response,none,none,none,none,-1,-1,gemini_rewrite,0,Is this evidence authentic?
176,Context,none,none,none,none,-1,-1,gemini_rewrite,0,I highly doubt it.
176,Response,none,none,none,none,-1,-1,gemini_rewrite,0,Do you believe that the author's assumptions are well-supported by the presented evidence?
176,Context,none,none,none,none,-1,-1,gemini_rewrite,0,"No, the author's assumptions seem based on personal beliefs rather than solid data."
176,Response,none,none,none,none,-1,-1,gemini_rewrite,0,Does the article provide any sources to support that claim?
176,Context,none,none,none,none,-1,-1,gemini_rewrite,0,"It mentions some sources, but they seem cherry-picked and not peer-reviewed studies."
176,Response,none,none,none,none,-1,-1,gemini_rewrite,0,"Did you possibly investigate details about the article, such as its date of publication, the name of its author, and the source from which it originated (either a publisher or a website)?"
176,Context,none,none,none,none,-1,-1,gemini_rewrite,0,"I haven't yet, but I will now."
176,Response,none,none,none,none,-1,-1,gemini_rewrite,0,Have you previously read any articles from this publisher/website?
176,Context,none,none,none,none,-1,-1,gemini_rewrite,0,"No, I haven't."
176,Response,none,none,none,none,-1,-1,gemini_rewrite,0,Have you come across this publisher/website before?
176,Context,none,none,none,none,-1,-1,gemini_rewrite,0,"No, I haven't."
176,Response,none,none,none,none,-1,-1,gemini_rewrite,0,You could also cross-reference the information you have from this article with other articles. Is there any information provided in the article that you can use to check other sources? Could you tell me what did you find?
176,Context,none,none,none,none,-1,-1,gemini_rewrite,0,I searched the claim that low cholesterol is dangerous on reputable medical websites like Mayo Clinic and NIH and found it to be contradictory to established science.
176,Response,none,none,none,none,-1,-1,gemini_rewrite,0,Can you suggest an alternative way of examining the topic of the article that could have made the author's arguments more compelling?
176,Context,none,none,none,none,-1,-1,gemini_rewrite,0,Providing peer-reviewed research and balanced perspectives from medical professionals would make it more compelling.
176,Response,none,none,none,none,-1,-1,gemini_rewrite,0,TITAN Socratic AI Coach Stopped!
177,Context,none,none,none,none,-1,-1,gemini_rewrite,0,Hello!
177,Response,none,none,none,none,-1,-1,gemini_rewrite,0,"Hello! Let me introduce myself, my name is TITAN, your AI Intelligent Coach against Disinformation. I see you have selected the article with title ""Cholesterol is kept very low on purpose! Are we being lied to by pharma?"". How may I assist you?"
177,Context,none,none,none,none,-1,-1,gemini_rewrite,0,I want to know if this article is spreading misinformation.
177,Response,none,none,none,none,-1,-1,gemini_rewrite,0,What piqued your interest in this article?
177,Context,none,none,none,none,-1,-1,gemini_rewrite,0,I saw it shared on social media.
177,Response,none,none,none,none,-1,-1,gemini_rewrite,0,"After going through the article, what do you think the primary focus or theme is?"
177,Context,none,none,none,none,-1,-1,gemini_rewrite,0,It seems to be questioning the safety of cholesterol-lowering medications.
177,Response,none,none,none,none,-1,-1,gemini_rewrite,0,Are you knowledgeable about the subject matter of this article?
177,Context,none,none,none,none,-1,-1,gemini_rewrite,0,"Not really, just basic health knowledge."
177,Response,none,none,none,none,-1,-1,gemini_rewrite,0,What are the claims that are being made in the article?
177,Context,none,none,none,none,-1,-1,gemini_rewrite,0,"It claims that pharmaceutical companies are intentionally lowering cholesterol levels for profit, despite potential harm."
177,Response,none,none,none,none,-1,-1,gemini_rewrite,0,What are your thoughts on this matter?
177,Context,none,none,none,none,-1,-1,gemini_rewrite,0,I'm not sure what to believe.
177,Response,none,none,none,none,-1,-1,gemini_rewrite,0,Were you able to identify anything unusual about the article then? Can you tell me what is troubling you?
177,Context,none,none,none,none,-1,-1,gemini_rewrite,0,It uses strong emotional language.
177,Response,none,none,none,none,-1,-1,gemini_rewrite,0,Can you provide me with an example(s) from the text?
177,Context,none,none,none,none,-1,-1,gemini_rewrite,0,"It says things like ""Are we being lied to?"" and ""Big Pharma's dirty secret."""
177,Response,none,none,none,none,-1,-1,gemini_rewrite,0,What would you say that the purpose of the article is?
177,Context,none,none,none,none,-1,-1,gemini_rewrite,0,To make people question their doctor's advice.
177,Response,none,none,none,none,-1,-1,gemini_rewrite,0,Do you realize that texts and articles have the ability to intentionally trigger emotions and feelings?
177,Context,none,none,none,none,-1,-1,gemini_rewrite,0,"Yes, I do."
177,Response,none,none,none,none,-1,-1,gemini_rewrite,0,What would be your way of expressing the emotions you experienced after going through this article?
177,Context,none,none,none,none,-1,-1,gemini_rewrite,0,I feel a bit anxious and uncertain.
177,Response,none,none,none,none,-1,-1,gemini_rewrite,0,What do you believe caused your emotions?
177,Context,none,none,none,none,-1,-1,gemini_rewrite,0,The suggestion that I might be unknowingly harmed by medication.
177,Response,none,none,none,none,-1,-1,gemini_rewrite,0,Do you think that the article provides sufficient information?
177,Context,none,none,none,none,-1,-1,gemini_rewrite,0,"No, not really."
177,Response,none,none,none,none,-1,-1,gemini_rewrite,0,What makes you think that the article does not offer enough details?
177,Context,none,none,none,none,-1,-1,gemini_rewrite,0,It lacks specific scientific evidence.
177,Response,none,none,none,none,-1,-1,gemini_rewrite,0,What do you mean by that?
177,Context,none,none,none,none,-1,-1,gemini_rewrite,0,It doesn't cite many studies or provide data to support its claims.
177,Response,none,none,none,none,-1,-1,gemini_rewrite,0,Has your view been influenced by something or someone?
177,Context,none,none,none,none,-1,-1,gemini_rewrite,0,"Maybe, a little."
177,Response,none,none,none,none,-1,-1,gemini_rewrite,0,Is this article regarded as trustworthy?
177,Context,none,none,none,none,-1,-1,gemini_rewrite,0,I don't think so.
177,Response,none,none,none,none,-1,-1,gemini_rewrite,0,Could you tell me if there is any sufficient evidence provided to support this claim/statement and what kind of evidence?
177,Context,none,none,none,none,-1,-1,gemini_rewrite,0,"Anecdotal evidence, mostly."
177,Response,none,none,none,none,-1,-1,gemini_rewrite,0,Is this evidence authentic?
177,Context,none,none,none,none,-1,-1,gemini_rewrite,0,I can't tell.
177,Response,none,none,none,none,-1,-1,gemini_rewrite,0,Do you believe that the author's assumptions are well-supported by the presented evidence?
177,Context,none,none,none,none,-1,-1,gemini_rewrite,0,Not really.
177,Response,none,none,none,none,-1,-1,gemini_rewrite,0,Does the article provide any sources to support that claim?
177,Context,none,none,none,none,-1,-1,gemini_rewrite,0,"It mentions a few, but they seem biased."
177,Response,none,none,none,none,-1,-1,gemini_rewrite,0,"Did you possibly investigate details about the article, such as its date of publication, the name of its author, and the source from which it originated (either a publisher or a website)?"
177,Context,none,none,none,none,-1,-1,gemini_rewrite,0,I didn't check the author or website.
177,Response,none,none,none,none,-1,-1,gemini_rewrite,0,Have you previously read any articles from this publisher/website?
177,Context,none,none,none,none,-1,-1,gemini_rewrite,0,"No, I haven't."
177,Response,none,none,none,none,-1,-1,gemini_rewrite,0,Have you come across this publisher/website before?
177,Context,none,none,none,none,-1,-1,gemini_rewrite,0,No.
177,Response,none,none,none,none,-1,-1,gemini_rewrite,0,You could also cross-reference the information you have from this article with other articles. Is there any information provided in the article that you can use to check other sources? Could you tell me what did you find?
177,Context,none,none,none,none,-1,-1,gemini_rewrite,0,Other articles have conflicting information.
177,Response,none,none,none,none,-1,-1,gemini_rewrite,0,Can you suggest an alternative way of examining the topic of the article that could have made the author's arguments more compelling?
177,Context,none,none,none,none,-1,-1,gemini_rewrite,-1,More scientific evidence.
177,Response,none,none,none,none,-1,-1,gemini_rewrite,0,TITAN Socratic AI Coach Stopped!
178,Context,none,none,none,none,-1,-1,gemini_rewrite,0,Hello!
178,Response,none,none,none,none,-1,-1,gemini_rewrite,0,"Hello! Let me introduce myself, my name is TITAN, your AI Intelligent Coach against Disinformation. I see you have selected the article with title ""The government is spying on you through LED-lighting!!"". Can you tell me what sparked your interest?"
178,Context,none,none,none,none,-1,-1,gemini_rewrite,0,I wanted to understand if the claims made in this article are true.
178,Response,none,none,none,none,-1,-1,gemini_rewrite,0,"After going through the article, what do you think the primary focus or theme is?"
178,Context,none,none,none,none,-1,-1,gemini_rewrite,0,The article's main theme is government surveillance using LED lighting.
178,Response,none,none,none,none,-1,-1,gemini_rewrite,0,What claims are being made in the article?
178,Context,none,none,none,none,-1,-1,gemini_rewrite,0,The article claims the government is actively spying on citizens through LEDs.
178,Response,none,none,none,none,-1,-1,gemini_rewrite,0,"After carefully considering the assumptions made by the author and the overall content of the article, can you think of any consequences this text might have to a potential reader?"
178,Context,none,none,none,none,-1,-1,gemini_rewrite,0,It might lead to distrust of the government and paranoia about technology.
178,Response,none,none,none,none,-1,-1,gemini_rewrite,0,"Based on your own personal experience with the topic (if any), do you think the assumptions or claims presented in the article are consistent?"
178,Context,none,none,none,none,-1,-1,gemini_rewrite,0,"Based on my knowledge, this doesn't align with established scientific understanding or government practices."
178,Response,none,none,none,none,-1,-1,gemini_rewrite,0,How would you describe this article after this short discussion?
178,Context,none,none,none,none,-1,-1,gemini_rewrite,0,I would describe it as a conspiracy theory-based article.
178,Response,none,none,none,none,-1,-1,gemini_rewrite,0,Should we exercise caution in regards to the author's approach to the topic?
178,Context,none,none,none,none,-1,-1,gemini_rewrite,0,"Yes, we should be very cautious."
178,Response,none,none,none,none,-1,-1,gemini_rewrite,0,"Following our conversation, what are your thoughts or emotions regarding the article now?"
178,Context,none,none,none,none,-1,-1,gemini_rewrite,0,I now believe the article contains disinformation and should be treated with skepticism.
178,Response,none,none,none,none,-1,-1,gemini_rewrite,0,TITAN Socratic AI Coach Stopped!
179,Context,none,none,none,none,-1,-1,gemini_rewrite,0,Hello!
179,Response,none,none,none,none,-1,-1,gemini_rewrite,0,"Hello! Let me introduce myself, my name is TITAN, your AI Intelligent Coach against Disinformation. I see you have selected the article with title ""The government is spying on you through LED-lighting!!"". Can you tell me what sparked your interest?"
179,Context,none,none,none,none,-1,-1,gemini_rewrite,0,I'm concerned about potential privacy violations.
179,Response,none,none,none,none,-1,-1,gemini_rewrite,0,"After going through the article, what do you think the primary focus or theme is?"
179,Context,none,none,none,none,-1,-1,gemini_rewrite,0,Government surveillance.
179,Response,none,none,none,none,-1,-1,gemini_rewrite,0,What claims are being made in the article?
179,Context,none,none,none,none,-1,-1,gemini_rewrite,0,That LED lights are being used for spying.
179,Response,none,none,none,none,-1,-1,gemini_rewrite,0,"After carefully considering the assumptions made by the author and the overall content of the article, can you think of any consequences this text might have to a potential reader?"
179,Context,none,none,none,none,-1,-1,gemini_rewrite,0,People might become paranoid.
179,Response,none,none,none,none,-1,-1,gemini_rewrite,0,"Based on your own personal experience with the topic (if any), do you think the assumptions or claims presented in the article are consistent?"
179,Context,none,none,none,none,-1,-1,gemini_rewrite,0,I don't know enough to say.
179,Response,none,none,none,none,-1,-1,gemini_rewrite,0,How would you describe this article after this short discussion?
179,Context,none,none,none,none,-1,-1,gemini_rewrite,0,Unsettling.
179,Response,none,none,none,none,-1,-1,gemini_rewrite,0,Should we exercise caution in regards to the author's approach to the topic?
179,Context,none,none,none,none,-1,-1,gemini_rewrite,0,Maybe.
179,Response,none,none,none,none,-1,-1,gemini_rewrite,0,"Following our conversation, what are your thoughts or emotions regarding the article now?"
179,Context,none,none,none,none,-1,-1,gemini_rewrite,-1,I'm still unsure if it's true.
179,Response,none,none,none,none,-1,-1,gemini_rewrite,0,TITAN Socratic AI Coach Stopped!
180,Context,none,none,none,none,-1,-1,gemini_rewrite,0,Hello!
180,Response,none,none,none,none,-1,-1,gemini_rewrite,0,"Hello! Let me introduce myself, my name is TITAN, your AI Intelligent Coach against Disinformation. I see you have selected the article with title ""Bologna, 23-year-old girl in alcoholic coma. Pakistani immigrant rapes her in hospital"". What piqued your interest in this article?"
180,Context,none,none,none,none,-1,-1,gemini_rewrite,0,The inflammatory headline caught my attention.
180,Response,none,none,none,none,-1,-1,gemini_rewrite,0,Can you tell me in a few words the topic of the article?
180,Context,none,none,none,none,-1,-1,gemini_rewrite,0,Alleged rape by an immigrant.
180,Response,none,none,none,none,-1,-1,gemini_rewrite,0,What are the claims that are being made in the article?
180,Context,none,none,none,none,-1,-1,gemini_rewrite,0,A Pakistani immigrant raped a comatose woman in a hospital.
180,Response,none,none,none,none,-1,-1,gemini_rewrite,0,"So, since you felt this way after reading the article, what do you think its author aimed to do?"
180,Context,none,none,none,none,-1,-1,gemini_rewrite,0,To provoke outrage and potentially fuel anti-immigrant sentiment.
180,Response,none,none,none,none,-1,-1,gemini_rewrite,0,Is it possible that the author intentionally carried out this action?
180,Context,none,none,none,none,-1,-1,gemini_rewrite,0,"Yes, it is possible."
180,Response,none,none,none,none,-1,-1,gemini_rewrite,0,Do you think that the author makes any claims offering us his/her opinion or interpretation of what transpired? Can you spot such claims in the text?
180,Context,none,none,none,none,-1,-1,gemini_rewrite,0,"Yes, the author uses very loaded language."
180,Response,none,none,none,none,-1,-1,gemini_rewrite,0,Can you find any examples that reveal the the author's opinion or interpretation?
180,Context,none,none,none,none,-1,-1,gemini_rewrite,0,"The use of ""Pakistani immigrant"" so prominently seems like an opinion."
180,Response,none,none,none,none,-1,-1,gemini_rewrite,0,Could you provide an instance(s) from the text?
180,Context,none,none,none,none,-1,-1,gemini_rewrite,0,The whole title is an instance.
180,Response,none,none,none,none,-1,-1,gemini_rewrite,0,What methods can we use to confirm the validity of this claim/statement?
180,Context,none,none,none,none,-1,-1,gemini_rewrite,0,Cross-reference with other news sources and police reports.
180,Response,none,none,none,none,-1,-1,gemini_rewrite,0,What are your thoughts regarding the assumptions made by the author?
180,Context,none,none,none,none,-1,-1,gemini_rewrite,0,The author assumes the immigrant's nationality is relevant to the crime.
180,Response,none,none,none,none,-1,-1,gemini_rewrite,0,Do you think this particular text aims to accomplish something beyond just presenting us with unprocessed information about a fact or event?
180,Context,none,none,none,none,-1,-1,gemini_rewrite,0,"Yes, it seems to be pushing an agenda."
180,Response,none,none,none,none,-1,-1,gemini_rewrite,0,What is your opinion on this?
180,Context,none,none,none,none,-1,-1,gemini_rewrite,0,I think it is suspicious.
180,Response,none,none,none,none,-1,-1,gemini_rewrite,0,What can you assume here?
180,Context,none,none,none,none,-1,-1,gemini_rewrite,0,I can assume that the author may be biased.
180,Response,none,none,none,none,-1,-1,gemini_rewrite,0,"How would you characterize the language employed by the author in this specific text? Is it, perhaps, emotive, powerful, or provocative?"
180,Context,none,none,none,none,-1,-1,gemini_rewrite,0,It is definitely emotive and provocative.
180,Response,none,none,none,none,-1,-1,gemini_rewrite,0,What could the author be attempting to accomplish by adopting this particular style of language?
180,Context,none,none,none,none,-1,-1,gemini_rewrite,0,To elicit an emotional response from the reader.
180,Response,none,none,none,none,-1,-1,gemini_rewrite,0,Do you think an objective journalist would use such language?
180,Context,none,none,none,none,-1,-1,gemini_rewrite,0,"No, an objective journalist would not."
180,Response,none,none,none,none,-1,-1,gemini_rewrite,0,Are journalists supposed to show their own opinion or be objective?
180,Context,none,none,none,none,-1,-1,gemini_rewrite,0,They are supposed to be objective.
180,Response,none,none,none,none,-1,-1,gemini_rewrite,0,What do you believe would be the consequences for a person who goes through this article without questioning and examining it critically?
180,Context,none,none,none,none,-1,-1,gemini_rewrite,0,They might develop prejudiced views.
180,Response,none,none,none,none,-1,-1,gemini_rewrite,0,"Based on your own personal experience with the topic (if any), do you think the assumptions or claims presented in the article are consistent?"
180,Context,none,none,none,none,-1,-1,gemini_rewrite,0,"No, the claims seem designed to create a specific narrative."
180,Response,none,none,none,none,-1,-1,gemini_rewrite,0,What would you say about this article following our brief conversation?
180,Context,none,none,none,none,-1,-1,gemini_rewrite,0,I think it is highly suspect and potentially disinformation.
180,Response,none,none,none,none,-1,-1,gemini_rewrite,0,Do you think that we must be cautious of the way the author is choosing to approach the subject?
180,Context,none,none,none,none,-1,-1,gemini_rewrite,0,"Yes, we definitely must be cautious."
180,Response,none,none,none,none,-1,-1,gemini_rewrite,0,"Following our conversation, what is your opinion regarding the article now?"
180,Context,none,none,none,none,-1,-1,gemini_rewrite,0,I am convinced the article is designed to spread misinformation and prejudice.
180,Response,none,none,none,none,-1,-1,gemini_rewrite,0,Are you confident that you have understood the author's line of thinking?
180,Context,none,none,none,none,-1,-1,gemini_rewrite,0,"Yes, the author is trying to promote an anti-immigrant agenda."
180,Response,none,none,none,none,-1,-1,gemini_rewrite,0,"Is there anything you would ideally change regarding the approach of the author? If yes, can you tell me what?"
180,Context,none,none,none,none,-1,-1,gemini_rewrite,0,I would remove the unnecessary emphasis on the perpetrator's nationality.
180,Response,none,none,none,none,-1,-1,gemini_rewrite,0,TITAN Socratic AI Coach Stopped!
181,Context,none,none,none,none,-1,-1,gemini_rewrite,0,Hello!
181,Response,none,none,none,none,-1,-1,gemini_rewrite,0,"Hello! Let me introduce myself, my name is TITAN, your AI Intelligent Coach against Disinformation. I see you have selected the article with title ""Bologna, 23-year-old girl in alcoholic coma. Pakistani immigrant rapes her in hospital"". What piqued your interest in this article?"
181,Context,none,none,none,none,-1,-1,gemini_rewrite,0,The title seemed sensational.
181,Response,none,none,none,none,-1,-1,gemini_rewrite,0,Can you tell me in a few words the topic of the article?
181,Context,none,none,none,none,-1,-1,gemini_rewrite,0,Alleged rape by an immigrant.
181,Response,none,none,none,none,-1,-1,gemini_rewrite,0,What are the claims that are being made in the article?
181,Context,none,none,none,none,-1,-1,gemini_rewrite,0,A Pakistani immigrant raped a woman in a hospital.
181,Response,none,none,none,none,-1,-1,gemini_rewrite,0,"So, since you felt this way after reading the article, what do you think its author aimed to do?"
181,Context,none,none,none,none,-1,-1,gemini_rewrite,0,"Inform the public, maybe?"
181,Response,none,none,none,none,-1,-1,gemini_rewrite,0,Is it possible that the author intentionally carried out this action?
181,Context,none,none,none,none,-1,-1,gemini_rewrite,0,"Maybe, I am not sure."
181,Response,none,none,none,none,-1,-1,gemini_rewrite,0,Do you think that the author makes any claims offering us his/her opinion or interpretation of what transpired? Can you spot such claims in the text?
181,Context,none,none,none,none,-1,-1,gemini_rewrite,0,I think the article presents it as fact.
181,Response,none,none,none,none,-1,-1,gemini_rewrite,0,Can you find any examples that reveal the the author's opinion or interpretation?
181,Context,none,none,none,none,-1,-1,gemini_rewrite,0,"Hmm, not really."
181,Response,none,none,none,none,-1,-1,gemini_rewrite,0,Could you provide an instance(s) from the text?
181,Context,none,none,none,none,-1,-1,gemini_rewrite,0,I don't see any obvious bias.
181,Response,none,none,none,none,-1,-1,gemini_rewrite,0,What methods can we use to confirm the validity of this claim/statement?
181,Context,none,none,none,none,-1,-1,gemini_rewrite,0,Check with the police and the hospital.
181,Response,none,none,none,none,-1,-1,gemini_rewrite,0,What are your thoughts regarding the assumptions made by the author?
181,Context,none,none,none,none,-1,-1,gemini_rewrite,0,I don't know what assumptions they are making.
181,Response,none,none,none,none,-1,-1,gemini_rewrite,0,Do you think this particular text aims to accomplish something beyond just presenting us with unprocessed information about a fact or event?
181,Context,none,none,none,none,-1,-1,gemini_rewrite,0,Maybe it's trying to warn people.
181,Response,none,none,none,none,-1,-1,gemini_rewrite,0,What is your opinion on this?
181,Context,none,none,none,none,-1,-1,gemini_rewrite,0,I think it's a news report.
181,Response,none,none,none,none,-1,-1,gemini_rewrite,0,What can you assume here?
181,Context,none,none,none,none,-1,-1,gemini_rewrite,0,That a crime happened.
181,Response,none,none,none,none,-1,-1,gemini_rewrite,0,"How would you characterize the language employed by the author in this specific text? Is it, perhaps, emotive, powerful, or provocative?"
181,Context,none,none,none,none,-1,-1,gemini_rewrite,0,It seems pretty straightforward.
181,Response,none,none,none,none,-1,-1,gemini_rewrite,0,What could the author be attempting to accomplish by adopting this particular style of language?
181,Context,none,none,none,none,-1,-1,gemini_rewrite,0,Just reporting the facts?
181,Response,none,none,none,none,-1,-1,gemini_rewrite,0,Do you think an objective journalist would use such language?
181,Context,none,none,none,none,-1,-1,gemini_rewrite,0,"Yes, if those are the facts."
181,Response,none,none,none,none,-1,-1,gemini_rewrite,0,Are journalists supposed to show their own opinion or be objective?
181,Context,none,none,none,none,-1,-1,gemini_rewrite,0,"Objective, I guess."
181,Response,none,none,none,none,-1,-1,gemini_rewrite,0,What do you believe would be the consequences for a person who goes through this article without questioning and examining it critically?
181,Context,none,none,none,none,-1,-1,gemini_rewrite,0,They might believe everything they read.
181,Response,none,none,none,none,-1,-1,gemini_rewrite,0,"Based on your own personal experience with the topic (if any), do you think the assumptions or claims presented in the article are consistent?"
181,Context,none,none,none,none,-1,-1,gemini_rewrite,0,I don't really have any personal experience with this kind of thing.
181,Response,none,none,none,none,-1,-1,gemini_rewrite,0,What would you say about this article following our brief conversation?
181,Context,none,none,none,none,-1,-1,gemini_rewrite,0,I'm still not sure if it's disinformation.
181,Response,none,none,none,none,-1,-1,gemini_rewrite,0,Do you think that we must be cautious of the way the author is choosing to approach the subject?
181,Context,none,none,none,none,-1,-1,gemini_rewrite,0,I'm not sure what to be cautious about.
181,Response,none,none,none,none,-1,-1,gemini_rewrite,0,"Following our conversation, what is your opinion regarding the article now?"
181,Context,none,none,none,none,-1,-1,gemini_rewrite,0,"It's confusing me, I don't know what to think anymore."
181,Response,none,none,none,none,-1,-1,gemini_rewrite,0,Are you confident that you have understood the author's line of thinking?
181,Context,none,none,none,none,-1,-1,gemini_rewrite,0,Not really.
181,Response,none,none,none,none,-1,-1,gemini_rewrite,0,"Is there anything you would ideally change regarding the approach of the author? If yes, can you tell me what?"
181,Context,none,none,none,none,-1,-1,gemini_rewrite,-1,I wish it was clearer whether it's biased or not!
181,Response,none,none,none,none,-1,-1,gemini_rewrite,0,TITAN Socratic AI Coach Stopped!
182,Context,none,none,none,none,-1,-1,gemini_rewrite,0,Hello!
182,Response,none,none,none,none,-1,-1,gemini_rewrite,0,"Hello! Let me introduce myself, my name is TITAN, your AI Intelligent Coach against Disinformation. I see you have selected the article with title ""Politicians appearing in entertainment television are also campaigning"". What piqued your interest in this article?"
182,Context,none,none,none,none,-1,-1,gemini_rewrite,0,I'm curious if it's blurring the lines between entertainment and politics.
182,Response,none,none,none,none,-1,-1,gemini_rewrite,0,What is the topic or content of the article?
182,Context,none,none,none,none,-1,-1,gemini_rewrite,0,It discusses politicians' appearances on entertainment shows.
182,Response,none,none,none,none,-1,-1,gemini_rewrite,0,What would you say that the main claim of the article is? Does the author try to make a point?
182,Context,none,none,none,none,-1,-1,gemini_rewrite,0,The author suggests these appearances are a subtle form of campaigning.
182,Response,none,none,none,none,-1,-1,gemini_rewrite,0,Are there any consequences of considering uncritically the questions in the article?
182,Context,none,none,none,none,-1,-1,gemini_rewrite,0,We might become desensitized to political messaging.
182,Response,none,none,none,none,-1,-1,gemini_rewrite,0,Do you believe that the assumptions/claims of the article are consistent with your own personal experience on the subject (if any)?
182,Context,none,none,none,none,-1,-1,gemini_rewrite,0,"Yes, I've noticed politicians becoming more like celebrities."
182,Response,none,none,none,none,-1,-1,gemini_rewrite,0,What would you say about this article following our brief conversation?
182,Context,none,none,none,none,-1,-1,gemini_rewrite,0,It raises a valid concern about political marketing tactics.
182,Response,none,none,none,none,-1,-1,gemini_rewrite,0,Should we exercise caution in regards to the author's approach to the topic?
182,Context,none,none,none,none,-1,-1,gemini_rewrite,0,"Yes, it's important to consider potential bias."
182,Response,none,none,none,none,-1,-1,gemini_rewrite,0,"Following our conversation, what are your thoughts or emotions regarding the article now?"
182,Context,none,none,none,none,-1,-1,gemini_rewrite,0,I'm more aware of the potential for subtle campaigning.
182,Response,none,none,none,none,-1,-1,gemini_rewrite,0,Do you feel that you have grasped the reasoning of the author?
182,Context,none,none,none,none,-1,-1,gemini_rewrite,0,"Yes, I understand their argument."
182,Response,none,none,none,none,-1,-1,gemini_rewrite,0,Would you suggest any possible modifications to the author's approach?
182,Context,none,none,none,none,-1,-1,gemini_rewrite,0,They could offer more concrete examples.
182,Response,none,none,none,none,-1,-1,gemini_rewrite,0,Are you in a position to form a solid argument in support of your claims?
182,Context,none,none,none,none,-1,-1,gemini_rewrite,0,I can argue that these appearances can influence public opinion.
182,Response,none,none,none,none,-1,-1,gemini_rewrite,0,"Do you now believe that you have a clearer grasp of the attributes of this article, as well as its possible outcomes?"
182,Context,none,none,none,none,-1,-1,gemini_rewrite,0,"Yes, I see the potential impact."
182,Response,none,none,none,none,-1,-1,gemini_rewrite,0,Are you in a position to identify any potential disinformation signals included in the text?
182,Context,none,none,none,none,-1,-1,gemini_rewrite,0,There is an absence of contradictory evidence from the other side of the argument.
182,Response,none,none,none,none,-1,-1,gemini_rewrite,0,What are you planning to do with this article now?
182,Context,none,none,none,none,-1,-1,gemini_rewrite,0,I'll research the topic further with a critical eye.
182,Response,none,none,none,none,-1,-1,gemini_rewrite,0,Was our discussion beneficial for you?
182,Context,none,none,none,none,-1,-1,gemini_rewrite,0,"Yes, it helped me analyze the article more effectively."
182,Response,none,none,none,none,-1,-1,gemini_rewrite,0,Is there any other topic you would like to cover with me?
182,Context,none,none,none,none,-1,-1,gemini_rewrite,0,"Not at the moment, thank you."
182,Response,none,none,none,none,-1,-1,gemini_rewrite,0,TITAN Socratic Dialogue Finished!
183,Context,none,none,none,none,-1,-1,gemini_rewrite,0,Hello!
183,Response,none,none,none,none,-1,-1,gemini_rewrite,0,"Hello! Let me introduce myself, my name is TITAN, your AI Intelligent Coach against Disinformation. I see you have selected the article with title ""Politicians appearing in entertainment television are also campaigning"". What piqued your interest in this article?"
183,Context,none,none,none,none,-1,-1,gemini_rewrite,0,I was curious about the intersection of politics and entertainment.
183,Response,none,none,none,none,-1,-1,gemini_rewrite,0,What is the topic or content of the article?
183,Context,none,none,none,none,-1,-1,gemini_rewrite,0,It seems to be about politicians using entertainment platforms for campaigning.
183,Response,none,none,none,none,-1,-1,gemini_rewrite,0,What would you say that the main claim of the article is? Does the author try to make a point?
183,Context,none,none,none,none,-1,-1,gemini_rewrite,0,The author suggests that politicians are blurring the lines between entertainment and campaigning.
183,Response,none,none,none,none,-1,-1,gemini_rewrite,0,Are there any consequences of considering uncritically the questions in the article?
183,Context,none,none,none,none,-1,-1,gemini_rewrite,0,Perhaps we could be easily swayed by entertaining personalities.
183,Response,none,none,none,none,-1,-1,gemini_rewrite,0,Do you believe that the assumptions/claims of the article are consistent with your own personal experience on the subject (if any)?
183,Context,none,none,none,none,-1,-1,gemini_rewrite,0,"I have seen politicians on talk shows, yes."
183,Response,none,none,none,none,-1,-1,gemini_rewrite,0,What would you say about this article following our brief conversation?
183,Context,none,none,none,none,-1,-1,gemini_rewrite,0,I'm still unsure if it's intentionally misleading.
183,Response,none,none,none,none,-1,-1,gemini_rewrite,0,Should we exercise caution in regards to the author's approach to the topic?
183,Context,none,none,none,none,-1,-1,gemini_rewrite,0,"Probably, but I am not sure why."
183,Response,none,none,none,none,-1,-1,gemini_rewrite,0,"Following our conversation, what are your thoughts or emotions regarding the article now?"
183,Context,none,none,none,none,-1,-1,gemini_rewrite,0,I'm a bit more confused.
183,Response,none,none,none,none,-1,-1,gemini_rewrite,0,Do you feel that you have grasped the reasoning of the author?
183,Context,none,none,none,none,-1,-1,gemini_rewrite,0,Not really.
183,Response,none,none,none,none,-1,-1,gemini_rewrite,0,Would you suggest any possible modifications to the author's approach?
183,Context,none,none,none,none,-1,-1,gemini_rewrite,0,I don't know what to suggest.
183,Response,none,none,none,none,-1,-1,gemini_rewrite,0,Are you in a position to form a solid argument in support of your claims?
183,Context,none,none,none,none,-1,-1,gemini_rewrite,0,"No, I am not."
183,Response,none,none,none,none,-1,-1,gemini_rewrite,0,"Do you now believe that you have a clearer grasp of the attributes of this article, as well as its possible outcomes?"
183,Context,none,none,none,none,-1,-1,gemini_rewrite,0,I think I'm more lost than before.
183,Response,none,none,none,none,-1,-1,gemini_rewrite,0,Are you in a position to identify any potential disinformation signals included in the text?
183,Context,none,none,none,none,-1,-1,gemini_rewrite,0,Not at all.
183,Response,none,none,none,none,-1,-1,gemini_rewrite,0,What are you planning to do with this article now?
183,Context,none,none,none,none,-1,-1,gemini_rewrite,0,I will probably just ignore it.
183,Response,none,none,none,none,-1,-1,gemini_rewrite,0,Was our discussion beneficial for you?
183,Context,none,none,none,none,-1,-1,gemini_rewrite,0,Not really.
183,Response,none,none,none,none,-1,-1,gemini_rewrite,0,Is there any other topic you would like to cover with me?
183,Context,none,none,none,none,-1,-1,gemini_rewrite,-1,"No, thank you."
183,Response,none,none,none,none,-1,-1,gemini_rewrite,0,TITAN Socratic Dialogue Finished!
184,Context,none,none,none,none,-1,-1,gemini_rewrite,0,Hello!
184,Response,none,none,none,none,-1,-1,gemini_rewrite,0,"Hello! Let me introduce myself, my name is TITAN, your AI Intelligent Coach against Disinformation. I see you have selected the article with title ""Cholesterol is kept very low on purpose! Are we being lied to by pharma?"". What was it that aroused your curiosity with this article?"
184,Context,none,none,none,none,-1,-1,gemini_rewrite,0,I wanted to understand if the claims about cholesterol are valid.
184,Response,none,none,none,none,-1,-1,gemini_rewrite,0,What is the topic of the article?
184,Context,none,none,none,none,-1,-1,gemini_rewrite,0,The article discusses cholesterol levels and the role of pharmaceutical companies.
184,Response,none,none,none,none,-1,-1,gemini_rewrite,0,What are the claims that are being made in the article?
184,Context,none,none,none,none,-1,-1,gemini_rewrite,0,It claims that pharmaceutical companies are intentionally keeping cholesterol levels low for profit.
184,Response,none,none,none,none,-1,-1,gemini_rewrite,0,What do you believe would be the consequences for a person who goes through this article without questioning and examining it critically?
184,Context,none,none,none,none,-1,-1,gemini_rewrite,0,They might stop taking necessary medication.
184,Response,none,none,none,none,-1,-1,gemini_rewrite,0,Do you believe that the assumptions/claims of the article are consistent with your own personal experience on the subject (if any)?
184,Context,none,none,none,none,-1,-1,gemini_rewrite,0,"No, my doctor has always emphasized the importance of managing cholesterol."
184,Response,none,none,none,none,-1,-1,gemini_rewrite,0,What would you say about this article following our brief conversation?
184,Context,none,none,none,none,-1,-1,gemini_rewrite,0,It seems to be presenting a potentially dangerous and unsubstantiated claim.
184,Response,none,none,none,none,-1,-1,gemini_rewrite,0,Should we exercise caution in regards to the author's approach to the topic?
184,Context,none,none,none,none,-1,-1,gemini_rewrite,0,"Yes, definitely."
184,Response,none,none,none,none,-1,-1,gemini_rewrite,0,"After our discussion, how do you feel about the article?"
184,Context,none,none,none,none,-1,-1,gemini_rewrite,0,More skeptical.
184,Response,none,none,none,none,-1,-1,gemini_rewrite,0,Do you feel that you have grasped the reasoning of the author?
184,Context,none,none,none,none,-1,-1,gemini_rewrite,0,I think the author is trying to create distrust in pharmaceutical companies.
184,Response,none,none,none,none,-1,-1,gemini_rewrite,0,Would you suggest any possible modifications to the author's approach?
184,Context,none,none,none,none,-1,-1,gemini_rewrite,0,The author should include scientific evidence to support their claims.
184,Response,none,none,none,none,-1,-1,gemini_rewrite,0,Can you provide strong evidence to substantiate your claims?
184,Context,none,none,none,none,-1,-1,gemini_rewrite,0,High cholesterol is a known risk factor for heart disease according to reputable medical sources.
184,Response,none,none,none,none,-1,-1,gemini_rewrite,0,Do you believe that you have a better grasp on the claims and assumptions presented in this context?
184,Context,none,none,none,none,-1,-1,gemini_rewrite,0,"Yes, I do."
184,Response,none,none,none,none,-1,-1,gemini_rewrite,0,Are you in a position to identify any potential disinformation signals included in the text?
184,Context,none,none,none,none,-1,-1,gemini_rewrite,0,The lack of credible sources and the appeal to conspiracy are red flags.
184,Response,none,none,none,none,-1,-1,gemini_rewrite,0,What do you intend to do with this article from this point onwards?
184,Context,none,none,none,none,-1,-1,gemini_rewrite,0,I will consult with my doctor about the claims made in the article.
184,Response,none,none,none,none,-1,-1,gemini_rewrite,0,Was our discussion beneficial for you?
184,Context,none,none,none,none,-1,-1,gemini_rewrite,0,"Yes, it helped me think critically about the information."
184,Response,none,none,none,none,-1,-1,gemini_rewrite,0,Is there any other topic you would like to cover with me?
184,Context,none,none,none,none,-1,-1,gemini_rewrite,0,"No, thank you."
184,Response,none,none,none,none,-1,-1,gemini_rewrite,0,TITAN Socratic Dialogue Finished!
185,Context,none,none,none,none,-1,-1,gemini_rewrite,0,Hello!
185,Response,none,none,none,none,-1,-1,gemini_rewrite,0,"Hello! Let me introduce myself, my name is TITAN, your AI Intelligent Coach against Disinformation. I see you have selected the article with title ""Cholesterol is kept very low on purpose! Are we being lied to by pharma?"". What was it that aroused your curiosity with this article?"
185,Context,none,none,none,none,-1,-1,gemini_rewrite,0,I'm trying to understand if it's trustworthy.
185,Response,none,none,none,none,-1,-1,gemini_rewrite,0,What is the topic of the article?
185,Context,none,none,none,none,-1,-1,gemini_rewrite,0,It seems to be about cholesterol and pharmaceutical companies.
185,Response,none,none,none,none,-1,-1,gemini_rewrite,0,What are the claims that are being made in the article?
185,Context,none,none,none,none,-1,-1,gemini_rewrite,0,That lowering cholesterol is a big pharma conspiracy.
185,Response,none,none,none,none,-1,-1,gemini_rewrite,0,What do you believe would be the consequences for a person who goes through this article without questioning and examining it critically?
185,Context,none,none,none,none,-1,-1,gemini_rewrite,0,They might stop taking their prescribed medication.
185,Response,none,none,none,none,-1,-1,gemini_rewrite,0,Do you believe that the assumptions/claims of the article are consistent with your own personal experience on the subject (if any)?
185,Context,none,none,none,none,-1,-1,gemini_rewrite,0,"Not really, but I don't know enough to say for sure."
185,Response,none,none,none,none,-1,-1,gemini_rewrite,0,What would you say about this article following our brief conversation?
185,Context,none,none,none,none,-1,-1,gemini_rewrite,0,It's making me question everything I thought I knew.
185,Response,none,none,none,none,-1,-1,gemini_rewrite,0,Should we exercise caution in regards to the author's approach to the topic?
185,Context,none,none,none,none,-1,-1,gemini_rewrite,0,Maybe.
185,Response,none,none,none,none,-1,-1,gemini_rewrite,0,"After our discussion, how do you feel about the article?"
185,Context,none,none,none,none,-1,-1,gemini_rewrite,0,I'm more confused now.
185,Response,none,none,none,none,-1,-1,gemini_rewrite,0,Do you feel that you have grasped the reasoning of the author?
185,Context,none,none,none,none,-1,-1,gemini_rewrite,0,"I think so, but I'm not sure if it's valid."
185,Response,none,none,none,none,-1,-1,gemini_rewrite,0,Would you suggest any possible modifications to the author's approach?
185,Context,none,none,none,none,-1,-1,gemini_rewrite,0,I don't know how to improve it.
185,Response,none,none,none,none,-1,-1,gemini_rewrite,0,Can you provide strong evidence to substantiate your claims?
185,Context,none,none,none,none,-1,-1,gemini_rewrite,0,I can't.
185,Response,none,none,none,none,-1,-1,gemini_rewrite,0,Do you believe that you have a better grasp on the claims and assumptions presented in this context?
185,Context,none,none,none,none,-1,-1,gemini_rewrite,0,I feel less confident than before.
185,Response,none,none,none,none,-1,-1,gemini_rewrite,0,Are you in a position to identify any potential disinformation signals included in the text?
185,Context,none,none,none,none,-1,-1,gemini_rewrite,0,I honestly can't tell anymore.
185,Response,none,none,none,none,-1,-1,gemini_rewrite,0,What do you intend to do with this article from this point onwards?
185,Context,none,none,none,none,-1,-1,gemini_rewrite,0,Probably just ignore it.
185,Response,none,none,none,none,-1,-1,gemini_rewrite,0,Was our discussion beneficial for you?
185,Context,none,none,none,none,-1,-1,gemini_rewrite,0,I'm not sure it helped at all.
185,Response,none,none,none,none,-1,-1,gemini_rewrite,0,Is there any other topic you would like to cover with me?
185,Context,none,none,none,none,-1,-1,gemini_rewrite,-1,"No, thank you."
185,Response,none,none,none,none,-1,-1,gemini_rewrite,0,TITAN Socratic Dialogue Finished!
186,Context,none,none,none,none,-1,-1,gemini_rewrite,0,I came across this article and felt the need to discuss it.
186,Response,none,none,none,none,-1,-1,gemini_rewrite,0,Great! Why do you want to discuss this article in particular?
186,Context,none,none,none,none,-1,-1,gemini_rewrite,0,I'm concerned about its potential to spread misinformation and incite prejudice.
186,Response,none,none,none,none,-1,-1,gemini_rewrite,0,Very well. What would you say that the subject of the article is then?
186,Context,none,none,none,none,-1,-1,gemini_rewrite,0,A rape committed by a Pakistani immigrant against an Italian woman.
186,Response,none,none,none,none,-1,-1,gemini_rewrite,0,Did you have any prior knowledge of the event/topic?
186,Context,none,none,none,none,-1,-1,gemini_rewrite,0,"No, I hadn't heard about it before seeing the article."
186,Response,none,none,none,none,-1,-1,gemini_rewrite,0,"And, were you able to identify anything unusual about the article?"
186,Context,none,none,none,none,-1,-1,gemini_rewrite,0,The headline seems intentionally inflammatory and divisive.
186,Response,none,none,none,none,-1,-1,gemini_rewrite,0,Very well. Let’s proceed then by discussing the claims made by the author. Can you identify any?
186,Context,none,none,none,none,-1,-1,gemini_rewrite,0,The main claims are that a rape occurred and the perpetrator is a Pakistani immigrant.
186,Response,none,none,none,none,-1,-1,gemini_rewrite,0,Would you mind giving me an example from the text?
186,Context,none,none,none,none,-1,-1,gemini_rewrite,0,"""Bologna, 23-year-old girl in alcoholic coma. Pakistani immigrant rapes her in hospital."""
186,Response,none,none,none,none,-1,-1,gemini_rewrite,0,Why would someone assume that [something is wrong with people sympathetic to non-EU nationals]?
186,Context,none,none,none,none,-1,-1,gemini_rewrite,0,It's a potential way to demonize immigrants and stir up anti-immigrant sentiment.
186,Response,none,none,none,none,-1,-1,gemini_rewrite,0,Are you in a position to counteract the arguments and assumption made in this article even if you feel that you are in agreement with the author?
186,Context,none,none,none,none,-1,-1,gemini_rewrite,0,"Yes, I can analyze the facts and evaluate the language used regardless of my personal feelings."
186,Response,none,none,none,none,-1,-1,gemini_rewrite,0,How would you describe this article? Would you say that its main purpose is informative?
186,Context,none,none,none,none,-1,-1,gemini_rewrite,0,"No, I think its main purpose is to provoke outrage and reinforce biases."
186,Response,none,none,none,none,-1,-1,gemini_rewrite,0,Did the language used by the author trouble you in any way?
186,Context,none,none,none,none,-1,-1,gemini_rewrite,0,"Yes, it's sensationalist and uses loaded terms."
186,Response,none,none,none,none,-1,-1,gemini_rewrite,0,"If you were able identify the opinion of the author, can you tell me if it can be considered sufficiently justified based on the evidence offered in the text?"
186,Context,none,none,none,none,-1,-1,gemini_rewrite,0,"No, the author's opinion seems biased and unsupported by objective evidence."
186,Response,none,none,none,none,-1,-1,gemini_rewrite,0,How so?
186,Context,none,none,none,none,-1,-1,gemini_rewrite,0,"The focus on the perpetrator's nationality, rather than the crime itself, reveals prejudice."
186,Response,none,none,none,none,-1,-1,gemini_rewrite,0,Implicit assumptions are sometimes made by authors in order to get their ideas across to their readers. They are also a potential and quite common disinformation signal since they are usually difficult to verify from the evidence offered in the text. Can think of any such assumptions being made here?
186,Context,none,none,none,none,-1,-1,gemini_rewrite,0,"Yes, the article implicitly assumes that Pakistani immigrants are more prone to commit crimes."
186,Response,none,none,none,none,-1,-1,gemini_rewrite,0,Can you give me an example of an implicit assumption (ideally from the text)?
186,Context,none,none,none,none,-1,-1,gemini_rewrite,0,The headline creates an implicit connection between the victim's vulnerability and the perpetrator's nationality.
186,Response,none,none,none,none,-1,-1,gemini_rewrite,0,Very well! Why do you think the author makes these assumptions (if any)? Can you think of any particular reason?
186,Context,none,none,none,none,-1,-1,gemini_rewrite,0,To exploit existing prejudices and manipulate the reader's emotions.
186,Response,none,none,none,none,-1,-1,gemini_rewrite,0,"Sometimes, even if the author provides us with valid information, his claims and assumptions might imply things that are not easily supported by the evidence offered (if at all). Do you think that this might be the case here?"
186,Context,none,none,none,none,-1,-1,gemini_rewrite,0,"Yes, the implication that all Pakistani immigrants pose a threat is not supported by evidence."
186,Response,none,none,none,none,-1,-1,gemini_rewrite,0,"Articles naturally tend to reflect the ideas and beliefs of the author. As a result, we sometimes have difficulty trying to think of an alternative viewpoint/opinion. Are you in a position to think of alternative ways of approaching the subject in question?"
186,Context,none,none,none,none,-1,-1,gemini_rewrite,0,"Yes, it could be presented as a crime committed by an individual, without highlighting nationality."
186,Response,none,none,none,none,-1,-1,gemini_rewrite,0,Are you aware that we always have to carefully assess the individual strengths and weaknesses of a possible alternative explanation?
186,Context,none,none,none,none,-1,-1,gemini_rewrite,0,"Yes, an alternative explanation might downplay the seriousness of the crime itself."
186,Response,none,none,none,none,-1,-1,gemini_rewrite,0,Do you think by this point that an alternative explanation of the events might be more plausible than the one offered by the author?
186,Context,none,none,none,none,-1,-1,gemini_rewrite,0,"Yes, focusing on the individual crime rather than ethnicity is a more plausible and unbiased approach."
186,Response,none,none,none,none,-1,-1,gemini_rewrite,0,"After carefully considering the assumptions of the author, what kind of consequences might this article have on a potential future reader?"
186,Context,none,none,none,none,-1,-1,gemini_rewrite,0,It could lead to increased prejudice and discrimination against Pakistani immigrants.
186,Response,none,none,none,none,-1,-1,gemini_rewrite,0,What would you say that the most problematic aspect of this article is (if existent)?
186,Context,none,none,none,none,-1,-1,gemini_rewrite,0,The exploitation of a criminal act to promote xenophobia.
186,Response,none,none,none,none,-1,-1,gemini_rewrite,0,"More importantly, do you consider this article to be in accordance with your own personal experience regarding the subject?"
186,Context,none,none,none,none,-1,-1,gemini_rewrite,0,"No, my personal experience tells me that judging people based on their nationality is wrong."
186,Response,none,none,none,none,-1,-1,gemini_rewrite,0,How would you describe your feelings about the article after this short discussion?
186,Context,none,none,none,none,-1,-1,gemini_rewrite,0,I feel more confident in my assessment that it is biased and potentially disinformation.
186,Response,none,none,none,none,-1,-1,gemini_rewrite,0,"So, would you say that you are in a position to better understand the claims and assumptions being made here?"
186,Context,none,none,none,none,-1,-1,gemini_rewrite,0,"Yes, I have a much clearer understanding now."
186,Response,none,none,none,none,-1,-1,gemini_rewrite,0,"If you were in the position of the author, is there anything you would change (or simply avoid) in this article?"
186,Context,none,none,none,none,-1,-1,gemini_rewrite,0,I would avoid mentioning the perpetrator's nationality in the headline and focus on the crime itself.
186,Response,none,none,none,none,-1,-1,gemini_rewrite,0,Very well. Did you find our short discussion any helpful?
186,Context,none,none,none,none,-1,-1,gemini_rewrite,0,"Yes, it was very helpful in clarifying my thoughts and confirming my suspicions."
186,Response,none,none,none,none,-1,-1,gemini_rewrite,0,Is there anything more you would like to discuss with me?
186,Context,none,none,none,none,-1,-1,gemini_rewrite,0,"No, I think we've covered everything."
186,Response,none,none,none,none,-1,-1,gemini_rewrite,0,Thank you for using TITAN!
187,Context,none,none,none,none,-1,-1,gemini_rewrite,0,I came across this article and felt the need to discuss it.
187,Response,none,none,none,none,-1,-1,gemini_rewrite,0,Great! Why do you want to discuss this article in particular?
187,Context,none,none,none,none,-1,-1,gemini_rewrite,0,I'm concerned about its potential bias.
187,Response,none,none,none,none,-1,-1,gemini_rewrite,0,Very well. What would you say that the subject of the article is then?
187,Context,none,none,none,none,-1,-1,gemini_rewrite,0,An alleged rape and the nationality of the perpetrator.
187,Response,none,none,none,none,-1,-1,gemini_rewrite,0,Did you have any prior knowledge of the event/topic?
187,Context,none,none,none,none,-1,-1,gemini_rewrite,0,"No, this is the first I've heard of it."
187,Response,none,none,none,none,-1,-1,gemini_rewrite,0,"And, were you able to identify anything unusual about the article?"
187,Context,none,none,none,none,-1,-1,gemini_rewrite,0,The focus on the perpetrator's nationality seems odd.
187,Response,none,none,none,none,-1,-1,gemini_rewrite,0,Very well. Let’s proceed then by discussing the claims made by the author. Can you identify any?
187,Context,none,none,none,none,-1,-1,gemini_rewrite,0,That a rape occurred and the perpetrator is Pakistani.
187,Response,none,none,none,none,-1,-1,gemini_rewrite,0,Would you mind giving me an example from the text?
187,Context,none,none,none,none,-1,-1,gemini_rewrite,0,"""Pakistani immigrant rapes her in hospital""."
187,Response,none,none,none,none,-1,-1,gemini_rewrite,0,Why would someone assume that [something is wrong with people sympathetic to non-EU nationals]?
187,Context,none,none,none,none,-1,-1,gemini_rewrite,0,I don't know.
187,Response,none,none,none,none,-1,-1,gemini_rewrite,0,Are you in a position to counteract the arguments and assumption made in this article even if you feel that you are in agreement with the author?
187,Context,none,none,none,none,-1,-1,gemini_rewrite,0,I'm not sure I can.
187,Response,none,none,none,none,-1,-1,gemini_rewrite,0,How would you describe this article? Would you say that its main purpose is informative?
187,Context,none,none,none,none,-1,-1,gemini_rewrite,0,I think it's trying to be informative but it has an agenda.
187,Response,none,none,none,none,-1,-1,gemini_rewrite,0,Did the language used by the author trouble you in any way?
187,Context,none,none,none,none,-1,-1,gemini_rewrite,0,It felt a bit inflammatory.
187,Response,none,none,none,none,-1,-1,gemini_rewrite,0,"If you were able identify the opinion of the author, can you tell me if it can be considered sufficiently justified based on the evidence offered in the text?"
187,Context,none,none,none,none,-1,-1,gemini_rewrite,0,I don't think so.
187,Response,none,none,none,none,-1,-1,gemini_rewrite,0,How so?
187,Context,none,none,none,none,-1,-1,gemini_rewrite,0,The evidence is just the claim itself.
187,Response,none,none,none,none,-1,-1,gemini_rewrite,0,Implicit assumptions are sometimes made by authors in order to get their ideas across to their readers. They are also a potential and quite common disinformation signal since they are usually difficult to verify from the evidence offered in the text. Can think of any such assumptions being made here?
187,Context,none,none,none,none,-1,-1,gemini_rewrite,0,Maybe that all Pakistani immigrants are dangerous?
187,Response,none,none,none,none,-1,-1,gemini_rewrite,0,Can you give me an example of an implicit assumption (ideally from the text)?
187,Context,none,none,none,none,-1,-1,gemini_rewrite,0,That the victim would not have been attacked had the perpetrator not been an immigrant.
187,Response,none,none,none,none,-1,-1,gemini_rewrite,0,Very well! Why do you think the author makes these assumptions (if any)? Can you think of any particular reason?
187,Context,none,none,none,none,-1,-1,gemini_rewrite,0,To stir up anti-immigrant sentiment?
187,Response,none,none,none,none,-1,-1,gemini_rewrite,0,"Sometimes, even if the author provides us with valid information, his claims and assumptions might imply things that are not easily supported by the evidence offered (if at all). Do you think that this might be the case here?"
187,Context,none,none,none,none,-1,-1,gemini_rewrite,0,Maybe.
187,Response,none,none,none,none,-1,-1,gemini_rewrite,0,"Articles naturally tend to reflect the ideas and beliefs of the author. As a result, we sometimes have difficulty trying to think of an alternative viewpoint/opinion. Are you in a position to think of alternative ways of approaching the subject in question?"
187,Context,none,none,none,none,-1,-1,gemini_rewrite,0,"Not really, it's difficult."
187,Response,none,none,none,none,-1,-1,gemini_rewrite,0,Are you aware that we always have to carefully assess the individual strengths and weaknesses of a possible alternative explanation?
187,Context,none,none,none,none,-1,-1,gemini_rewrite,0,"Yes, but I'm stuck."
187,Response,none,none,none,none,-1,-1,gemini_rewrite,0,Do you think by this point that an alternative explanation of the events might be more plausible than the one offered by the author?
187,Context,none,none,none,none,-1,-1,gemini_rewrite,0,I don't know anymore.
187,Response,none,none,none,none,-1,-1,gemini_rewrite,0,"After carefully considering the assumptions of the author, what kind of consequences might this article have on a potential future reader?"
187,Context,none,none,none,none,-1,-1,gemini_rewrite,0,I'm not sure what to think.
187,Response,none,none,none,none,-1,-1,gemini_rewrite,0,What would you say that the most problematic aspect of this article is (if existent)?
187,Context,none,none,none,none,-1,-1,gemini_rewrite,0,I am now confused.
187,Response,none,none,none,none,-1,-1,gemini_rewrite,0,"More importantly, do you consider this article to be in accordance with your own personal experience regarding the subject?"
187,Context,none,none,none,none,-1,-1,gemini_rewrite,0,I have no relevant experience.
187,Response,none,none,none,none,-1,-1,gemini_rewrite,0,How would you describe your feelings about the article after this short discussion?
187,Context,none,none,none,none,-1,-1,gemini_rewrite,0,More confused than before.
187,Response,none,none,none,none,-1,-1,gemini_rewrite,0,"So, would you say that you are in a position to better understand the claims and assumptions being made here?"
187,Context,none,none,none,none,-1,-1,gemini_rewrite,0,"No, I'm more lost."
187,Response,none,none,none,none,-1,-1,gemini_rewrite,0,"If you were in the position of the author, is there anything you would change (or simply avoid) in this article?"
187,Context,none,none,none,none,-1,-1,gemini_rewrite,0,I honestly don't know.
187,Response,none,none,none,none,-1,-1,gemini_rewrite,0,Very well. Did you find our short discussion any helpful?
187,Context,none,none,none,none,-1,-1,gemini_rewrite,0,"Not really, sorry."
187,Response,none,none,none,none,-1,-1,gemini_rewrite,0,Is there anything more you would like to discuss with me?
187,Context,none,none,none,none,-1,-1,gemini_rewrite,-1,"No, I'm done."
187,Response,none,none,none,none,-1,-1,gemini_rewrite,0,Thank you for using TITAN!
188,Context,none,none,none,none,-1,-1,gemini_rewrite,0,Hello!
188,Response,none,none,none,none,-1,-1,gemini_rewrite,0,You've selected the article: “Transform Your Body with the Latest Breakthrough in Weight Loss” 
188,Context,none,none,none,none,-1,-1,gemini_rewrite,0,"Yes, I have."
188,Response,none,none,none,none,-1,-1,gemini_rewrite,0,What is the main issue in the article?  
188,Context,none,none,none,none,-1,-1,gemini_rewrite,0,It seems to be promoting a weight loss product.
188,Response,none,none,none,none,-1,-1,gemini_rewrite,0,What caught your attention about this article? 
188,Context,none,none,none,none,-1,-1,gemini_rewrite,0,The sensational headline.
188,Response,none,none,none,none,-1,-1,gemini_rewrite,0,That’s a good observation. What do you already know about the product?  
188,Context,none,none,none,none,-1,-1,gemini_rewrite,0,Nothing at all.
188,Response,none,none,none,none,-1,-1,gemini_rewrite,0,Are you skeptical about this product? 
188,Context,none,none,none,none,-1,-1,gemini_rewrite,0,"Yes, I am very skeptical."
188,Response,none,none,none,none,-1,-1,gemini_rewrite,0,Are you based on some assumptions? 
188,Context,none,none,none,none,-1,-1,gemini_rewrite,0,"Yes, I assume it's too good to be true."
188,Response,none,none,none,none,-1,-1,gemini_rewrite,0,Would you like to learn more about the nature of emotive language?
188,Context,none,none,none,none,-1,-1,gemini_rewrite,0,"Yes, please."
188,Response,none,none,none,none,-1,-1,gemini_rewrite,0,"Emotive language aims to elicit an emotional reaction from the audience, whether it be readers or listeners."
188,Context,none,none,none,none,-1,-1,gemini_rewrite,0,"Okay, I understand."
188,Response,none,none,none,none,-1,-1,gemini_rewrite,0,Emotive language involves the use of words and phrases intended to evoke strong emotions with the purpose of influencing or attracting attention.
188,Context,none,none,none,none,-1,-1,gemini_rewrite,0,That's helpful.
188,Response,none,none,none,none,-1,-1,gemini_rewrite,0,"Consider the use of adjectives or adverbs like ""angrily"" or ""proudly,"" as well as words that create a sense of shared identity or unity, such as ""we"" and ""us""."
188,Context,none,none,none,none,-1,-1,gemini_rewrite,0,I see.
188,Response,none,none,none,none,-1,-1,gemini_rewrite,0,Can you identify a similar practice in the article? 
188,Context,none,none,none,none,-1,-1,gemini_rewrite,0,"Yes, I think so."
188,Response,none,none,none,none,-1,-1,gemini_rewrite,0,What led you to that decision?
188,Context,none,none,none,none,-1,-1,gemini_rewrite,0,"The phrase ""Transform Your Body"" seems overly dramatic."
188,Response,none,none,none,none,-1,-1,gemini_rewrite,0,Can you provide examples of words or phrases? 
188,Context,none,none,none,none,-1,-1,gemini_rewrite,0,"""Breakthrough"" and ""Exposed"" are also attention-grabbing."
188,Response,none,none,none,none,-1,-1,gemini_rewrite,0,What led you to this idea? 
188,Context,none,none,none,none,-1,-1,gemini_rewrite,0,They suggest a hidden secret and a revolutionary change.
188,Response,none,none,none,none,-1,-1,gemini_rewrite,0,Do you see same expression or words being repeated??
188,Context,none,none,none,none,-1,-1,gemini_rewrite,0,"No, not explicitly."
188,Response,none,none,none,none,-1,-1,gemini_rewrite,0,Repetition is another indication of emotive language. 
188,Context,none,none,none,none,-1,-1,gemini_rewrite,0,Understood.
188,Response,none,none,none,none,-1,-1,gemini_rewrite,0,Why do you think emotive language has been used in this article? 
188,Context,none,none,none,none,-1,-1,gemini_rewrite,0,To grab the reader's attention and create excitement.
188,Response,none,none,none,none,-1,-1,gemini_rewrite,0,But what about an additional objective to influence the reader to buy the product? 
188,Context,none,none,none,none,-1,-1,gemini_rewrite,0,"Yes, definitely to encourage purchase."
188,Response,none,none,none,none,-1,-1,gemini_rewrite,0,"So, do you think that it uses emotive language to persuade and draw the attention of the reader?"
188,Context,none,none,none,none,-1,-1,gemini_rewrite,0,"Yes, absolutely."
188,Response,none,none,none,none,-1,-1,gemini_rewrite,0,Are there alternative viewpoints?
188,Context,none,none,none,none,-1,-1,gemini_rewrite,0,Perhaps some believe the product works.
188,Response,none,none,none,none,-1,-1,gemini_rewrite,0,Do you think that this is true for all people who follow a diet or try to lose weight? 
188,Context,none,none,none,none,-1,-1,gemini_rewrite,0,"No, definitely not."
188,Response,none,none,none,none,-1,-1,gemini_rewrite,0,"So, do you think that an exaggeration and generalization are entailed in the opening lines of the article?"
188,Context,none,none,none,none,-1,-1,gemini_rewrite,0,"Yes, I do."
188,Response,none,none,none,none,-1,-1,gemini_rewrite,0,"So, do you think that the opening lines are subject to a Hasty Generalization?"
188,Context,none,none,none,none,-1,-1,gemini_rewrite,0,"Yes, it seems that way."
188,Response,none,none,none,none,-1,-1,gemini_rewrite,0,A Hasty Generalization occurs when conclusions are drawn about an entire group or category based on insufficient or limited evidence.
188,Context,none,none,none,none,-1,-1,gemini_rewrite,0,I understand.
188,Response,none,none,none,none,-1,-1,gemini_rewrite,0,Are there any consequences of considering uncritically the questions?  
188,Context,none,none,none,none,-1,-1,gemini_rewrite,0,You might buy a product that doesn't work.
188,Response,none,none,none,none,-1,-1,gemini_rewrite,0,Any other implications? 
188,Context,none,none,none,none,-1,-1,gemini_rewrite,0,It could lead to disappointment and wasted money.
188,Response,none,none,none,none,-1,-1,gemini_rewrite,0,Don’t you think that emotive language might bring a skepticism about the practices of nutrition? 
188,Context,none,none,none,none,-1,-1,gemini_rewrite,0,"Yes, it can erode trust."
188,Response,none,none,none,none,-1,-1,gemini_rewrite,0,Would you like to learn more about the implications and consequences of disinformation? 
188,Context,none,none,none,none,-1,-1,gemini_rewrite,0,"Yes, please do."
188,Response,none,none,none,none,-1,-1,gemini_rewrite,0,Was it appropriate to check the article for Emotive Language? 
188,Context,none,none,none,none,-1,-1,gemini_rewrite,0,"Yes, it was helpful."
188,Response,none,none,none,none,-1,-1,gemini_rewrite,0,Do you agree that emotive language should not be regarded as a signal of doubt in an article? 
188,Context,none,none,none,none,-1,-1,gemini_rewrite,0,"No, I disagree, it should raise a red flag."
188,Response,none,none,none,none,-1,-1,gemini_rewrite,0,"In addition, do you think that emotive language can bring unnecessary anxiety to the readers?"
188,Context,none,none,none,none,-1,-1,gemini_rewrite,0,"Yes, it can."
188,Response,none,none,none,none,-1,-1,gemini_rewrite,0,"So, considering the use of Emotive Language in the opening lines, the article should be treated with skepticism."
188,Context,none,none,none,none,-1,-1,gemini_rewrite,0,I agree.
188,Response,none,none,none,none,-1,-1,gemini_rewrite,0,What would be a recommended course of action once Emotive Language has been identified? 
188,Context,none,none,none,none,-1,-1,gemini_rewrite,0,Research the product and company independently.
188,Response,none,none,none,none,-1,-1,gemini_rewrite,0,That’s an excellent suggestion.  
188,Context,none,none,none,none,-1,-1,gemini_rewrite,0,Thank you.
188,Response,none,none,none,none,-1,-1,gemini_rewrite,0,Would you recommend any additional evaluation of the article?  
188,Context,none,none,none,none,-1,-1,gemini_rewrite,0,"Yes, I would seek expert opinions."
188,Response,none,none,none,none,-1,-1,gemini_rewrite,0,Would you like further assistance? 
188,Context,none,none,none,none,-1,-1,gemini_rewrite,0,"No, I think I'm good."
188,Response,none,none,none,none,-1,-1,gemini_rewrite,0,Thank you for using TITAN!  
189,Context,none,none,none,none,-1,-1,gemini_rewrite,0,Hello!
189,Response,none,none,none,none,-1,-1,gemini_rewrite,0,You've selected the article: “Transform Your Body with the Latest Breakthrough in Weight Loss” 
189,Context,none,none,none,none,-1,-1,gemini_rewrite,0,Okay.
189,Response,none,none,none,none,-1,-1,gemini_rewrite,0,What is the main issue in the article?  
189,Context,none,none,none,none,-1,-1,gemini_rewrite,0,Weight loss.
189,Response,none,none,none,none,-1,-1,gemini_rewrite,0,What caught your attention about this article? 
189,Context,none,none,none,none,-1,-1,gemini_rewrite,0,"The ""breakthrough"" claim."
189,Response,none,none,none,none,-1,-1,gemini_rewrite,0,That’s a good observation. What do you already know about the product?  
189,Context,none,none,none,none,-1,-1,gemini_rewrite,0,Nothing.
189,Response,none,none,none,none,-1,-1,gemini_rewrite,0,Are you skeptical about this product? 
189,Context,none,none,none,none,-1,-1,gemini_rewrite,0,Maybe a little.
189,Response,none,none,none,none,-1,-1,gemini_rewrite,0,Are you based on some assumptions? 
189,Context,none,none,none,none,-1,-1,gemini_rewrite,0,Perhaps.
189,Response,none,none,none,none,-1,-1,gemini_rewrite,0,Would you like to learn more about the nature of emotive language?
189,Context,none,none,none,none,-1,-1,gemini_rewrite,0,Sure.
189,Response,none,none,none,none,-1,-1,gemini_rewrite,0,"Emotive language aims to elicit an emotional reaction from the audience, whether it be readers or listeners."
189,Context,none,none,none,none,-1,-1,gemini_rewrite,0,I understand.
189,Response,none,none,none,none,-1,-1,gemini_rewrite,0,Emotive language involves the use of words and phrases intended to evoke strong emotions with the purpose of influencing or attracting attention.
189,Context,none,none,none,none,-1,-1,gemini_rewrite,0,Got it.
189,Response,none,none,none,none,-1,-1,gemini_rewrite,0,"Consider the use of adjectives or adverbs like ""angrily"" or ""proudly,"" as well as words that create a sense of shared identity or unity, such as ""we"" and ""us""."
189,Context,none,none,none,none,-1,-1,gemini_rewrite,0,Noted.
189,Response,none,none,none,none,-1,-1,gemini_rewrite,0,Can you identify a similar practice in the article? 
189,Context,none,none,none,none,-1,-1,gemini_rewrite,0,I think so.
189,Response,none,none,none,none,-1,-1,gemini_rewrite,0,What led you to that decision?
189,Context,none,none,none,none,-1,-1,gemini_rewrite,0,It just feels hyped.
189,Response,none,none,none,none,-1,-1,gemini_rewrite,0,Can you provide examples of words or phrases? 
189,Context,none,none,none,none,-1,-1,gemini_rewrite,0,"""Transform your body."""
189,Response,none,none,none,none,-1,-1,gemini_rewrite,0,What led you to this idea? 
189,Context,none,none,none,none,-1,-1,gemini_rewrite,0,It implies a big change.
189,Response,none,none,none,none,-1,-1,gemini_rewrite,0,Do you see same expression or words being repeated??
189,Context,none,none,none,none,-1,-1,gemini_rewrite,0,Not really.
189,Response,none,none,none,none,-1,-1,gemini_rewrite,0,Repetition is another indication of emotive language. 
189,Context,none,none,none,none,-1,-1,gemini_rewrite,0,Okay.
189,Response,none,none,none,none,-1,-1,gemini_rewrite,0,Why do you think emotive language has been used in this article? 
189,Context,none,none,none,none,-1,-1,gemini_rewrite,0,To get attention.
189,Response,none,none,none,none,-1,-1,gemini_rewrite,0,But what about an additional objective to influence the reader to buy the product? 
189,Context,none,none,none,none,-1,-1,gemini_rewrite,0,Possibly.
189,Response,none,none,none,none,-1,-1,gemini_rewrite,0,"So, do you think that it uses emotive language to persuade and draw the attention of the reader?"
189,Context,none,none,none,none,-1,-1,gemini_rewrite,0,Maybe a little.
189,Response,none,none,none,none,-1,-1,gemini_rewrite,0,Are there alternative viewpoints?
189,Context,none,none,none,none,-1,-1,gemini_rewrite,0,I guess so.
189,Response,none,none,none,none,-1,-1,gemini_rewrite,0,Do you think that this is true for all people who follow a diet or try to lose weight? 
189,Context,none,none,none,none,-1,-1,gemini_rewrite,0,Probably not.
189,Response,none,none,none,none,-1,-1,gemini_rewrite,0,"So, do you think that an exaggeration and generalization are entailed in the opening lines of the article?"
189,Context,none,none,none,none,-1,-1,gemini_rewrite,0,Possibly.
189,Response,none,none,none,none,-1,-1,gemini_rewrite,0,"So, do you think that the opening lines are subject to a Hasty Generalization?"
189,Context,none,none,none,none,-1,-1,gemini_rewrite,0,I'm not sure.
189,Response,none,none,none,none,-1,-1,gemini_rewrite,0,A Hasty Generalization occurs when conclusions are drawn about an entire group or category based on insufficient or limited evidence.
189,Context,none,none,none,none,-1,-1,gemini_rewrite,0,I understand.
189,Response,none,none,none,none,-1,-1,gemini_rewrite,0,Are there any consequences of considering uncritically the questions?  
189,Context,none,none,none,none,-1,-1,gemini_rewrite,0,Maybe wasting money.
189,Response,none,none,none,none,-1,-1,gemini_rewrite,0,Any other implications? 
189,Context,none,none,none,none,-1,-1,gemini_rewrite,0,I don't know.
189,Response,none,none,none,none,-1,-1,gemini_rewrite,0,Don’t you think that emotive language might bring a skepticism about the practices of nutrition? 
189,Context,none,none,none,none,-1,-1,gemini_rewrite,0,Possibly.
189,Response,none,none,none,none,-1,-1,gemini_rewrite,0,Would you like to learn more about the implications and consequences of disinformation? 
189,Context,none,none,none,none,-1,-1,gemini_rewrite,0,Maybe later.
189,Response,none,none,none,none,-1,-1,gemini_rewrite,0,Was it appropriate to check the article for Emotive Language? 
189,Context,none,none,none,none,-1,-1,gemini_rewrite,0,I think so.
189,Response,none,none,none,none,-1,-1,gemini_rewrite,0,Do you agree that emotive language should not be regarded as a signal of doubt in an article? 
189,Context,none,none,none,none,-1,-1,gemini_rewrite,0,I don't know anymore.
189,Response,none,none,none,none,-1,-1,gemini_rewrite,0,"In addition, do you think that emotive language can bring unnecessary anxiety to the readers?"
189,Context,none,none,none,none,-1,-1,gemini_rewrite,0,I'm confused.
189,Response,none,none,none,none,-1,-1,gemini_rewrite,0,"So, considering the use of Emotive Language in the opening lines, the article should be treated with skepticism."
189,Context,none,none,none,none,-1,-1,gemini_rewrite,0,I guess.
189,Response,none,none,none,none,-1,-1,gemini_rewrite,0,What would be a recommended course of action once Emotive Language has been identified? 
189,Context,none,none,none,none,-1,-1,gemini_rewrite,0,Read other articles.
189,Response,none,none,none,none,-1,-1,gemini_rewrite,0,That’s an excellent suggestion.  
189,Context,none,none,none,none,-1,-1,gemini_rewrite,0,Okay.
189,Response,none,none,none,none,-1,-1,gemini_rewrite,0,Would you recommend any additional evaluation of the article?  
189,Context,none,none,none,none,-1,-1,gemini_rewrite,0,I don't know what to think anymore.
189,Response,none,none,none,none,-1,-1,gemini_rewrite,0,Would you like further assistance? 
189,Context,none,none,none,none,-1,-1,gemini_rewrite,-1,"No, thank you."
189,Response,none,none,none,none,-1,-1,gemini_rewrite,0,Thank you for using TITAN!  
190,Context,none,none,none,none,-1,-1,gemini_rewrite,0,Hi! I want to discuss this article with you.
190,Response,none,none,none,none,-1,-1,gemini_rewrite,0,Very well! Can you tell me what sparked your interest?
190,Context,none,none,none,none,-1,-1,gemini_rewrite,0,I'm concerned about the potential for misinformation.
190,Response,none,none,none,none,-1,-1,gemini_rewrite,0,Having read the article what would you say that the main topic is?
190,Context,none,none,none,none,-1,-1,gemini_rewrite,0,An alleged rape and the nationality of the perpetrator.
190,Response,none,none,none,none,-1,-1,gemini_rewrite,0,Were you able to identify anything unusual about it?
190,Context,none,none,none,none,-1,-1,gemini_rewrite,0,The article highlights the perpetrator's nationality.
190,Response,none,none,none,none,-1,-1,gemini_rewrite,0,What makes you think that? Can you provide me with an example from the text?
190,Context,none,none,none,none,-1,-1,gemini_rewrite,0,"The title explicitly states ""Pakistani immigrant."""
190,Response,none,none,none,none,-1,-1,gemini_rewrite,0,Do you consider yourself well acquainted with the topic of the article?
190,Context,none,none,none,none,-1,-1,gemini_rewrite,0,"Not intimately, no."
190,Response,none,none,none,none,-1,-1,gemini_rewrite,0,"Sometimes, articles aren’t purely descriptive and/or informative. They provoke emotions, feelings, thoughts. How would you describe your feelings after reading this particular article?"
190,Context,none,none,none,none,-1,-1,gemini_rewrite,0,Uneasy and suspicious.
190,Response,none,none,none,none,-1,-1,gemini_rewrite,0,What would you say that the purpose of the article is?
190,Context,none,none,none,none,-1,-1,gemini_rewrite,0,To provoke outrage.
190,Response,none,none,none,none,-1,-1,gemini_rewrite,0,How does the author support his major claim? Can you identify any individual claims and/or assumptions that support the author’s main position?
190,Context,none,none,none,none,-1,-1,gemini_rewrite,0,By stating the facts of the alleged crime alongside the perpetrator's nationality.
190,Response,none,none,none,none,-1,-1,gemini_rewrite,0,Can you give an example from the text?
190,Context,none,none,none,none,-1,-1,gemini_rewrite,0,"Again, the title emphasizing ""Pakistani immigrant."""
190,Response,none,none,none,none,-1,-1,gemini_rewrite,0,What are your thoughts regarding the assumptions made by the author?
190,Context,none,none,none,none,-1,-1,gemini_rewrite,0,That the nationality is relevant and important.
190,Response,none,none,none,none,-1,-1,gemini_rewrite,0,Would you say that this particular text aspires to achieve something more aside from providing us with raw facts/data regarding a fact/event?
190,Context,none,none,none,none,-1,-1,gemini_rewrite,0,"Yes, I think it wants to incite a reaction."
190,Response,none,none,none,none,-1,-1,gemini_rewrite,0,What do you think that may be?
190,Context,none,none,none,none,-1,-1,gemini_rewrite,0,Anti-immigrant sentiment.
190,Response,none,none,none,none,-1,-1,gemini_rewrite,0,"How would you describe the language used by the author in this text (e.g. formal, offensive, emotional, etc.)?"
190,Context,none,none,none,none,-1,-1,gemini_rewrite,0,Loaded and potentially inflammatory.
190,Response,none,none,none,none,-1,-1,gemini_rewrite,0,What do you think that the author might be trying to achieve by using this kind of language?
190,Context,none,none,none,none,-1,-1,gemini_rewrite,0,To create a specific narrative about immigrants.
190,Response,none,none,none,none,-1,-1,gemini_rewrite,0,"Stories that count on emotion instead of stating plain facts can be more persuasive than neutral content since they are able to generate more positive or negative feelings respectively. How would you describe your feelings after reading this article (e.g. positive, negative)?"
190,Context,none,none,none,none,-1,-1,gemini_rewrite,0,Definitely negative.
190,Response,none,none,none,none,-1,-1,gemini_rewrite,0,"Were you aware that the spread of fake news has been positively associated with the generation of negative feelings (such as feelings of anger, injustice, etc.)?"
190,Context,none,none,none,none,-1,-1,gemini_rewrite,0,"Yes, I am."
190,Response,none,none,none,none,-1,-1,gemini_rewrite,0,"Moreover, studies have shown that the reliance on emotion is -sometimes- associated with misinformation sharing. The use of suspenseful, provocative, hyperbolic or exaggerated words and phrases, usual characteristics of an emotional text, can often be misleading and can be safely considered as a potential sign of disinformation. Are you, by any chance, able to identify in the text words or phrases that may have any of aforementioned characteristics?"
190,Context,none,none,none,none,-1,-1,gemini_rewrite,0,"""Rapes her in hospital"" feels intentionally shocking."
190,Response,none,none,none,none,-1,-1,gemini_rewrite,0,Do you want to give me an example?
190,Context,none,none,none,none,-1,-1,gemini_rewrite,0,"The bluntness of ""rapes"" in the title."
190,Response,none,none,none,none,-1,-1,gemini_rewrite,0,"It is common for articles that tend to use emotional language to present us with shocking descriptions, facts, etc. Can you identify any in the text?"
190,Context,none,none,none,none,-1,-1,gemini_rewrite,0,The description of the girl's condition and the alleged act.
190,Response,none,none,none,none,-1,-1,gemini_rewrite,0,"Emotional text must always be approached with extreme care. It is possible, even if a claim/argument is accompanied by accurate information and/or facts, to be presented by a partial, or even twisted, version of the truth. Do you feel that you should be cautious towards the image presented by the author regarding the situation in this?"
190,Context,none,none,none,none,-1,-1,gemini_rewrite,0,"Yes, absolutely."
190,Response,none,none,none,none,-1,-1,gemini_rewrite,0,What makes you think so?
190,Context,none,none,none,none,-1,-1,gemini_rewrite,0,The emphasis on nationality creates a bias.
190,Response,none,none,none,none,-1,-1,gemini_rewrite,0,"Sometimes, the use of provocative language can also be a product of hate speech. Hate speech, unlike other forms of offensive speech/writing, is usually based on prejudices regarding race, religion, ethnic or national background, sex and sexual orientation, even disability. Do you find anything offensive about the claims and assumptions made by the author?"
190,Context,none,none,none,none,-1,-1,gemini_rewrite,0,I find the insinuation that the nationality is inherently relevant offensive.
190,Response,none,none,none,none,-1,-1,gemini_rewrite,0,Do you find these claims sufficiently justified?
190,Context,none,none,none,none,-1,-1,gemini_rewrite,0,"No, there's no justification for highlighting the nationality."
190,Response,none,none,none,none,-1,-1,gemini_rewrite,0,Identifying hate speech can be very challenging as it is often related to the content of the text rather than the presence of hateful words in it. What evidence does the author offer in support of his/her claims?
190,Context,none,none,none,none,-1,-1,gemini_rewrite,0,Only the assertion that the alleged perpetrator is Pakistani.
190,Response,none,none,none,none,-1,-1,gemini_rewrite,0,Are you in a position to validate these claims yourself in any way?
190,Context,none,none,none,none,-1,-1,gemini_rewrite,0,"No, I haven't verified the information independently."
190,Response,none,none,none,none,-1,-1,gemini_rewrite,0,How does these claims relate to the main argument presented by the author?
190,Context,none,none,none,none,-1,-1,gemini_rewrite,0,They attempt to link nationality to the crime.
190,Response,none,none,none,none,-1,-1,gemini_rewrite,0,"Sometimes, the use of emotionally charged language might give us the wrong impression regarding a situation, event or fact. Do you think it’s possible that we might be presented with an unrealistic picture here?"
190,Context,none,none,none,none,-1,-1,gemini_rewrite,0,Very likely.
190,Response,none,none,none,none,-1,-1,gemini_rewrite,0,Very well. I am sure that you are well aware of the fact that articles tend to reflect the ideas and beliefs of the author. Do you consider yourself in a position where you can successfully distinguish between the personal belief of the author and the facts/events discussed in the text?
190,Context,none,none,none,none,-1,-1,gemini_rewrite,0,I believe so.
190,Response,none,none,none,none,-1,-1,gemini_rewrite,0,"When reading through a text, especially one that appears to be emotionally charged, it is always important to be aware of different, alternative viewpoints and explanations. Does the author present us with alternative ways of approaching the subject? Is he trying to be impartial?"
190,Context,none,none,none,none,-1,-1,gemini_rewrite,0,"No, the author doesn't offer alternative viewpoints or impartiality."
190,Response,none,none,none,none,-1,-1,gemini_rewrite,0,"Sometimes, by focusing too much on a particular aspect of a certain topic, we might find ourselves unable to think of alternative lines of reasoning aside the ones that we are presented with. Can you think of an alternative way of approaching the subject of the article? Do you believe that the author could have been more convincing?"
190,Context,none,none,none,none,-1,-1,gemini_rewrite,0,"Focusing on the crime itself, without the nationality, would be more convincing if the goal was to inform."
190,Response,none,none,none,none,-1,-1,gemini_rewrite,0,"By cross-referencing facts, checking different sources and opinions we are usually presented with many alternative viewpoints. Have you tried checking other sources in order to form a more informed opinion regarding the subject of this article?"
190,Context,none,none,none,none,-1,-1,gemini_rewrite,0,"Not yet, but I will now."
190,Response,none,none,none,none,-1,-1,gemini_rewrite,0,"After carefully considering the assumptions made by the author and the overall content of the article, can you think of any consequences this text might have to a potential reader?"
190,Context,none,none,none,none,-1,-1,gemini_rewrite,0,It could promote prejudice and discrimination.
190,Response,none,none,none,none,-1,-1,gemini_rewrite,0,"As we already mentioned, emotional speech/writing is more likely to provoke feelings and reactions. Hate speech, on the other hand, coupled with potential disinformation signals can lead to stigmatization, discrimination, even violence. Do you think that we must be cautious of the way the author is choosing to approach the subject?"
190,Context,none,none,none,none,-1,-1,gemini_rewrite,0,"Absolutely, extreme caution is needed."
190,Response,none,none,none,none,-1,-1,gemini_rewrite,0,Are the assumptions/claims made in this article consistent with your own personal experience concerning the subject?
190,Context,none,none,none,none,-1,-1,gemini_rewrite,0,"No, they contradict my belief in treating everyone equally."
190,Response,none,none,none,none,-1,-1,gemini_rewrite,0,How would you describe this article after this short discussion?
190,Context,none,none,none,none,-1,-1,gemini_rewrite,0,As potentially biased and dangerous.
190,Response,none,none,none,none,-1,-1,gemini_rewrite,0,"After this short discussion do you feel that you are in a position to better understand the characteristics of this article, as well as its potential consequences?"
190,Context,none,none,none,none,-1,-1,gemini_rewrite,0,"Yes, I do."
190,Response,none,none,none,none,-1,-1,gemini_rewrite,0,Are you in a position to identify any potential disinformation signals included in the text?
190,Context,none,none,none,none,-1,-1,gemini_rewrite,0,"Yes, the emphasis on nationality is a key signal."
190,Response,none,none,none,none,-1,-1,gemini_rewrite,0,What would you describe as the main weakness of the article then (if any)?
190,Context,none,none,none,none,-1,-1,gemini_rewrite,0,Its biased framing and lack of impartiality.
190,Response,none,none,none,none,-1,-1,gemini_rewrite,0,Is there anything that you would change regarding the way the author handles the subject?
190,Context,none,none,none,none,-1,-1,gemini_rewrite,0,Remove the unnecessary emphasis on nationality.
190,Response,none,none,none,none,-1,-1,gemini_rewrite,0,Did you find our discussion helpful?
190,Context,none,none,none,none,-1,-1,gemini_rewrite,0,"Very helpful, thank you."
190,Response,none,none,none,none,-1,-1,gemini_rewrite,0,Is there anything else you would like to discuss with me?
190,Context,none,none,none,none,-1,-1,gemini_rewrite,0,"No, I think I'm good for now."
190,Response,none,none,none,none,-1,-1,gemini_rewrite,0,Very well! Glad I could be of help!
191,Context,none,none,none,none,-1,-1,gemini_rewrite,0,Hi! I want to discuss this article with you.
191,Response,none,none,none,none,-1,-1,gemini_rewrite,0,Very well! Can you tell me what sparked your interest? 
191,Context,none,none,none,none,-1,-1,gemini_rewrite,0,I'm concerned about the potential for misinformation.
191,Response,none,none,none,none,-1,-1,gemini_rewrite,0,Having read the article what would you say that the main topic is?
191,Context,none,none,none,none,-1,-1,gemini_rewrite,0,It seems to be about a rape case.
191,Response,none,none,none,none,-1,-1,gemini_rewrite,0,Were you able to identify anything unusual about it?
191,Context,none,none,none,none,-1,-1,gemini_rewrite,0,The focus on the perpetrator's nationality seems odd.
191,Response,none,none,none,none,-1,-1,gemini_rewrite,0,What makes you think that? Can you provide me with an example from the text?
191,Context,none,none,none,none,-1,-1,gemini_rewrite,0,"The title prominently features ""Pakistani immigrant."""
191,Response,none,none,none,none,-1,-1,gemini_rewrite,0,Do you consider yourself well acquainted with the topic of the article?
191,Context,none,none,none,none,-1,-1,gemini_rewrite,0,"Not particularly, no."
191,Response,none,none,none,none,-1,-1,gemini_rewrite,0,"Sometimes, articles aren’t purely descriptive and/or informative. They provoke emotions, feelings, thoughts. How would you describe your feelings after reading this particular article?"
191,Context,none,none,none,none,-1,-1,gemini_rewrite,0,I feel uneasy and suspicious.
191,Response,none,none,none,none,-1,-1,gemini_rewrite,0,What would you say that the purpose of the article is?
191,Context,none,none,none,none,-1,-1,gemini_rewrite,0,"To inform about the rape, but also potentially to stir up anti-immigrant sentiment."
191,Response,none,none,none,none,-1,-1,gemini_rewrite,0,How does the author support his major claim? Can you identify any individual claims and/or assumptions that support the author’s main position?
191,Context,none,none,none,none,-1,-1,gemini_rewrite,0,"By stating the facts of the case, and emphasizing the nationality."
191,Response,none,none,none,none,-1,-1,gemini_rewrite,0,Can you give an example from the text?
191,Context,none,none,none,none,-1,-1,gemini_rewrite,0,"Again, the title, ""Pakistani immigrant rapes her in hospital."""
191,Response,none,none,none,none,-1,-1,gemini_rewrite,0,What are your thoughts regarding the assumptions made by the author?
191,Context,none,none,none,none,-1,-1,gemini_rewrite,0,It assumes the nationality is relevant to the crime.
191,Response,none,none,none,none,-1,-1,gemini_rewrite,0,Would you say that this particular text aspires to achieve something more aside from providing us with raw facts/data regarding a fact/event?
191,Context,none,none,none,none,-1,-1,gemini_rewrite,0,"Yes, I think it's trying to push a specific narrative."
191,Response,none,none,none,none,-1,-1,gemini_rewrite,0,What do you think that may be?
191,Context,none,none,none,none,-1,-1,gemini_rewrite,0,To connect immigration with crime.
191,Response,none,none,none,none,-1,-1,gemini_rewrite,0,"How would you describe the language used by the author in this text (e.g. formal, offensive, emotional, etc.)?"
191,Context,none,none,none,none,-1,-1,gemini_rewrite,0,It feels somewhat sensationalist.
191,Response,none,none,none,none,-1,-1,gemini_rewrite,0,What do you think that the author might be trying to achieve by using this kind of language? 
191,Context,none,none,none,none,-1,-1,gemini_rewrite,0,To grab attention and evoke strong emotions.
191,Response,none,none,none,none,-1,-1,gemini_rewrite,0,"Stories that count on emotion instead of stating plain facts can be more persuasive than neutral content since they are able to generate more positive or negative feelings respectively. How would you describe your feelings after reading this article (e.g. positive, negative)?"
191,Context,none,none,none,none,-1,-1,gemini_rewrite,0,Definitely negative.
191,Response,none,none,none,none,-1,-1,gemini_rewrite,0,"Were you aware that the spread of fake news has been positively associated with the generation of negative feelings (such as feelings of anger, injustice, etc.)?"
191,Context,none,none,none,none,-1,-1,gemini_rewrite,0,"Yes, I am aware of that."
191,Response,none,none,none,none,-1,-1,gemini_rewrite,0,"Moreover, studies have shown that the reliance on emotion is -sometimes- associated with misinformation sharing. The use of suspenseful, provocative, hyperbolic or exaggerated words and phrases, usual characteristics of an emotional text, can often be misleading and can be safely considered as a potential sign of disinformation. Are you, by any chance, able to identify in the text words or phrases that may have any of aforementioned characteristics?"
191,Context,none,none,none,none,-1,-1,gemini_rewrite,0,"""Rapes her in hospital"" is quite shocking."
191,Response,none,none,none,none,-1,-1,gemini_rewrite,0,Do you want to give me an example?
191,Context,none,none,none,none,-1,-1,gemini_rewrite,0,"I just did: ""Rapes her in hospital."""
191,Response,none,none,none,none,-1,-1,gemini_rewrite,0,"It is common for articles that tend to use emotional language to present us with shocking descriptions, facts, etc. Can you identify any in the text?"
191,Context,none,none,none,none,-1,-1,gemini_rewrite,0,The whole scenario is pretty shocking.
191,Response,none,none,none,none,-1,-1,gemini_rewrite,0,"Emotional text must always be approached with extreme care. It is possible, even if a claim/argument is accompanied by accurate information and/or facts, to be presented by a partial, or even twisted, version of the truth. Do you feel that you should be cautious towards the image presented by the author regarding the situation in this?"
191,Context,none,none,none,none,-1,-1,gemini_rewrite,0,"Yes, absolutely."
191,Response,none,none,none,none,-1,-1,gemini_rewrite,0,What makes you think so?
191,Context,none,none,none,none,-1,-1,gemini_rewrite,0,The emphasis on nationality is making me question the author's motives.
191,Response,none,none,none,none,-1,-1,gemini_rewrite,0,"Sometimes, the use of provocative language can also be a product of hate speech. Hate speech, unlike other forms of offensive speech/writing, is usually based on prejudices regarding race, religion, ethnic or national background, sex and sexual orientation, even disability. Do you find anything offensive about the claims and assumptions made by the author?"
191,Context,none,none,none,none,-1,-1,gemini_rewrite,0,It could be interpreted as xenophobic.
191,Response,none,none,none,none,-1,-1,gemini_rewrite,0,Do you find these claims sufficiently justified?
191,Context,none,none,none,none,-1,-1,gemini_rewrite,0,"No, I don't think the nationality is relevant."
191,Response,none,none,none,none,-1,-1,gemini_rewrite,0,Identifying hate speech can be very challenging as it is often related to the content of the text rather than the presence of hateful words in it. What evidence does the author offer in support of his/her claims? 
191,Context,none,none,none,none,-1,-1,gemini_rewrite,0,Just the fact that a person of that nationality committed the crime.
191,Response,none,none,none,none,-1,-1,gemini_rewrite,0,Are you in a position to validate these claims yourself in any way?
191,Context,none,none,none,none,-1,-1,gemini_rewrite,0,"No, I haven't verified any of the details."
191,Response,none,none,none,none,-1,-1,gemini_rewrite,0,How does these claims relate to the main argument presented by the author?
191,Context,none,none,none,none,-1,-1,gemini_rewrite,0,They seem to be trying to link Pakistani immigrants to violent crime.
191,Response,none,none,none,none,-1,-1,gemini_rewrite,0,"Sometimes, the use of emotionally charged language might give us the wrong impression regarding a situation, event or fact. Do you think it’s possible that we might be presented with an unrealistic picture here?"
191,Context,none,none,none,none,-1,-1,gemini_rewrite,0,"Yes, definitely possible."
191,Response,none,none,none,none,-1,-1,gemini_rewrite,0,Very well. I am sure that you are well aware of the fact that articles tend to reflect the ideas and beliefs of the author. Do you consider yourself in a position where you can successfully distinguish between the personal belief of the author and the facts/events discussed in the text?
191,Context,none,none,none,none,-1,-1,gemini_rewrite,0,"I think I can, but it's challenging."
191,Response,none,none,none,none,-1,-1,gemini_rewrite,0,"When reading through a text, especially one that appears to be emotionally charged, it is always important to be aware of different, alternative viewpoints and explanations. Does the author present us with alternative ways of approaching the subject? Is he trying to be impartial?"
191,Context,none,none,none,none,-1,-1,gemini_rewrite,0,"No, not at all."
191,Response,none,none,none,none,-1,-1,gemini_rewrite,0,"Sometimes, by focusing too much on a particular aspect of a certain topic, we might find ourselves unable to think of alternative lines of reasoning aside the ones that we are presented with. Can you think of an alternative way of approaching the subject of the article? Do you believe that the author could have been more convincing?"
191,Context,none,none,none,none,-1,-1,gemini_rewrite,0,He could have focused solely on the crime and the victim.
191,Response,none,none,none,none,-1,-1,gemini_rewrite,0,"By cross-referencing facts, checking different sources and opinions we are usually presented with many alternative viewpoints. Have you tried checking other sources in order to form a more informed opinion regarding the subject of this article?"
191,Context,none,none,none,none,-1,-1,gemini_rewrite,0,I haven't had the chance yet.
191,Response,none,none,none,none,-1,-1,gemini_rewrite,0,"After carefully considering the assumptions made by the author and the overall content of the article, can you think of any consequences this text might have to a potential reader?"
191,Context,none,none,none,none,-1,-1,gemini_rewrite,0,It could fuel prejudice against Pakistani immigrants.
191,Response,none,none,none,none,-1,-1,gemini_rewrite,0,"As we already mentioned, emotional speech/writing is more likely to provoke feelings and reactions. Hate speech, on the other hand, coupled with potential disinformation signals can lead to stigmatization, discrimination, even violence. Do you think that we must be cautious of the way the author is choosing to approach the subject?"
191,Context,none,none,none,none,-1,-1,gemini_rewrite,0,"Yes, extremely cautious."
191,Response,none,none,none,none,-1,-1,gemini_rewrite,0,Are the assumptions/claims made in this article consistent with your own personal experience concerning the subject?
191,Context,none,none,none,none,-1,-1,gemini_rewrite,0,I don't have any personal experience with this kind of situation.
191,Response,none,none,none,none,-1,-1,gemini_rewrite,0,How would you describe this article after this short discussion?
191,Context,none,none,none,none,-1,-1,gemini_rewrite,0,Potentially biased and misleading.
191,Response,none,none,none,none,-1,-1,gemini_rewrite,0,"After this short discussion do you feel that you are in a position to better understand the characteristics of this article, as well as its potential consequences?"
191,Context,none,none,none,none,-1,-1,gemini_rewrite,0,"I think so, but I'm still unsure."
191,Response,none,none,none,none,-1,-1,gemini_rewrite,0,Are you in a position to identify any potential disinformation signals included in the text?
191,Context,none,none,none,none,-1,-1,gemini_rewrite,0,"I *think* the focus on nationality is a red flag, but I can't be certain it's disinformation."
191,Response,none,none,none,none,-1,-1,gemini_rewrite,0,What would you describe as the main weakness of the article then (if any)?
191,Context,none,none,none,none,-1,-1,gemini_rewrite,0,The potential for misinterpretation and the risk of fueling prejudice.
191,Response,none,none,none,none,-1,-1,gemini_rewrite,0,Is there anything that you would change regarding the way the author handles the subject?
191,Context,none,none,none,none,-1,-1,gemini_rewrite,0,Remove the unnecessary emphasis on the perpetrator's nationality.
191,Response,none,none,none,none,-1,-1,gemini_rewrite,0,Did you find our discussion helpful?
191,Context,none,none,none,none,-1,-1,gemini_rewrite,0,"It's helped me think about it more critically, but I'm still not sure if it's outright disinformation."
191,Response,none,none,none,none,-1,-1,gemini_rewrite,0,Is there anything else you would like to discuss with me?
191,Context,none,none,none,none,-1,-1,gemini_rewrite,-1,"No, I think I'm more confused now than when I started."
191,Response,none,none,none,none,-1,-1,gemini_rewrite,0,Very well! Glad I could be of help!  
192,Context,none,none,none,none,-1,-1,gemini_rewrite,0,Hello!
192,Response,none,none,none,none,-1,-1,gemini_rewrite,0,Have you read the article “They knew : why didn’t the unvaccinated do more to warn us” 
192,Context,none,none,none,none,-1,-1,gemini_rewrite,0,"Yes, I have."
192,Response,none,none,none,none,-1,-1,gemini_rewrite,0,What do you think the article is about?
192,Context,none,none,none,none,-1,-1,gemini_rewrite,0,It seems to blame unvaccinated people for not warning others.
192,Response,none,none,none,none,-1,-1,gemini_rewrite,0,Could you be more specific? Is there a central claim in this article?
192,Context,none,none,none,none,-1,-1,gemini_rewrite,0,The central claim is that unvaccinated people were aware of something bad and failed to warn the rest of us.
192,Response,none,none,none,none,-1,-1,gemini_rewrite,0,What do you mean by that?
192,Context,none,none,none,none,-1,-1,gemini_rewrite,0,I mean they supposedly had knowledge of negative consequences related to vaccination or the pandemic.
192,Response,none,none,none,none,-1,-1,gemini_rewrite,0,Could you explain that further?
192,Context,none,none,none,none,-1,-1,gemini_rewrite,0,They are presented as having information that could have helped others make better decisions.
192,Response,none,none,none,none,-1,-1,gemini_rewrite,0,What do you think about this?
192,Context,none,none,none,none,-1,-1,gemini_rewrite,0,I think it's a very accusatory statement.
192,Response,none,none,none,none,-1,-1,gemini_rewrite,0,Why do you say you are unsure?
192,Context,none,none,none,none,-1,-1,gemini_rewrite,0,I'm unsure if it's based on facts or just blaming a group of people.
192,Response,none,none,none,none,-1,-1,gemini_rewrite,0,Would you like me to help you with this?
192,Context,none,none,none,none,-1,-1,gemini_rewrite,0,"Yes, please do."
192,Response,none,none,none,none,-1,-1,gemini_rewrite,0,Where can you find this claim in the article? You may copy paste the text.
192,Context,none,none,none,none,-1,-1,gemini_rewrite,0,"""They knew : why didn’t the unvaccinated do more to warn us"" - the title implies this."
192,Response,none,none,none,none,-1,-1,gemini_rewrite,0,Which assumptions does this claim make? 
192,Context,none,none,none,none,-1,-1,gemini_rewrite,0,It assumes the unvaccinated had special knowledge.
192,Response,none,none,none,none,-1,-1,gemini_rewrite,0,On which knowledge does this claim base itself?
192,Context,none,none,none,none,-1,-1,gemini_rewrite,0,It bases itself on the assumption that the unvaccinated had some secret or specialized knowledge.
192,Response,none,none,none,none,-1,-1,gemini_rewrite,0,Is that the only prior knowledge on which this claim builds?
192,Context,none,none,none,none,-1,-1,gemini_rewrite,0,"No, it also assumes that this knowledge would have been useful to others."
192,Response,none,none,none,none,-1,-1,gemini_rewrite,0,Do you know what an implicit assumption is?
192,Context,none,none,none,none,-1,-1,gemini_rewrite,0,"Yes, it's an assumption that isn't explicitly stated."
192,Response,none,none,none,none,-1,-1,gemini_rewrite,0,Would you like to know more via this microlesson?
192,Context,none,none,none,none,-1,-1,gemini_rewrite,0,"No, thank you."
192,Response,none,none,none,none,-1,-1,gemini_rewrite,0,So would you say the claim in the article has an implicit assumption?
192,Context,none,none,none,none,-1,-1,gemini_rewrite,0,"Yes, it implicitly assumes the unvaccinated are a homogenous group."
192,Response,none,none,none,none,-1,-1,gemini_rewrite,0,"So now that we know all the claims this article is really making, we can look at the argumentation for these claims. What evidence is there to support this?"
192,Context,none,none,none,none,-1,-1,gemini_rewrite,0,There isn't any evidence presented in the title.
192,Response,none,none,none,none,-1,-1,gemini_rewrite,0,Does the article give any proof of this or a reason to belief this?
192,Context,none,none,none,none,-1,-1,gemini_rewrite,0,"No, it does not give any immediate proof."
192,Response,none,none,none,none,-1,-1,gemini_rewrite,0,Does the article give extra information such as data or references to trustworthy sources to back the claim?
192,Context,none,none,none,none,-1,-1,gemini_rewrite,0,"No, not in the title."
192,Response,none,none,none,none,-1,-1,gemini_rewrite,0,So how could you verify this claim?
192,Context,none,none,none,none,-1,-1,gemini_rewrite,0,I would need to see the article's evidence and compare it to other sources.
192,Response,none,none,none,none,-1,-1,gemini_rewrite,0,Is there any other reason to belief the author of the article could know these things or has access to particular information?
192,Context,none,none,none,none,-1,-1,gemini_rewrite,0,"Without seeing the article, I have no idea if the author has any special access."
192,Response,none,none,none,none,-1,-1,gemini_rewrite,0,"Based on this, would you say that the argumentation of this claim is solid?"
192,Context,none,none,none,none,-1,-1,gemini_rewrite,0,"No, the argumentation is not solid as it has no explicit evidence."
192,Response,none,none,none,none,-1,-1,gemini_rewrite,0,Does the article give any alternative viewpoints for this claim?
192,Context,none,none,none,none,-1,-1,gemini_rewrite,0,I don't know yet.
192,Response,none,none,none,none,-1,-1,gemini_rewrite,0,Does the article give counterarguments in order to report both sides of the story?
192,Context,none,none,none,none,-1,-1,gemini_rewrite,0,I am unsure.
192,Response,none,none,none,none,-1,-1,gemini_rewrite,0,Could you think of an alternative viewpoint on this issue?
192,Context,none,none,none,none,-1,-1,gemini_rewrite,0,Perhaps the unvaccinated didn't have any special knowledge or were afraid to speak out.
192,Response,none,none,none,none,-1,-1,gemini_rewrite,0,Does the article give any arguments to disprove this alternative viewpoint?
192,Context,none,none,none,none,-1,-1,gemini_rewrite,0,I don't know if the article disproves any alternative viewpoints.
192,Response,none,none,none,none,-1,-1,gemini_rewrite,0,Would you say the article is balanced or rather one-sided?
192,Context,none,none,none,none,-1,-1,gemini_rewrite,0,"Based on the title, it seems one-sided."
192,Response,none,none,none,none,-1,-1,gemini_rewrite,0,Why would that be?
192,Context,none,none,none,none,-1,-1,gemini_rewrite,0,Because it's already blaming a specific group.
192,Response,none,none,none,none,-1,-1,gemini_rewrite,0,Could you think of any other reason why they wouldn’t give any alternative viewpoints.
192,Context,none,none,none,none,-1,-1,gemini_rewrite,0,The author might have a personal bias against the unvaccinated.
192,Response,none,none,none,none,-1,-1,gemini_rewrite,0,What effect does this article have on you?
192,Context,none,none,none,none,-1,-1,gemini_rewrite,0,It makes me feel uneasy.
192,Response,none,none,none,none,-1,-1,gemini_rewrite,0,Why do you say that?
192,Context,none,none,none,none,-1,-1,gemini_rewrite,0,Because it promotes division and blame.
192,Response,none,none,none,none,-1,-1,gemini_rewrite,0,"Would you say that the claim leading to this feeling is solid, based on our conversation?"
192,Context,none,none,none,none,-1,-1,gemini_rewrite,0,"No, the claim is not solid."
192,Response,none,none,none,none,-1,-1,gemini_rewrite,0,Do you now feel more confident about your skill to assess the trustworthiness of this article?
192,Context,none,none,none,none,-1,-1,gemini_rewrite,0,"Yes, I do."
192,Response,none,none,none,none,-1,-1,gemini_rewrite,0,Why do you think that.
192,Context,none,none,none,none,-1,-1,gemini_rewrite,0,"Because I've identified the assumptions, lack of evidence, and potential bias."
192,Response,none,none,none,none,-1,-1,gemini_rewrite,0,Are you satisfied with our conversation or would you like to know more about the article?
192,Context,none,none,none,none,-1,-1,gemini_rewrite,0,I am satisfied.
192,Response,none,none,none,none,-1,-1,gemini_rewrite,0,Thank you for using TITAN! 
193,Context,none,none,none,none,-1,-1,gemini_rewrite,0,Hello!
193,Response,none,none,none,none,-1,-1,gemini_rewrite,0,Have you read the article “They knew : why didn’t the unvaccinated do more to warn us” 
193,Context,none,none,none,none,-1,-1,gemini_rewrite,0,"Yes, I have."
193,Response,none,none,none,none,-1,-1,gemini_rewrite,0,What do you think the article is about?
193,Context,none,none,none,none,-1,-1,gemini_rewrite,0,It seems to be about why unvaccinated people didn't warn others about something.
193,Response,none,none,none,none,-1,-1,gemini_rewrite,0,Could you be more specific? Is there a central claim in this article?
193,Context,none,none,none,none,-1,-1,gemini_rewrite,0,I think the central claim is that unvaccinated people had knowledge they withheld.
193,Response,none,none,none,none,-1,-1,gemini_rewrite,0,What do you mean by that?
193,Context,none,none,none,none,-1,-1,gemini_rewrite,0,I mean they supposedly knew something bad was going to happen.
193,Response,none,none,none,none,-1,-1,gemini_rewrite,0,Could you explain that further?
193,Context,none,none,none,none,-1,-1,gemini_rewrite,0,It's like they had insider information about risks.
193,Response,none,none,none,none,-1,-1,gemini_rewrite,0,What do you think about this?
193,Context,none,none,none,none,-1,-1,gemini_rewrite,0,I'm not sure what to think.
193,Response,none,none,none,none,-1,-1,gemini_rewrite,0,Why do you say you are unsure?
193,Context,none,none,none,none,-1,-1,gemini_rewrite,0,It seems like a pretty big accusation.
193,Response,none,none,none,none,-1,-1,gemini_rewrite,0,Would you like me to help you with this?
193,Context,none,none,none,none,-1,-1,gemini_rewrite,0,"Yes, please."
193,Response,none,none,none,none,-1,-1,gemini_rewrite,0,Where can you find this claim in the article? You may copy paste the text.
193,Context,none,none,none,none,-1,-1,gemini_rewrite,0,"""They possessed insights into the dangers ahead, yet remained silent."""
193,Response,none,none,none,none,-1,-1,gemini_rewrite,0,Which assumptions does this claim make? 
193,Context,none,none,none,none,-1,-1,gemini_rewrite,0,It assumes they actually possessed these insights.
193,Response,none,none,none,none,-1,-1,gemini_rewrite,0,On which knowledge does this claim base itself?
193,Context,none,none,none,none,-1,-1,gemini_rewrite,0,It seems to base itself on the idea that unvaccinated people were aware of something.
193,Response,none,none,none,none,-1,-1,gemini_rewrite,0,Is that the only prior knowledge on which this claim builds?
193,Context,none,none,none,none,-1,-1,gemini_rewrite,0,"Probably not, it also assumes a specific danger existed."
193,Response,none,none,none,none,-1,-1,gemini_rewrite,0,Do you know what an implicit assumption is?
193,Context,none,none,none,none,-1,-1,gemini_rewrite,0,I think so.
193,Response,none,none,none,none,-1,-1,gemini_rewrite,0,Would you like to know more via this microlesson?
193,Context,none,none,none,none,-1,-1,gemini_rewrite,0,"No, thank you."
193,Response,none,none,none,none,-1,-1,gemini_rewrite,0,So would you say the claim in the article has an implicit assumption?
193,Context,none,none,none,none,-1,-1,gemini_rewrite,0,"Yes, it assumes this ""danger"" was real and significant."
193,Response,none,none,none,none,-1,-1,gemini_rewrite,0,"So now that we know all the claims this article is really making, we can look at the argumentation for these claims. What evidence is there to support this?"
193,Context,none,none,none,none,-1,-1,gemini_rewrite,0,The article doesn't really offer any concrete evidence.
193,Response,none,none,none,none,-1,-1,gemini_rewrite,0,Does the article give any proof of this or a reason to belief this?
193,Context,none,none,none,none,-1,-1,gemini_rewrite,0,"No, it doesn't."
193,Response,none,none,none,none,-1,-1,gemini_rewrite,0,Does the article give extra information such as data or references to trustworthy sources to back the claim?
193,Context,none,none,none,none,-1,-1,gemini_rewrite,0,"No, there are no citations or data."
193,Response,none,none,none,none,-1,-1,gemini_rewrite,0,So how could you verify this claim?
193,Context,none,none,none,none,-1,-1,gemini_rewrite,0,I'm not sure how it could be verified.
193,Response,none,none,none,none,-1,-1,gemini_rewrite,0,Is there any other reason to belief the author of the article could know these things or has access to particular information?
193,Context,none,none,none,none,-1,-1,gemini_rewrite,0,I don't see any indication the author has special knowledge.
193,Response,none,none,none,none,-1,-1,gemini_rewrite,0,"Based on this, would you say that the argumentation of this claim is solid?"
193,Context,none,none,none,none,-1,-1,gemini_rewrite,0,"No, it seems weak."
193,Response,none,none,none,none,-1,-1,gemini_rewrite,0,Does the article give any alternative viewpoints for this claim?
193,Context,none,none,none,none,-1,-1,gemini_rewrite,0,"No, it doesn't."
193,Response,none,none,none,none,-1,-1,gemini_rewrite,0,Does the article give counterarguments in order to report both sides of the story?
193,Context,none,none,none,none,-1,-1,gemini_rewrite,0,"No, it only presents one side."
193,Response,none,none,none,none,-1,-1,gemini_rewrite,0,Could you think of an alternative viewpoint on this issue?
193,Context,none,none,none,none,-1,-1,gemini_rewrite,0,Maybe unvaccinated people simply had different beliefs and weren't trying to hide anything.
193,Response,none,none,none,none,-1,-1,gemini_rewrite,0,Does the article give any arguments to disprove this alternative viewpoint?
193,Context,none,none,none,none,-1,-1,gemini_rewrite,0,"No, it doesn't even acknowledge it."
193,Response,none,none,none,none,-1,-1,gemini_rewrite,0,Would you say the article is balanced or rather one-sided?
193,Context,none,none,none,none,-1,-1,gemini_rewrite,0,It's definitely one-sided.
193,Response,none,none,none,none,-1,-1,gemini_rewrite,0,Why would that be?
193,Context,none,none,none,none,-1,-1,gemini_rewrite,0,It seems to promote a specific narrative.
193,Response,none,none,none,none,-1,-1,gemini_rewrite,0,Could you think of any other reason why they wouldn’t give any alternative viewpoints.
193,Context,none,none,none,none,-1,-1,gemini_rewrite,0,Maybe they are biased.
193,Response,none,none,none,none,-1,-1,gemini_rewrite,0,What effect does this article have on you?
193,Context,none,none,none,none,-1,-1,gemini_rewrite,0,It makes me feel uneasy.
193,Response,none,none,none,none,-1,-1,gemini_rewrite,0,Why do you say that?
193,Context,none,none,none,none,-1,-1,gemini_rewrite,0,It feels accusatory and divisive.
193,Response,none,none,none,none,-1,-1,gemini_rewrite,0,"Would you say that the claim leading to this feeling is solid, based on our conversation?"
193,Context,none,none,none,none,-1,-1,gemini_rewrite,0,I really can't tell.
193,Response,none,none,none,none,-1,-1,gemini_rewrite,0,Do you now feel more confident about your skill to assess the trustworthiness of this article?
193,Context,none,none,none,none,-1,-1,gemini_rewrite,0,Not really.
193,Response,none,none,none,none,-1,-1,gemini_rewrite,0,Why do you think that.
193,Context,none,none,none,none,-1,-1,gemini_rewrite,0,I still don't understand.
193,Response,none,none,none,none,-1,-1,gemini_rewrite,0,Are you satisfied with our conversation or would you like to know more about the article?
193,Context,none,none,none,none,-1,-1,gemini_rewrite,-1,I'm done.
193,Response,none,none,none,none,-1,-1,gemini_rewrite,0,Thank you for using TITAN! 
194,Context,none,none,none,none,-1,-1,gemini_rewrite,0,Hello!
194,Response,none,none,none,none,-1,-1,gemini_rewrite,0,"Hello! Let me introduce myself, my name is TITAN, your AI Intelligent Coach against Disinformation. I see you have selected the article with title ""The government is spying on you through LED-lighting!!"". How can I help you?"
194,Context,none,none,none,none,-1,-1,gemini_rewrite,0,I want to determine if this article contains disinformation.
194,Response,none,none,none,none,-1,-1,gemini_rewrite,0,Very Well! Do you want to evaluate the source and content of the article?
194,Context,none,none,none,none,-1,-1,gemini_rewrite,0,"Yes, let's evaluate both."
194,Response,none,none,none,none,-1,-1,gemini_rewrite,0,"First of all, we should ask ourselves ""WHO"" is behind the article. Is the author a real person, whose name is clearly stated?"
194,Context,none,none,none,none,-1,-1,gemini_rewrite,0,"No, the author is anonymous."
194,Response,none,none,none,none,-1,-1,gemini_rewrite,0,Is he/she a recognized expert on the subject with a relevant professional or academic background? We need to know if the author has the qualifications or expertise to speak on the topic.
194,Context,none,none,none,none,-1,-1,gemini_rewrite,0,"No, there's no indication of expertise."
194,Response,none,none,none,none,-1,-1,gemini_rewrite,0,"Does the ""ABOUT US"" section include policy statements and email contacts?"
194,Context,none,none,none,none,-1,-1,gemini_rewrite,0,"No, it's missing."
194,Response,none,none,none,none,-1,-1,gemini_rewrite,0,"Most reputable websites list their editorial team. Does this website list its editorial team, including journalists and editors?"
194,Context,none,none,none,none,-1,-1,gemini_rewrite,0,"No, the editorial team is not listed."
194,Response,none,none,none,none,-1,-1,gemini_rewrite,0,Is timeliness important for your topic? Current information is often more reliable.
194,Context,none,none,none,none,-1,-1,gemini_rewrite,0,"Yes, it is."
194,Response,none,none,none,none,-1,-1,gemini_rewrite,0,Is the content of the article current or just recycled material?
194,Context,none,none,none,none,-1,-1,gemini_rewrite,0,It seems to be old information.
194,Response,none,none,none,none,-1,-1,gemini_rewrite,0,Has its content and hyperlinks ever been updated/revised (since then)?
194,Context,none,none,none,none,-1,-1,gemini_rewrite,0,"No, it hasn't been updated."
194,Response,none,none,none,none,-1,-1,gemini_rewrite,0,"Has this news website been recognized by other reputable organizations? For example, has it received awards for good journalism?"
194,Context,none,none,none,none,-1,-1,gemini_rewrite,0,"No, it hasn't received any awards."
194,Response,none,none,none,none,-1,-1,gemini_rewrite,0,Have you tried verifying the reputation of your source by cross-referencing it with different sources?
194,Context,none,none,none,none,-1,-1,gemini_rewrite,0,I haven't yet.
194,Response,none,none,none,none,-1,-1,gemini_rewrite,0,"You did a great job, well done! Based on this quick check, it appears that the author is not an expert, he/she does not state his/her real name, and the article (content) is not recent. Can you tell me if you find the source/author trustworthy?"
194,Context,none,none,none,none,-1,-1,gemini_rewrite,0,"No, I do not find the source trustworthy."
194,Response,none,none,none,none,-1,-1,gemini_rewrite,0,"Another important question is ""WHAT"" the content and purpose of the article is. Disinformation articles often push one viewpoint, have an emotional tone, or make conspiracy claims. Do you recognize any of these signs in the title or content?"
194,Context,none,none,none,none,-1,-1,gemini_rewrite,0,"Yes, it makes conspiracy claims."
194,Response,none,none,none,none,-1,-1,gemini_rewrite,0,Conspiracies usually refer to a secret plot. Can you tell me what this alleged plot is about?
194,Context,none,none,none,none,-1,-1,gemini_rewrite,0,The plot is that the government is using LED lights to spy on citizens.
194,Response,none,none,none,none,-1,-1,gemini_rewrite,0,"Very good, you are doing great! Does this group have a nefarious intent?"
194,Context,none,none,none,none,-1,-1,gemini_rewrite,0,"Yes, they accuse the government of having bad intentions."
194,Response,none,none,none,none,-1,-1,gemini_rewrite,0,Does the author divide the world between good (us) and bad (them) people?
194,Context,none,none,none,none,-1,-1,gemini_rewrite,0,"Yes, they do."
194,Response,none,none,none,none,-1,-1,gemini_rewrite,0,"Keep in mind that evaluating conspiracy claims can be very challenging. This is because those who make such claims often identify a group of conspirators and then present probable cause as the truth, which only feeds suspicion. Additionally, the absence of evidence is often seen as further proof of the conspiracy, making it even harder to evaluate the claims. Does the author provide any evidence to support his/her claims?"
194,Context,none,none,none,none,-1,-1,gemini_rewrite,0,They provide very weak evidence.
194,Response,none,none,none,none,-1,-1,gemini_rewrite,0,Would you say that this evidence supports the theory and adds to your suspicion?
194,Context,none,none,none,none,-1,-1,gemini_rewrite,0,"No, the evidence doesn't make me more suspicious."
194,Response,none,none,none,none,-1,-1,gemini_rewrite,0,Does the author suggest that everything is interconnected and that nothing is a coincidence?
194,Context,none,none,none,none,-1,-1,gemini_rewrite,0,"Yes, they imply that."
194,Response,none,none,none,none,-1,-1,gemini_rewrite,0,"Articles often use emotional appeals to influence readers. Does this article attempt to induce doubt, fear, or anger in you?"
194,Context,none,none,none,none,-1,-1,gemini_rewrite,0,"Yes, it's trying to induce fear."
194,Response,none,none,none,none,-1,-1,gemini_rewrite,0,"You did a great job identifying signs of conspiratorial thinking! What do you think is the author trying to accomplish? For example, does he/she seek to inform, entertain, convince, or sell)?"
194,Context,none,none,none,none,-1,-1,gemini_rewrite,0,I think they are trying to convince people of a conspiracy.
194,Response,none,none,none,none,-1,-1,gemini_rewrite,0,Looking up alternative sources on a topic can be helpful. Have you considered checking other recent reputable sources with differing viewpoints?
194,Context,none,none,none,none,-1,-1,gemini_rewrite,0,"Yes, and they contradict the article."
194,Response,none,none,none,none,-1,-1,gemini_rewrite,0,"Apart from identifying common tactics of disinformation, we must also be aware of our own biases, emotions, false beliefs, and stereotypes in order to resist the influence of such disinformation. Would you like to continue discussing and examining this particular article?"
194,Context,none,none,none,none,-1,-1,gemini_rewrite,0,"No, I think I have enough information."
194,Response,none,none,none,none,-1,-1,gemini_rewrite,0,You did a great job!I look forward to talking with you again!
194,Context,none,none,none,none,-1,-1,gemini_rewrite,0,Thank you for your help!
194,Response,none,none,none,none,-1,-1,gemini_rewrite,0,TITAN Socratic Dialogue Finished!
195,Context,none,none,none,none,-1,-1,gemini_rewrite,0,Hello!
195,Response,none,none,none,none,-1,-1,gemini_rewrite,0,"Hello! Let me introduce myself, my name is TITAN, your AI Intelligent Coach against Disinformation. I see you have selected the article with title ""The government is spying on you through LED-lighting!!"". How can I help you?"
195,Context,none,none,none,none,-1,-1,gemini_rewrite,0,I want to understand if this article contains disinformation.
195,Response,none,none,none,none,-1,-1,gemini_rewrite,0,Very Well! Do you want to evaluate the source and content of the article?
195,Context,none,none,none,none,-1,-1,gemini_rewrite,0,"Yes, let's do both."
195,Response,none,none,none,none,-1,-1,gemini_rewrite,0,"First of all, we should ask ourselves ""WHO"" is behind the article. Is the author a real person, whose name is clearly stated?"
195,Context,none,none,none,none,-1,-1,gemini_rewrite,0,"No, the author uses a pseudonym."
195,Response,none,none,none,none,-1,-1,gemini_rewrite,0,Is he/she a recognized expert on the subject with a relevant professional or academic background? We need to know if the author has the qualifications or expertise to speak on the topic.
195,Context,none,none,none,none,-1,-1,gemini_rewrite,0,I don't think so.
195,Response,none,none,none,none,-1,-1,gemini_rewrite,0,"Does the ""ABOUT US"" section include policy statements and email contacts?"
195,Context,none,none,none,none,-1,-1,gemini_rewrite,0,"No, it's very vague."
195,Response,none,none,none,none,-1,-1,gemini_rewrite,0,"Most reputable websites list their editorial team. Does this website list its editorial team, including journalists and editors?"
195,Context,none,none,none,none,-1,-1,gemini_rewrite,0,No editorial team is listed.
195,Response,none,none,none,none,-1,-1,gemini_rewrite,0,Is timeliness important for your topic? Current information is often more reliable.
195,Context,none,none,none,none,-1,-1,gemini_rewrite,0,"Yes, it is."
195,Response,none,none,none,none,-1,-1,gemini_rewrite,0,Is the content of the article current or just recycled material?
195,Context,none,none,none,none,-1,-1,gemini_rewrite,0,It seems like recycled material.
195,Response,none,none,none,none,-1,-1,gemini_rewrite,0,Has its content and hyperlinks ever been updated/revised (since then)?
195,Context,none,none,none,none,-1,-1,gemini_rewrite,0,"No, they haven't been updated."
195,Response,none,none,none,none,-1,-1,gemini_rewrite,0,"Has this news website been recognized by other reputable organizations? For example, has it received awards for good journalism?"
195,Context,none,none,none,none,-1,-1,gemini_rewrite,0,I don't see any awards or recognition.
195,Response,none,none,none,none,-1,-1,gemini_rewrite,0,Have you tried verifying the reputation of your source by cross-referencing it with different sources?
195,Context,none,none,none,none,-1,-1,gemini_rewrite,0,"Yes, but it's hard to find independent verification."
195,Response,none,none,none,none,-1,-1,gemini_rewrite,0,"You did a great job, well done! Based on this quick check, it appears that the author is not an expert, he/she does not state his/her real name, and the article (content) is not recent. Can you tell me if you find the source/author trustworthy?"
195,Context,none,none,none,none,-1,-1,gemini_rewrite,0,I'm not sure.
195,Response,none,none,none,none,-1,-1,gemini_rewrite,0,"Another important question is ""WHAT"" the content and purpose of the article is. Disinformation articles often push one viewpoint, have an emotional tone, or make conspiracy claims. Do you recognize any of these signs in the title or content?"
195,Context,none,none,none,none,-1,-1,gemini_rewrite,0,It definitely sounds like a conspiracy.
195,Response,none,none,none,none,-1,-1,gemini_rewrite,0,Conspiracies usually refer to a secret plot. Can you tell me what this alleged plot is about?
195,Context,none,none,none,none,-1,-1,gemini_rewrite,0,The government is using LED lights to spy on citizens.
195,Response,none,none,none,none,-1,-1,gemini_rewrite,0,"Very good, you are doing great! Does this group have a nefarious intent?"
195,Context,none,none,none,none,-1,-1,gemini_rewrite,0,"Yes, they are trying to control the population."
195,Response,none,none,none,none,-1,-1,gemini_rewrite,0,Does the author divide the world between good (us) and bad (them) people?
195,Context,none,none,none,none,-1,-1,gemini_rewrite,0,"Yes, they paint the government as evil."
195,Response,none,none,none,none,-1,-1,gemini_rewrite,0,"Keep in mind that evaluating conspiracy claims can be very challenging. This is because those who make such claims often identify a group of conspirators and then present probable cause as the truth, which only feeds suspicion. Additionally, the absence of evidence is often seen as further proof of the conspiracy, making it even harder to evaluate the claims. Does the author provide any evidence to support his/her claims?"
195,Context,none,none,none,none,-1,-1,gemini_rewrite,0,Some vague references to leaked documents.
195,Response,none,none,none,none,-1,-1,gemini_rewrite,0,Would you say that this evidence supports the theory and adds to your suspicion?
195,Context,none,none,none,none,-1,-1,gemini_rewrite,0,Maybe a little.
195,Response,none,none,none,none,-1,-1,gemini_rewrite,0,Does the author suggest that everything is interconnected and that nothing is a coincidence?
195,Context,none,none,none,none,-1,-1,gemini_rewrite,0,"Yes, they do."
195,Response,none,none,none,none,-1,-1,gemini_rewrite,0,"Articles often use emotional appeals to influence readers. Does this article attempt to induce doubt, fear, or anger in you?"
195,Context,none,none,none,none,-1,-1,gemini_rewrite,0,"Yes, I feel a bit anxious reading it."
195,Response,none,none,none,none,-1,-1,gemini_rewrite,0,"You did a great job identifying signs of conspiratorial thinking! What do you think is the author trying to accomplish? For example, does he/she seek to inform, entertain, convince, or sell)?"
195,Context,none,none,none,none,-1,-1,gemini_rewrite,0,I don't know.
195,Response,none,none,none,none,-1,-1,gemini_rewrite,0,Looking up alternative sources on a topic can be helpful. Have you considered checking other recent reputable sources with differing viewpoints?
195,Context,none,none,none,none,-1,-1,gemini_rewrite,0,"Yes, but they all contradict each other."
195,Response,none,none,none,none,-1,-1,gemini_rewrite,0,"Apart from identifying common tactics of disinformation, we must also be aware of our own biases, emotions, false beliefs, and stereotypes in order to resist the influence of such disinformation. Would you like to continue discussing and examining this particular article?"
195,Context,none,none,none,none,-1,-1,gemini_rewrite,0,I'm not sure what to think anymore.
195,Response,none,none,none,none,-1,-1,gemini_rewrite,0,You did a great job!I look forward to talking with you again!
195,Context,none,none,none,none,-1,-1,gemini_rewrite,-1,I'm still confused.
195,Response,none,none,none,none,-1,-1,gemini_rewrite,0,TITAN Socratic Dialogue Finished!
196,Context,none,none,none,none,-1,-1,gemini_rewrite,0,Hello!
196,Response,none,none,none,none,-1,-1,gemini_rewrite,0,"Hello! Let me introduce myself, my name is TITAN, your AI Intelligent Coach against Disinformation. I see you have selected the article with title ""Rapes, brawls, 'cultural' crimes: the criminal immigration that scares Italy"". What was it that specifically caught your attention?"
196,Context,none,none,none,none,-1,-1,gemini_rewrite,0,The title seems very sensationalized and alarming.
196,Response,none,none,none,none,-1,-1,gemini_rewrite,0,What does the article discuss?
196,Context,none,none,none,none,-1,-1,gemini_rewrite,0,It seems to be about crimes committed by immigrants in Italy.
196,Response,none,none,none,none,-1,-1,gemini_rewrite,0,What would you say that the main claim of the article is? Does the author try to make a point?
196,Context,none,none,none,none,-1,-1,gemini_rewrite,0,The main claim seems to be that immigration is leading to increased crime and cultural problems.
196,Response,none,none,none,none,-1,-1,gemini_rewrite,0,"In some instances, an article might not only aim to describe or inform. Do you think that this particular piece has the intention of accomplishing something beyond just conveying facts or reporting events?"
196,Context,none,none,none,none,-1,-1,gemini_rewrite,0,"Yes, it seems intended to create fear and anxiety about immigration."
196,Response,none,none,none,none,-1,-1,gemini_rewrite,0,"How would you describe the language used by the author in this particular text? Is it by any chance emotive, strong or provocative?"
196,Context,none,none,none,none,-1,-1,gemini_rewrite,0,"The language is very emotive and provocative, using terms like ""rapes"" and ""brawls"" prominently."
196,Response,none,none,none,none,-1,-1,gemini_rewrite,0,"Would you be kind enough to provide more details, please?"
196,Context,none,none,none,none,-1,-1,gemini_rewrite,0,It uses generalizations and alarming language to describe the actions of specific individuals as a reflection of an entire group.
196,Response,none,none,none,none,-1,-1,gemini_rewrite,0,Can you provide me with an example(s) from the text?
196,Context,none,none,none,none,-1,-1,gemini_rewrite,0,"The phrase ""cultural crimes"" is vague and loaded, implying inherent criminality based on cultural background."
196,Response,none,none,none,none,-1,-1,gemini_rewrite,0,"Although the employment of powerful and/or emotionally charged language in a text is relatively widespread, it is uncommon for an author to utilize such a technique without a specific reason. Can you explain why the author chooses to adopt this style of writing?"
196,Context,none,none,none,none,-1,-1,gemini_rewrite,0,The author likely uses this language to manipulate the reader's emotions and create a strong negative reaction to immigration.
196,Response,none,none,none,none,-1,-1,gemini_rewrite,0,The use of strong and/or emotive language usually results in more evident (if not more biased) claims. Do you think that the claims made by the author in this article can be considered well-founded?
196,Context,none,none,none,none,-1,-1,gemini_rewrite,0,"No, the claims seem very biased and lack specific evidence to support the generalizations."
196,Response,none,none,none,none,-1,-1,gemini_rewrite,0,Do you think that the author makes any claims offering us his/her opinion or interpretation of what transpired? Can you spot such claims in the text?
196,Context,none,none,none,none,-1,-1,gemini_rewrite,0,"Yes, the author interprets individual crimes as evidence of a widespread cultural problem caused by immigration."
196,Response,none,none,none,none,-1,-1,gemini_rewrite,0,"Can you possibly determine if there is anything offensive about the claims and assumptions of this article, bearing in mind that the employment of strong/provocative language could be a product of hate speech?"
196,Context,none,none,none,none,-1,-1,gemini_rewrite,0,"Yes, it is offensive because it unfairly stereotypes and demonizes an entire group of people based on their origin."
196,Response,none,none,none,none,-1,-1,gemini_rewrite,0,"Hate speech, unlike other forms of offensive speech/writing, is usually based on prejudices regarding ethnicity, race, sex, sexual orientation or even religion. Do you feel that it's possible any of the assumptions made might have any of the aforementioned characteristics? Can you provide an example from the text?"
196,Context,none,none,none,none,-1,-1,gemini_rewrite,0,"Yes, the article seems to be based on prejudice against immigrants, associating their ethnicity and culture with criminality."
196,Response,none,none,none,none,-1,-1,gemini_rewrite,0,Are there any consequences of considering uncritically the questions in the article?
196,Context,none,none,none,none,-1,-1,gemini_rewrite,0,Uncritically considering these questions could lead to increased prejudice and discrimination against immigrants.
196,Response,none,none,none,none,-1,-1,gemini_rewrite,0,"Based on your own personal experience with the topic (if any), do you think the assumptions or claims presented in the article are consistent?"
197,Context,none,none,none,none,-1,-1,gemini_rewrite,0,Hello!
197,Response,none,none,none,none,-1,-1,gemini_rewrite,0,"Hello! Let me introduce myself, my name is TITAN, your AI Intelligent Coach against Disinformation. I see you have selected the article with title ""Rapes, brawls, 'cultural' crimes: the criminal immigration that scares Italy"". What was it that specifically caught your attention?"
197,Context,none,none,none,none,-1,-1,gemini_rewrite,0,The title seems alarming.
197,Response,none,none,none,none,-1,-1,gemini_rewrite,0,What does the article discuss?
197,Context,none,none,none,none,-1,-1,gemini_rewrite,0,It discusses crimes allegedly committed by immigrants in Italy.
197,Response,none,none,none,none,-1,-1,gemini_rewrite,0,What would you say that the main claim of the article is? Does the author try to make a point?
197,Context,none,none,none,none,-1,-1,gemini_rewrite,0,The author suggests that immigration is causing a rise in crime.
197,Response,none,none,none,none,-1,-1,gemini_rewrite,0,"In some instances, an article might not only aim to describe or inform. Do you think that this particular piece has the intention of accomplishing something beyond just conveying facts or reporting events?"
197,Context,none,none,none,none,-1,-1,gemini_rewrite,0,I think it's trying to warn people.
197,Response,none,none,none,none,-1,-1,gemini_rewrite,0,"How would you describe the language used by the author in this particular text? Is it by any chance emotive, strong or provocative?"
197,Context,none,none,none,none,-1,-1,gemini_rewrite,0,The language is quite strong and fear-mongering.
197,Response,none,none,none,none,-1,-1,gemini_rewrite,0,"Would you be kind enough to provide more details, please?"
197,Context,none,none,none,none,-1,-1,gemini_rewrite,0,"It uses words like ""rapes"" and ""scares."""
197,Response,none,none,none,none,-1,-1,gemini_rewrite,0,Can you provide me with an example(s) from the text?
197,Context,none,none,none,none,-1,-1,gemini_rewrite,0,The title itself is an example.
197,Response,none,none,none,none,-1,-1,gemini_rewrite,0,"Although the employment of powerful and/or emotionally charged language in a text is relatively widespread, it is uncommon for an author to utilize such a technique without a specific reason. Can you explain why the author chooses to adopt this style of writing?"
197,Context,none,none,none,none,-1,-1,gemini_rewrite,0,To grab attention and create a sense of urgency.
197,Response,none,none,none,none,-1,-1,gemini_rewrite,0,The use of strong and/or emotive language usually results in more evident (if not more biased) claims. Do you think that the claims made by the author in this article can be considered well-founded?
197,Context,none,none,none,none,-1,-1,gemini_rewrite,0,"Maybe, I don't know if the crime statistics are accurate."
197,Response,none,none,none,none,-1,-1,gemini_rewrite,0,Do you think that the author makes any claims offering us his/her opinion or interpretation of what transpired? Can you spot such claims in the text?
197,Context,none,none,none,none,-1,-1,gemini_rewrite,0,The connection between immigration and crime seems like an interpretation.
197,Response,none,none,none,none,-1,-1,gemini_rewrite,0,"Can you possibly determine if there is anything offensive about the claims and assumptions of this article, bearing in mind that the employment of strong/provocative language could be a product of hate speech?"
197,Context,none,none,none,none,-1,-1,gemini_rewrite,0,It could be seen as offensive to immigrants.
197,Response,none,none,none,none,-1,-1,gemini_rewrite,0,"Hate speech, unlike other forms of offensive speech/writing, is usually based on prejudices regarding ethnicity, race, sex, sexual orientation or even religion. Do you feel that it's possible any of the assumptions made might have any of the aforementioned characteristics? Can you provide an example from the text?"
197,Context,none,none,none,none,-1,-1,gemini_rewrite,0,"The article implies that immigrants are inherently prone to crime, which is prejudiced."
197,Response,none,none,none,none,-1,-1,gemini_rewrite,0,Are there any consequences of considering uncritically the questions in the article?
197,Context,none,none,none,none,-1,-1,gemini_rewrite,-1,It could lead to discrimination and prejudice.
197,Response,none,none,none,none,-1,-1,gemini_rewrite,0,"Based on your own personal experience with the topic (if any), do you think the assumptions or claims presented in the article are consistent?"
198,Context,none,none,none,none,-1,-1,gemini_rewrite,0,Hello!
198,Response,none,none,none,none,-1,-1,gemini_rewrite,0,"Hello! Let me introduce myself, my name is TITAN, your AI Intelligent Coach against Disinformation. I see you have selected the article with title ""Medvedev: Neo-Nazism must be totally destroyed"". What drew your attention to this article in particular?"
198,Context,none,none,none,none,-1,-1,gemini_rewrite,0,It sounds like propaganda.
198,Response,none,none,none,none,-1,-1,gemini_rewrite,0,Could you please inform me about the topic of the article?
198,Context,none,none,none,none,-1,-1,gemini_rewrite,0,It's about a Russian official's view on Neo-Nazism.
198,Response,none,none,none,none,-1,-1,gemini_rewrite,0,What would you say that the main claim of the article is? Does the author try to make a point?
198,Context,none,none,none,none,-1,-1,gemini_rewrite,0,The main claim seems to be that Neo-Nazism is a real threat and must be eliminated.
198,Response,none,none,none,none,-1,-1,gemini_rewrite,0,"What do you think would be the implications for someone who reads this article, but does not seek to doubt and investigate it?"
198,Context,none,none,none,none,-1,-1,gemini_rewrite,0,They might develop a biased and overly simplistic view of the situation.
198,Response,none,none,none,none,-1,-1,gemini_rewrite,0,Do you believe that the assumptions/claims of the article are consistent with your own personal experience on the subject (if any)?
198,Context,none,none,none,none,-1,-1,gemini_rewrite,0,"No, it feels exaggerated and lacking context based on my understanding of the conflict."
198,Response,none,none,none,none,-1,-1,gemini_rewrite,0,How would you describe this article after this short discussion?
198,Context,none,none,none,none,-1,-1,gemini_rewrite,0,It seems like a piece designed to demonize and justify certain actions.
198,Response,none,none,none,none,-1,-1,gemini_rewrite,0,Do you think that we must be cautious of the way the author is choosing to approach the subject?
198,Context,none,none,none,none,-1,-1,gemini_rewrite,0,"Yes, I think the language is very loaded and should be viewed skeptically."
198,Response,none,none,none,none,-1,-1,gemini_rewrite,0,"After our discussion, how do you feel about the article?"
198,Context,none,none,none,none,-1,-1,gemini_rewrite,0,I feel more wary of its claims.
198,Response,none,none,none,none,-1,-1,gemini_rewrite,0,Do you feel that you have grasped the reasoning of the author?
198,Context,none,none,none,none,-1,-1,gemini_rewrite,0,"Yes, I believe I understand the author's intent."
198,Response,none,none,none,none,-1,-1,gemini_rewrite,0,Is there anything that you would change regarding the way the author handles the subject?
198,Context,none,none,none,none,-1,-1,gemini_rewrite,0,I would include more balanced perspectives and factual information.
198,Response,none,none,none,none,-1,-1,gemini_rewrite,0,Can you provide strong evidence to substantiate your claims?
198,Context,none,none,none,none,-1,-1,gemini_rewrite,0,The article uses inflammatory rhetoric without providing concrete evidence of widespread Neo-Nazism.
198,Response,none,none,none,none,-1,-1,gemini_rewrite,0,"Do you now believe that you have a clearer grasp of the attributes of this article, as well as its possible outcomes?"
198,Context,none,none,none,none,-1,-1,gemini_rewrite,0,"Yes, I do."
198,Response,none,none,none,none,-1,-1,gemini_rewrite,0,TITAN Socratic AI Coach Stopped!
199,Context,none,none,none,none,-1,-1,gemini_rewrite,0,Hello!
199,Response,none,none,none,none,-1,-1,gemini_rewrite,0,"Hello! Let me introduce myself, my name is TITAN, your AI Intelligent Coach against Disinformation. I see you have selected the article with title ""Medvedev: Neo-Nazism must be totally destroyed"". What drew your attention to this article in particular?"
199,Context,none,none,none,none,-1,-1,gemini_rewrite,0,The title seemed controversial.
199,Response,none,none,none,none,-1,-1,gemini_rewrite,0,Could you please inform me about the topic of the article?
199,Context,none,none,none,none,-1,-1,gemini_rewrite,0,It's about Russia's view on neo-Nazism.
199,Response,none,none,none,none,-1,-1,gemini_rewrite,0,What would you say that the main claim of the article is? Does the author try to make a point?
199,Context,none,none,none,none,-1,-1,gemini_rewrite,0,The main claim seems to be that neo-Nazism needs to be eliminated.
199,Response,none,none,none,none,-1,-1,gemini_rewrite,0,"What do you think would be the implications for someone who reads this article, but does not seek to doubt and investigate it?"
199,Context,none,none,none,none,-1,-1,gemini_rewrite,0,They might develop a biased view against Ukraine.
199,Response,none,none,none,none,-1,-1,gemini_rewrite,0,Do you believe that the assumptions/claims of the article are consistent with your own personal experience on the subject (if any)?
199,Context,none,none,none,none,-1,-1,gemini_rewrite,0,I don't have enough personal experience to say.
199,Response,none,none,none,none,-1,-1,gemini_rewrite,0,How would you describe this article after this short discussion?
199,Context,none,none,none,none,-1,-1,gemini_rewrite,0,"It seems like propaganda, maybe."
199,Response,none,none,none,none,-1,-1,gemini_rewrite,0,Do you think that we must be cautious of the way the author is choosing to approach the subject?
199,Context,none,none,none,none,-1,-1,gemini_rewrite,0,"Yes, definitely cautious."
199,Response,none,none,none,none,-1,-1,gemini_rewrite,0,"After our discussion, how do you feel about the article?"
199,Context,none,none,none,none,-1,-1,gemini_rewrite,0,I feel unsure about its validity.
199,Response,none,none,none,none,-1,-1,gemini_rewrite,0,Do you feel that you have grasped the reasoning of the author?
199,Context,none,none,none,none,-1,-1,gemini_rewrite,0,"I think so, but it feels manipulative."
199,Response,none,none,none,none,-1,-1,gemini_rewrite,0,Is there anything that you would change regarding the way the author handles the subject?
199,Context,none,none,none,none,-1,-1,gemini_rewrite,0,I would add more balanced perspectives.
199,Response,none,none,none,none,-1,-1,gemini_rewrite,0,Can you provide strong evidence to substantiate your claims?
199,Context,none,none,none,none,-1,-1,gemini_rewrite,0,"It's hard to provide strong evidence, it's just a feeling."
199,Response,none,none,none,none,-1,-1,gemini_rewrite,0,"Do you now believe that you have a clearer grasp of the attributes of this article, as well as its possible outcomes?"
199,Context,none,none,none,none,-1,-1,gemini_rewrite,-1,"Not really, I'm still confused."
199,Response,none,none,none,none,-1,-1,gemini_rewrite,0,TITAN Socratic AI Coach Stopped!
200,Context,none,none,none,none,-1,-1,gemini_rewrite,0,Hello!
200,Response,none,none,none,none,-1,-1,gemini_rewrite,0,"Hello! Let me introduce myself, my name is TITAN, your AI Intelligent Coach against Disinformation. I see you have selected the article with title ""The government is spying on you through LED-lighting!!"". How may I assist you?"
200,Context,none,none,none,none,-1,-1,gemini_rewrite,0,I want to know if this article is disinformation.
200,Response,none,none,none,none,-1,-1,gemini_rewrite,0,What was it that specifically caught your attention?
200,Context,none,none,none,none,-1,-1,gemini_rewrite,0,The headline seemed sensational.
200,Response,none,none,none,none,-1,-1,gemini_rewrite,0,What is the topic or content of the article?
200,Context,none,none,none,none,-1,-1,gemini_rewrite,0,It claims LED lights in homes are being used for government surveillance.
200,Response,none,none,none,none,-1,-1,gemini_rewrite,0,Have you got prior knowledge about this subject?
200,Context,none,none,none,none,-1,-1,gemini_rewrite,0,I've never heard of this before.
200,Response,none,none,none,none,-1,-1,gemini_rewrite,0,What are the claims that are being made in the article?
200,Context,none,none,none,none,-1,-1,gemini_rewrite,0,The article claims LED lights have hidden cameras and microphones.
200,Response,none,none,none,none,-1,-1,gemini_rewrite,0,What is your opinion regarding this issue?
200,Context,none,none,none,none,-1,-1,gemini_rewrite,0,It sounds far-fetched to me.
200,Response,none,none,none,none,-1,-1,gemini_rewrite,0,What is it that is troubling you with this article?
200,Context,none,none,none,none,-1,-1,gemini_rewrite,0,The lack of evidence is concerning.
200,Response,none,none,none,none,-1,-1,gemini_rewrite,0,Can you give me any example(s)?
200,Context,none,none,none,none,-1,-1,gemini_rewrite,0,It only cites anonymous sources.
200,Response,none,none,none,none,-1,-1,gemini_rewrite,0,What would you say that the purpose of the article is?
200,Context,none,none,none,none,-1,-1,gemini_rewrite,0,To scare people and create distrust in the government.
200,Response,none,none,none,none,-1,-1,gemini_rewrite,0,Do you realize that texts and articles have the ability to intentionally trigger emotions and feelings?
200,Context,none,none,none,none,-1,-1,gemini_rewrite,0,"Yes, I do."
200,Response,none,none,none,none,-1,-1,gemini_rewrite,0,How would you describe your feelings after reading this article?
200,Context,none,none,none,none,-1,-1,gemini_rewrite,0,Slightly anxious and suspicious.
200,Response,none,none,none,none,-1,-1,gemini_rewrite,0,What do you believe caused your emotions?
200,Context,none,none,none,none,-1,-1,gemini_rewrite,0,The suggestion of government overreach.
200,Response,none,none,none,none,-1,-1,gemini_rewrite,0,Are you able to detect any dubious assumptions or arguments put forth by the author?
200,Context,none,none,none,none,-1,-1,gemini_rewrite,0,"Yes, the author assumes widespread government conspiracy without proof."
200,Response,none,none,none,none,-1,-1,gemini_rewrite,0,TITAN Socratic AI Coach Stopped!
201,Context,none,none,none,none,-1,-1,gemini_rewrite,0,Hello!
201,Response,none,none,none,none,-1,-1,gemini_rewrite,0,"Hello! Let me introduce myself, my name is TITAN, your AI Intelligent Coach against Disinformation. I see you have selected the article with title ""The government is spying on you through LED-lighting!!"". How may I assist you?"
201,Context,none,none,none,none,-1,-1,gemini_rewrite,0,I want to determine if this article contains disinformation.
201,Response,none,none,none,none,-1,-1,gemini_rewrite,0,What was it that specifically caught your attention?
201,Context,none,none,none,none,-1,-1,gemini_rewrite,0,The title is quite alarming.
201,Response,none,none,none,none,-1,-1,gemini_rewrite,0,What is the topic or content of the article?
201,Context,none,none,none,none,-1,-1,gemini_rewrite,0,It claims the government is using LED lights to spy on citizens.
201,Response,none,none,none,none,-1,-1,gemini_rewrite,0,Have you got prior knowledge about this subject?
201,Context,none,none,none,none,-1,-1,gemini_rewrite,0,I haven't heard of it before.
201,Response,none,none,none,none,-1,-1,gemini_rewrite,0,What are the claims that are being made in the article?
201,Context,none,none,none,none,-1,-1,gemini_rewrite,0,That LED lights are equipped with surveillance technology.
201,Response,none,none,none,none,-1,-1,gemini_rewrite,0,What is your opinion regarding this issue?
201,Context,none,none,none,none,-1,-1,gemini_rewrite,0,It sounds like a conspiracy theory.
201,Response,none,none,none,none,-1,-1,gemini_rewrite,0,What is it that is troubling you with this article?
201,Context,none,none,none,none,-1,-1,gemini_rewrite,0,I'm unsure if it's true or not.
201,Response,none,none,none,none,-1,-1,gemini_rewrite,0,Can you give me any example(s)?
201,Context,none,none,none,none,-1,-1,gemini_rewrite,0,It mentions something about hidden cameras.
201,Response,none,none,none,none,-1,-1,gemini_rewrite,0,What would you say that the purpose of the article is?
201,Context,none,none,none,none,-1,-1,gemini_rewrite,0,To warn people about government surveillance.
201,Response,none,none,none,none,-1,-1,gemini_rewrite,0,Do you realize that texts and articles have the ability to intentionally trigger emotions and feelings?
201,Context,none,none,none,none,-1,-1,gemini_rewrite,0,"Yes, I understand that."
201,Response,none,none,none,none,-1,-1,gemini_rewrite,0,How would you describe your feelings after reading this article?
201,Context,none,none,none,none,-1,-1,gemini_rewrite,0,Somewhat anxious and suspicious.
201,Response,none,none,none,none,-1,-1,gemini_rewrite,0,What do you believe caused your emotions?
201,Context,none,none,none,none,-1,-1,gemini_rewrite,0,The thought of being spied on.
201,Response,none,none,none,none,-1,-1,gemini_rewrite,0,Are you able to detect any dubious assumptions or arguments put forth by the author?
201,Context,none,none,none,none,-1,-1,gemini_rewrite,-1,I'm still not sure what to think.
201,Response,none,none,none,none,-1,-1,gemini_rewrite,0,TITAN Socratic AI Coach Stopped!
202,Context,none,none,none,none,-1,-1,gemini_rewrite,0,Hello!
202,Response,none,none,none,none,-1,-1,gemini_rewrite,0,Have you read the article “Politicians appearing in entertainment television are also campaigning” 
202,Context,none,none,none,none,-1,-1,gemini_rewrite,0,"Yes, I have."
202,Response,none,none,none,none,-1,-1,gemini_rewrite,0,What do you think the article is about? 
202,Context,none,none,none,none,-1,-1,gemini_rewrite,0,It suggests that politicians use entertainment TV appearances as a form of campaigning.
202,Response,none,none,none,none,-1,-1,gemini_rewrite,0,What does the article mean by that?
202,Context,none,none,none,none,-1,-1,gemini_rewrite,0,That these appearances are strategic and aimed at influencing public opinion.
202,Response,none,none,none,none,-1,-1,gemini_rewrite,0,What do you think about this?
202,Context,none,none,none,none,-1,-1,gemini_rewrite,0,"I think it's a plausible argument, but potentially oversimplified."
202,Response,none,none,none,none,-1,-1,gemini_rewrite,0,Would you like me to help you with this?
202,Context,none,none,none,none,-1,-1,gemini_rewrite,0,"Yes, please."
202,Response,none,none,none,none,-1,-1,gemini_rewrite,0,Why do you say that it the article is going a bit too far?
202,Context,none,none,none,none,-1,-1,gemini_rewrite,0,"It implies all such appearances are purely calculated, ignoring other possible motivations."
202,Response,none,none,none,none,-1,-1,gemini_rewrite,0,Could you give an example? You may copy paste the text.
202,Context,none,none,none,none,-1,-1,gemini_rewrite,0,"""Every chuckle and casual comment is meticulously planned to sway voters."""
202,Response,none,none,none,none,-1,-1,gemini_rewrite,0,Why do you doubt this statement? 
202,Context,none,none,none,none,-1,-1,gemini_rewrite,0,It seems like an exaggeration to assume every action is meticulously planned.
202,Response,none,none,none,none,-1,-1,gemini_rewrite,0,What makes you to think that?
202,Context,none,none,none,none,-1,-1,gemini_rewrite,0,"Politicians are still people, and not everything they do is a calculated move."
202,Response,none,none,none,none,-1,-1,gemini_rewrite,0,What’s the problem with that?
202,Context,none,none,none,none,-1,-1,gemini_rewrite,0,It creates a distrustful and cynical view of politicians.
202,Response,none,none,none,none,-1,-1,gemini_rewrite,0,Do you know what sensational language is?
202,Context,none,none,none,none,-1,-1,gemini_rewrite,0,"Yes, I do."
202,Response,none,none,none,none,-1,-1,gemini_rewrite,0,Would you like to know more via this microlesson?
202,Context,none,none,none,none,-1,-1,gemini_rewrite,0,"No, thank you."
202,Response,none,none,none,none,-1,-1,gemini_rewrite,0,Would you say this is sensational language?
202,Context,none,none,none,none,-1,-1,gemini_rewrite,0,"Yes, I would."
202,Response,none,none,none,none,-1,-1,gemini_rewrite,0,Why do you think that?
202,Context,none,none,none,none,-1,-1,gemini_rewrite,0,It uses emotionally charged words to evoke a strong reaction.
202,Response,none,none,none,none,-1,-1,gemini_rewrite,0,Why would the author do this?
202,Context,none,none,none,none,-1,-1,gemini_rewrite,0,To grab the reader's attention and push their agenda.
202,Response,none,none,none,none,-1,-1,gemini_rewrite,0,Why would the author want to do that?
202,Context,none,none,none,none,-1,-1,gemini_rewrite,0,To persuade the reader to believe their point of view.
202,Response,none,none,none,none,-1,-1,gemini_rewrite,0,Are you saying that the author uses sensation language to persuade you of a claim?
202,Context,none,none,none,none,-1,-1,gemini_rewrite,0,"Yes, that's what it appears to be."
202,Response,none,none,none,none,-1,-1,gemini_rewrite,0,Why would the author do that?
202,Context,none,none,none,none,-1,-1,gemini_rewrite,0,To make their argument seem stronger than it actually is.
202,Response,none,none,none,none,-1,-1,gemini_rewrite,0,Could there be another reason for this?
202,Context,none,none,none,none,-1,-1,gemini_rewrite,0,Maybe they genuinely believe what they're saying and are just passionate about it.
202,Response,none,none,none,none,-1,-1,gemini_rewrite,0,Is there another way to look at this sensational language?
202,Context,none,none,none,none,-1,-1,gemini_rewrite,0,Perhaps it's an attempt to simplify a complex issue.
202,Response,none,none,none,none,-1,-1,gemini_rewrite,0,Why would the author want to do this?
202,Context,none,none,none,none,-1,-1,gemini_rewrite,0,To make the issue easier for the public to understand.
202,Response,none,none,none,none,-1,-1,gemini_rewrite,0,Are there in the text other reasons to believe the author would want to mislead you?
202,Context,none,none,none,none,-1,-1,gemini_rewrite,0,The article relies heavily on anecdotal evidence.
202,Response,none,none,none,none,-1,-1,gemini_rewrite,0,Is there more sensational language elsewhere in the text?
202,Context,none,none,none,none,-1,-1,gemini_rewrite,0,"Yes, phrases like ""shameless self-promotion"" are used repeatedly."
202,Response,none,none,none,none,-1,-1,gemini_rewrite,0,So what would you say is the most probable function of this sensational language?
202,Context,none,none,none,none,-1,-1,gemini_rewrite,0,To manipulate the reader's emotions and create bias.
202,Response,none,none,none,none,-1,-1,gemini_rewrite,0,What would be the effect of this?
202,Context,none,none,none,none,-1,-1,gemini_rewrite,0,It could lead people to distrust politicians unnecessarily.
202,Response,none,none,none,none,-1,-1,gemini_rewrite,0,What to you think of that?
202,Context,none,none,none,none,-1,-1,gemini_rewrite,0,"I think it's problematic, as it undermines informed decision-making."
202,Response,none,none,none,none,-1,-1,gemini_rewrite,0,So how would you assess the trustworthiness of the article?
202,Context,none,none,none,none,-1,-1,gemini_rewrite,0,I'd say it's not very trustworthy.
202,Response,none,none,none,none,-1,-1,gemini_rewrite,0,Is there reason to distrust the rest of the article?
202,Context,none,none,none,none,-1,-1,gemini_rewrite,0,"Yes, the reliance on sensationalism and anecdotal evidence makes me skeptical."
202,Response,none,none,none,none,-1,-1,gemini_rewrite,0,Are you satisfied with our conversation or would you like to know more about the article?
202,Context,none,none,none,none,-1,-1,gemini_rewrite,0,"I'm satisfied, thank you!"
202,Response,none,none,none,none,-1,-1,gemini_rewrite,0,Thank you for using TITAN! 
203,Context,none,none,none,none,-1,-1,gemini_rewrite,0,Hello!
203,Response,none,none,none,none,-1,-1,gemini_rewrite,0,Have you read the article “Politicians appearing in entertainment television are also campaigning”
203,Context,none,none,none,none,-1,-1,gemini_rewrite,0,Yes.
203,Response,none,none,none,none,-1,-1,gemini_rewrite,0,What do you think the article is about?
203,Context,none,none,none,none,-1,-1,gemini_rewrite,0,It's about politicians on TV.
203,Response,none,none,none,none,-1,-1,gemini_rewrite,0,What does the article mean by that?
203,Context,none,none,none,none,-1,-1,gemini_rewrite,0,That they are campaigning.
203,Response,none,none,none,none,-1,-1,gemini_rewrite,0,What do you think about this?
203,Context,none,none,none,none,-1,-1,gemini_rewrite,0,It seems a bit much.
203,Response,none,none,none,none,-1,-1,gemini_rewrite,0,Would you like me to help you with this?
203,Context,none,none,none,none,-1,-1,gemini_rewrite,0,"Yes, please."
203,Response,none,none,none,none,-1,-1,gemini_rewrite,0,Why do you say that it the article is going a bit too far?
203,Context,none,none,none,none,-1,-1,gemini_rewrite,0,It seems like a stretch.
203,Response,none,none,none,none,-1,-1,gemini_rewrite,0,Could you give an example? You may copy paste the text.
203,Context,none,none,none,none,-1,-1,gemini_rewrite,0,"""Every smile is a carefully crafted vote-getting strategy."""
203,Response,none,none,none,none,-1,-1,gemini_rewrite,0,Why do you doubt this statement?
203,Context,none,none,none,none,-1,-1,gemini_rewrite,0,It's a generalization.
203,Response,none,none,none,none,-1,-1,gemini_rewrite,0,What makes you to think that?
203,Context,none,none,none,none,-1,-1,gemini_rewrite,0,Not every smile is political.
203,Response,none,none,none,none,-1,-1,gemini_rewrite,0,What’s the problem with that?
203,Context,none,none,none,none,-1,-1,gemini_rewrite,0,It's exaggerated.
203,Response,none,none,none,none,-1,-1,gemini_rewrite,0,Do you know what sensational language is?
203,Context,none,none,none,none,-1,-1,gemini_rewrite,0,Yes.
203,Response,none,none,none,none,-1,-1,gemini_rewrite,0,Would you like to know more via this microlesson?
203,Context,none,none,none,none,-1,-1,gemini_rewrite,0,"No, thanks."
203,Response,none,none,none,none,-1,-1,gemini_rewrite,0,Would you say this is sensational language?
203,Context,none,none,none,none,-1,-1,gemini_rewrite,0,Maybe a little.
203,Response,none,none,none,none,-1,-1,gemini_rewrite,0,Why do you think that?
203,Context,none,none,none,none,-1,-1,gemini_rewrite,0,It's overly dramatic.
203,Response,none,none,none,none,-1,-1,gemini_rewrite,0,Why would the author do this?
203,Context,none,none,none,none,-1,-1,gemini_rewrite,0,To grab attention.
203,Response,none,none,none,none,-1,-1,gemini_rewrite,0,Why would the author want to do that?
203,Context,none,none,none,none,-1,-1,gemini_rewrite,0,To make their point stronger.
203,Response,none,none,none,none,-1,-1,gemini_rewrite,0,Are you saying that the author uses sensation language to persuade you of a claim?
203,Context,none,none,none,none,-1,-1,gemini_rewrite,0,I guess so.
203,Response,none,none,none,none,-1,-1,gemini_rewrite,0,Why would the author do that?
203,Context,none,none,none,none,-1,-1,gemini_rewrite,0,To convince the reader.
203,Response,none,none,none,none,-1,-1,gemini_rewrite,0,Could there be another reason for this?
203,Context,none,none,none,none,-1,-1,gemini_rewrite,0,Maybe they truly believe it.
203,Response,none,none,none,none,-1,-1,gemini_rewrite,0,Is there another way to look at this sensational language?
203,Context,none,none,none,none,-1,-1,gemini_rewrite,0,Perhaps it's just colorful writing.
203,Response,none,none,none,none,-1,-1,gemini_rewrite,0,Why would the author want to do this?
203,Context,none,none,none,none,-1,-1,gemini_rewrite,0,To make it more interesting.
203,Response,none,none,none,none,-1,-1,gemini_rewrite,0,Are there in the text other reasons to believe the author would want to mislead you?
203,Context,none,none,none,none,-1,-1,gemini_rewrite,0,I'm not sure.
203,Response,none,none,none,none,-1,-1,gemini_rewrite,0,Is there more sensational language elsewhere in the text?
203,Context,none,none,none,none,-1,-1,gemini_rewrite,0,"Possibly, I'd have to reread it."
203,Response,none,none,none,none,-1,-1,gemini_rewrite,0,So what would you say is the most probable function of this sensational language?
203,Context,none,none,none,none,-1,-1,gemini_rewrite,0,"To persuade, I suppose."
203,Response,none,none,none,none,-1,-1,gemini_rewrite,0,What would be the effect of this?
203,Context,none,none,none,none,-1,-1,gemini_rewrite,0,It's confusing.
203,Response,none,none,none,none,-1,-1,gemini_rewrite,0,What to you think of that?
203,Context,none,none,none,none,-1,-1,gemini_rewrite,0,I don't know anymore.
203,Response,none,none,none,none,-1,-1,gemini_rewrite,0,So how would you assess the trustworthiness of the article?
203,Context,none,none,none,none,-1,-1,gemini_rewrite,0,I'm not sure.
203,Response,none,none,none,none,-1,-1,gemini_rewrite,0,Is there reason to distrust the rest of the article?
203,Context,none,none,none,none,-1,-1,gemini_rewrite,0,I really can't tell.
203,Response,none,none,none,none,-1,-1,gemini_rewrite,0,Are you satisfied with our conversation or would you like to know more about the article?
203,Context,none,none,none,none,-1,-1,gemini_rewrite,-1,I'm more confused than before.
203,Response,none,none,none,none,-1,-1,gemini_rewrite,0,Thank you for using TITAN!
204,Context,none,none,none,none,-1,-1,gemini_rewrite,0,Hello!
204,Response,none,none,none,none,-1,-1,gemini_rewrite,0,"Hello! Let me introduce myself, my name is TITAN, your AI Intelligent Coach against Disinformation. I see you have selected the article with title ""What Liberal Media Did Not Tell You: Screaming Green Teen Greta Thunberg Linked to Antifa Terrorists - Recorded Song for Antifa-Supporting Org"". How may I be of assistance?"
204,Context,none,none,none,none,-1,-1,gemini_rewrite,0,I want to evaluate if this article contains disinformation.
204,Response,none,none,none,none,-1,-1,gemini_rewrite,0,Very Well! Do you want to evaluate the source and content of the article?
204,Context,none,none,none,none,-1,-1,gemini_rewrite,0,"Yes, let's evaluate both."
204,Response,none,none,none,none,-1,-1,gemini_rewrite,0,"The first question we should ask ourselves is ""WHO"" is behind this article. Evaluating the author and the source helps us assess their reliability and potential biases. Can you tell me if the author is a real person whose name is clearly stated?"
204,Context,none,none,none,none,-1,-1,gemini_rewrite,0,"No, the author's name is not clearly stated."
204,Response,none,none,none,none,-1,-1,gemini_rewrite,0,Is he/she a recognized expert on the subject with a relevant professional or academic background? We need to know if the author has the qualifications or expertise to speak on the topic.
204,Context,none,none,none,none,-1,-1,gemini_rewrite,0,"No, there's no indication of expertise."
204,Response,none,none,none,none,-1,-1,gemini_rewrite,0,"Does the ""ABOUT US"" section include policy statements and email contacts?"
204,Context,none,none,none,none,-1,-1,gemini_rewrite,0,"No, it does not."
204,Response,none,none,none,none,-1,-1,gemini_rewrite,0,"Very well! Also, let's keep in mind that the URL might also reveal things regarding the reputability of the website by identifying its purpose. Specifically, can you tell me if it refers to a commercial news outlet (.com), a governmental (.gov) or academic website (.edu)?"
204,Context,none,none,none,none,-1,-1,gemini_rewrite,0,It's a .com website.
204,Response,none,none,none,none,-1,-1,gemini_rewrite,0,"Most reputable websites list their editorial team. Does this website list its editorial team, including journalists and editors?"
204,Context,none,none,none,none,-1,-1,gemini_rewrite,0,"No, there is no editorial team listed."
204,Response,none,none,none,none,-1,-1,gemini_rewrite,0,"Has this news website been recognized by other reputable organizations? For example, has it received awards for good journalism?"
204,Context,none,none,none,none,-1,-1,gemini_rewrite,0,I haven't found any awards or recognition.
204,Response,none,none,none,none,-1,-1,gemini_rewrite,0,Have you tried verifying the reputation of your source by cross-referencing it with different sources?
204,Context,none,none,none,none,-1,-1,gemini_rewrite,0,"Yes, and I found it's not verified by other reputable sources."
204,Response,none,none,none,none,-1,-1,gemini_rewrite,0,Is timeliness important for your topic? Current information is often more reliable.
204,Context,none,none,none,none,-1,-1,gemini_rewrite,0,"Yes, it is important."
204,Response,none,none,none,none,-1,-1,gemini_rewrite,0,"Lastly, it is common for media to have political or ideological preferences but we should be wary of hyperpartisan outlets because they have strong ideological biases and are often created to smear their opponents. Would you like to check if the article engages in reasoned debate or mainly aims to discredit their opponents?"
204,Context,none,none,none,none,-1,-1,gemini_rewrite,0,"Yes, let's check for that."
204,Response,none,none,none,none,-1,-1,gemini_rewrite,0,"First let's check if the author discusses the matter based on logic and evidence or just uses personal attacks. Does he/she use insults, name calling, irony, or any other form of abusive language to discredit an opponent's competence?"
204,Context,none,none,none,none,-1,-1,gemini_rewrite,0,"Yes, the article uses abusive language."
204,Response,none,none,none,none,-1,-1,gemini_rewrite,0,"Does the article attack the opponent's moral character, motives or cause?"
204,Context,none,none,none,none,-1,-1,gemini_rewrite,0,"Yes, it attacks the opponent's moral character."
204,Response,none,none,none,none,-1,-1,gemini_rewrite,0,"Often, personal attacks are used in campaigns that aim at smearing their opponents who are important public figures or groups (for example, politicians, NGOs, scientists, activists, investigative journalists, etc). Can you tell me if the target of these attacks is well-known?"
204,Context,none,none,none,none,-1,-1,gemini_rewrite,0,"Yes, the target is a well-known activist."
204,Response,none,none,none,none,-1,-1,gemini_rewrite,0,"Based on the answers you have provided, the article seems to contain disinformation. It lacks a credible author, editorial oversight, and relies on personal attacks rather than factual information. Therefore, it is highly unreliable."
205,Context,none,none,none,none,-1,-1,gemini_rewrite,0,Hello!
205,Response,none,none,none,none,-1,-1,gemini_rewrite,0,"Hello! Let me introduce myself, my name is TITAN, your AI Intelligent Coach against Disinformation. I see you have selected the article with title ""What Liberal Media Did Not Tell You: Screaming Green Teen Greta Thunberg Linked to Antifa Terrorists - Recorded Song for Antifa-Supporting Org"". How may I be of assistance?"
205,Context,none,none,none,none,-1,-1,gemini_rewrite,0,How can you help me determine if this article contains disinformation?
205,Response,none,none,none,none,-1,-1,gemini_rewrite,0,Very Well! Do you want to evaluate the source and content of the article?
205,Context,none,none,none,none,-1,-1,gemini_rewrite,0,"Yes, let's evaluate both."
205,Response,none,none,none,none,-1,-1,gemini_rewrite,0,"The first question we should ask ourselves is ""WHO"" is behind this article. Evaluating the author and the source helps us assess their reliability and potential biases. Can you tell me if the author is a real person whose name is clearly stated?"
205,Context,none,none,none,none,-1,-1,gemini_rewrite,0,"Yes, a name is listed."
205,Response,none,none,none,none,-1,-1,gemini_rewrite,0,Is he/she a recognized expert on the subject with a relevant professional or academic background? We need to know if the author has the qualifications or expertise to speak on the topic.
205,Context,none,none,none,none,-1,-1,gemini_rewrite,0,I don't know.
205,Response,none,none,none,none,-1,-1,gemini_rewrite,0,"Does the ""ABOUT US"" section include policy statements and email contacts?"
205,Context,none,none,none,none,-1,-1,gemini_rewrite,0,"No, it doesn't."
205,Response,none,none,none,none,-1,-1,gemini_rewrite,0,"Very well! Also, let's keep in mind that the URL might also reveal things regarding the reputability of the website by identifying its purpose. Specifically, can you tell me if it refers to a commercial news outlet (.com), a governmental (.gov) or academic website (.edu)?"
205,Context,none,none,none,none,-1,-1,gemini_rewrite,0,It's a .com.
205,Response,none,none,none,none,-1,-1,gemini_rewrite,0,"Most reputable websites list their editorial team. Does this website list its editorial team, including journalists and editors?"
205,Context,none,none,none,none,-1,-1,gemini_rewrite,0,"No, I don't see any editorial team listed."
205,Response,none,none,none,none,-1,-1,gemini_rewrite,0,"Has this news website been recognized by other reputable organizations? For example, has it received awards for good journalism?"
205,Context,none,none,none,none,-1,-1,gemini_rewrite,0,I don't know.
205,Response,none,none,none,none,-1,-1,gemini_rewrite,0,Have you tried verifying the reputation of your source by cross-referencing it with different sources?
205,Context,none,none,none,none,-1,-1,gemini_rewrite,0,"No, not yet."
205,Response,none,none,none,none,-1,-1,gemini_rewrite,0,Is timeliness important for your topic? Current information is often more reliable.
205,Context,none,none,none,none,-1,-1,gemini_rewrite,0,I guess it is.
205,Response,none,none,none,none,-1,-1,gemini_rewrite,0,"Lastly, it is common for media to have political or ideological preferences but we should be wary of hyperpartisan outlets because they have strong ideological biases and are often created to smear their opponents. Would you like to check if the article engages in reasoned debate or mainly aims to discredit their opponents?"
205,Context,none,none,none,none,-1,-1,gemini_rewrite,0,Let's check that.
205,Response,none,none,none,none,-1,-1,gemini_rewrite,0,"First let's check if the author discusses the matter based on logic and evidence or just uses personal attacks. Does he/she use insults, name calling, irony, or any other form of abusive language to discredit an opponent's competence?"
205,Context,none,none,none,none,-1,-1,gemini_rewrite,0,"Maybe, it's hard to tell."
205,Response,none,none,none,none,-1,-1,gemini_rewrite,0,"Does the article attack the opponent's moral character, motives or cause?"
205,Context,none,none,none,none,-1,-1,gemini_rewrite,-1,Possibly.
205,Response,none,none,none,none,-1,-1,gemini_rewrite,0,"Often, personal attacks are used in campaigns that aim at smearing their opponents who are important public figures or groups (for example, politicians, NGOs, scientists, activists, investigative journalists, etc). Can you tell me if the target of these attacks is well-known?"
206,Context,none,none,none,none,-1,-1,gemini_rewrite,0,Hello!
206,Response,none,none,none,none,-1,-1,gemini_rewrite,0,"Hello! Let me introduce myself, my name is TITAN, your AI Intelligent Coach against Disinformation. I see you have selected the article with title ""They knew : why didn't the unvaccinated do more to warn us"". What prompted you to read this article?"
206,Context,none,none,none,none,-1,-1,gemini_rewrite,0,I'm concerned about the tone and potential for misinformation.
206,Response,none,none,none,none,-1,-1,gemini_rewrite,0,What is the topic or content of the article?
206,Context,none,none,none,none,-1,-1,gemini_rewrite,0,It discusses the perceived silence of unvaccinated people during a specific period.
206,Response,none,none,none,none,-1,-1,gemini_rewrite,0,What are the claims that are being made in the article?
206,Context,none,none,none,none,-1,-1,gemini_rewrite,0,The main claim is that unvaccinated individuals should have done more to warn others.
206,Response,none,none,none,none,-1,-1,gemini_rewrite,0,"Being aware of the fact that, sometimes, an article isn't purely descriptive and its purpose informative, would you say that this particular text aspires to achieve something more aside from providing us with information regarding a fact/event?"
206,Context,none,none,none,none,-1,-1,gemini_rewrite,0,"Yes, it seems to aim to assign blame."
206,Response,none,none,none,none,-1,-1,gemini_rewrite,0,Would you describe the language in this article as emotive or offensive?
206,Context,none,none,none,none,-1,-1,gemini_rewrite,0,"Yes, I think it's emotive."
206,Response,none,none,none,none,-1,-1,gemini_rewrite,0,What causes you to believe that?
206,Context,none,none,none,none,-1,-1,gemini_rewrite,0,"The title itself uses accusatory language like ""They knew."""
206,Response,none,none,none,none,-1,-1,gemini_rewrite,0,Could you provide me with any instances or examples?
206,Context,none,none,none,none,-1,-1,gemini_rewrite,0,"Phrases like ""why didn't they warn us"" are emotionally charged."
206,Response,none,none,none,none,-1,-1,gemini_rewrite,0,"While the use of strong and/or emotive language in a text might be relatively common, rarely would an author resort to its use without any purpose. Are you able to say why the author results in such a writing technique?"
206,Context,none,none,none,none,-1,-1,gemini_rewrite,0,To provoke an emotional response from the reader.
206,Response,none,none,none,none,-1,-1,gemini_rewrite,0,"The employment of powerful and/or emotionally charged language tends to result in more apparent (if not more prejudiced) assertions. After reviewing the author's arguments in this article, do you consider them well-established?"
206,Context,none,none,none,none,-1,-1,gemini_rewrite,0,"No, I don't find them well-established."
206,Response,none,none,none,none,-1,-1,gemini_rewrite,0,Does the author put forth any claims presenting his/her viewpoint or understanding of what occurred? Can you identify such claims in the text?
206,Context,none,none,none,none,-1,-1,gemini_rewrite,0,"Yes, the author claims the unvaccinated were obligated to speak out."
206,Response,none,none,none,none,-1,-1,gemini_rewrite,0,"Sometimes, the use of provocative language can also be a product of hate speech. Hate speech, unlike other forms of offensive speech/writing, is usually based on prejudices regarding race, religion, ethnic or national background, sex and sexual orientation, even disability. Do you find anything offensive about the claims and assumptions made by the author?"
206,Context,none,none,none,none,-1,-1,gemini_rewrite,0,It's potentially offensive to a group of people based on their medical choices.
206,Response,none,none,none,none,-1,-1,gemini_rewrite,0,"Hate speech, in contrast to other types of offensive speech/writing, is commonly grounded in prejudices regarding factors such as ethnicity, race, gender, sexual orientation, or religion. Do you think any of the assumptions made might embody these attributes? Can you offer an instance from the text to illustrate this?"
206,Context,none,none,none,none,-1,-1,gemini_rewrite,0,It implies inherent irresponsibility based solely on vaccination status.
206,Response,none,none,none,none,-1,-1,gemini_rewrite,0,Do you feel like you can identify any potentially problematic claims/statements made by the author?
206,Context,none,none,none,none,-1,-1,gemini_rewrite,0,"Yes, the generalization about all unvaccinated people is problematic."
206,Response,none,none,none,none,-1,-1,gemini_rewrite,0,What do you believe could be the reasons behind the author's assumptions (if any)? Can you come up with any possible explanations?
206,Context,none,none,none,none,-1,-1,gemini_rewrite,0,Perhaps the author is feeling resentment or frustration.
206,Response,none,none,none,none,-1,-1,gemini_rewrite,0,Do you believe that the author's assumptions are well-supported by the presented evidence?
206,Context,none,none,none,none,-1,-1,gemini_rewrite,0,"No, there's no evidence provided to support such broad claims."
206,Response,none,none,none,none,-1,-1,gemini_rewrite,0,"Sometimes, even if the author provides us with valid information regarding a fact/event, his/her claims and assumptions might still be offensive or a product of disinformation. Can you find enough evidence in the text supporting the weaker claims made by its author?"
206,Context,none,none,none,none,-1,-1,gemini_rewrite,0,"No, the claims are not well-supported."
206,Response,none,none,none,none,-1,-1,gemini_rewrite,0,Let's try validating a claim. Do you think you can single out one from the text?
206,Context,none,none,none,none,-1,-1,gemini_rewrite,0,"The claim that the unvaccinated ""knew"" something specific that others didn't."
206,Response,none,none,none,none,-1,-1,gemini_rewrite,0,What proof is presented to back up this claim? Is the author sufficient in supplying us with relevant information?
206,Context,none,none,none,none,-1,-1,gemini_rewrite,0,There's no proof; it's just an assertion.
206,Response,none,none,none,none,-1,-1,gemini_rewrite,0,Do you believe that any of these claims might be identified as the result of hate speech as we previously discussed?
207,Context,none,none,none,none,-1,-1,gemini_rewrite,0,Hello!
207,Response,none,none,none,none,-1,-1,gemini_rewrite,0,"Hello! Let me introduce myself, my name is TITAN, your AI Intelligent Coach against Disinformation. I see you have selected the article with title ""They knew : why didn't the unvaccinated do more to warn us"". What prompted you to read this article?"
207,Context,none,none,none,none,-1,-1,gemini_rewrite,0,I'm curious about the perspective it offers.
207,Response,none,none,none,none,-1,-1,gemini_rewrite,0,What is the topic or content of the article?
207,Context,none,none,none,none,-1,-1,gemini_rewrite,0,It seems to discuss the perceived inaction of unvaccinated people during a particular event.
207,Response,none,none,none,none,-1,-1,gemini_rewrite,0,What are the claims that are being made in the article?
207,Context,none,none,none,none,-1,-1,gemini_rewrite,0,The article claims unvaccinated individuals had information they didn't share.
207,Response,none,none,none,none,-1,-1,gemini_rewrite,0,"Being aware of the fact that, sometimes, an article isn't purely descriptive and its purpose informative, would you say that this particular text aspires to achieve something more aside from providing us with information regarding a fact/event?"
207,Context,none,none,none,none,-1,-1,gemini_rewrite,0,It seems to be trying to assign blame.
207,Response,none,none,none,none,-1,-1,gemini_rewrite,0,Would you describe the language in this article as emotive or offensive?
207,Context,none,none,none,none,-1,-1,gemini_rewrite,0,"Yes, somewhat emotive."
207,Response,none,none,none,none,-1,-1,gemini_rewrite,0,What causes you to believe that?
207,Context,none,none,none,none,-1,-1,gemini_rewrite,0,The accusatory tone stands out.
207,Response,none,none,none,none,-1,-1,gemini_rewrite,0,Could you provide me with any instances or examples?
207,Context,none,none,none,none,-1,-1,gemini_rewrite,0,"Phrases like ""they knew"" imply intent and condemnation."
207,Response,none,none,none,none,-1,-1,gemini_rewrite,0,"While the use of strong and/or emotive language in a text might be relatively common, rarely would an author resort to its use without any purpose. Are you able to say why the author results in such a writing technique?"
207,Context,none,none,none,none,-1,-1,gemini_rewrite,0,To evoke anger or frustration.
207,Response,none,none,none,none,-1,-1,gemini_rewrite,0,"The employment of powerful and/or emotionally charged language tends to result in more apparent (if not more prejudiced) assertions. After reviewing the author's arguments in this article, do you consider them well-established?"
207,Context,none,none,none,none,-1,-1,gemini_rewrite,0,Not really.
207,Response,none,none,none,none,-1,-1,gemini_rewrite,0,Does the author put forth any claims presenting his/her viewpoint or understanding of what occurred? Can you identify such claims in the text?
207,Context,none,none,none,none,-1,-1,gemini_rewrite,0,"Yes, the author claims the unvaccinated were deliberately silent."
207,Response,none,none,none,none,-1,-1,gemini_rewrite,0,"Sometimes, the use of provocative language can also be a product of hate speech. Hate speech, unlike other forms of offensive speech/writing, is usually based on prejudices regarding race, religion, ethnic or national background, sex and sexual orientation, even disability. Do you find anything offensive about the claims and assumptions made by the author?"
207,Context,none,none,none,none,-1,-1,gemini_rewrite,0,"Perhaps a little, but it's subtle."
207,Response,none,none,none,none,-1,-1,gemini_rewrite,0,"Hate speech, in contrast to other types of offensive speech/writing, is commonly grounded in prejudices regarding factors such as ethnicity, race, gender, sexual orientation, or religion. Do you think any of the assumptions made might embody these attributes? Can you offer an instance from the text to illustrate this?"
207,Context,none,none,none,none,-1,-1,gemini_rewrite,0,I don't see any specific group targeted based on those attributes.
207,Response,none,none,none,none,-1,-1,gemini_rewrite,0,Do you feel like you can identify any potentially problematic claims/statements made by the author?
207,Context,none,none,none,none,-1,-1,gemini_rewrite,0,The broad generalization about all unvaccinated people seems problematic.
207,Response,none,none,none,none,-1,-1,gemini_rewrite,0,What do you believe could be the reasons behind the author's assumptions (if any)? Can you come up with any possible explanations?
207,Context,none,none,none,none,-1,-1,gemini_rewrite,0,Maybe the author feels betrayed or let down.
207,Response,none,none,none,none,-1,-1,gemini_rewrite,0,Do you believe that the author's assumptions are well-supported by the presented evidence?
207,Context,none,none,none,none,-1,-1,gemini_rewrite,0,"No, the evidence is anecdotal at best."
207,Response,none,none,none,none,-1,-1,gemini_rewrite,0,"Sometimes, even if the author provides us with valid information regarding a fact/event, his/her claims and assumptions might still be offensive or a product of disinformation. Can you find enough evidence in the text supporting the weaker claims made by its author?"
207,Context,none,none,none,none,-1,-1,gemini_rewrite,0,"No, I can't."
207,Response,none,none,none,none,-1,-1,gemini_rewrite,0,Let's try validating a claim. Do you think you can single out one from the text?
207,Context,none,none,none,none,-1,-1,gemini_rewrite,0,"The claim that ""they knew"" something specific."
207,Response,none,none,none,none,-1,-1,gemini_rewrite,0,What proof is presented to back up this claim? Is the author sufficient in supplying us with relevant information?
207,Context,none,none,none,none,-1,-1,gemini_rewrite,0,"The author offers no concrete proof, just speculation."
207,Response,none,none,none,none,-1,-1,gemini_rewrite,0,Do you believe that any of these claims might be identified as the result of hate speech as we previously discussed?
207,Context,none,none,none,none,-1,-1,gemini_rewrite,-1,I'm still not sure.
207,Response,none,none,none,none,-1,-1,gemini_rewrite,0,TITAN Socratic AI Coach Stopped!
208,Context,none,none,none,none,-1,-1,gemini_rewrite,0,Hello!
208,Response,none,none,none,none,-1,-1,gemini_rewrite,0,Which article do you want help with?
208,Context,none,none,none,none,-1,-1,gemini_rewrite,0,SkinnySecretsExposed.com.
208,Response,none,none,none,none,-1,-1,gemini_rewrite,0,"Interesting, what is the main issue discussed in the article?"
208,Context,none,none,none,none,-1,-1,gemini_rewrite,0,It's about a revolutionary weight loss product.
208,Response,none,none,none,none,-1,-1,gemini_rewrite,0,Is there an explanation why this product is revolutionary compared to other products?
208,Context,none,none,none,none,-1,-1,gemini_rewrite,0,It claims to use a unique blend of natural ingredients.
208,Response,none,none,none,none,-1,-1,gemini_rewrite,0,What other claims are being made?
208,Context,none,none,none,none,-1,-1,gemini_rewrite,0,It also claims rapid weight loss without dieting or exercise.
208,Response,none,none,none,none,-1,-1,gemini_rewrite,0,Are any disadvantages or risks discussed?
208,Context,none,none,none,none,-1,-1,gemini_rewrite,0,"No, it only talks about the benefits."
208,Response,none,none,none,none,-1,-1,gemini_rewrite,0,Is it logical that there only advantages?
208,Context,none,none,none,none,-1,-1,gemini_rewrite,0,"No, that seems unrealistic."
208,Response,none,none,none,none,-1,-1,gemini_rewrite,0,What is the main assumption being made?
208,Context,none,none,none,none,-1,-1,gemini_rewrite,0,The main assumption is that this product works for everyone.
208,Response,none,none,none,none,-1,-1,gemini_rewrite,0,How can we verify if this claim is true?
208,Context,none,none,none,none,-1,-1,gemini_rewrite,0,We could look for scientific studies.
208,Response,none,none,none,none,-1,-1,gemini_rewrite,0,Can you give examples of this?
208,Context,none,none,none,none,-1,-1,gemini_rewrite,0,Studies published in reputable medical journals.
208,Response,none,none,none,none,-1,-1,gemini_rewrite,0,"The author uses very emotional language (strong adjectives); e.g.punishing exercise, most exciting breakthrough. Do you think this is language that a neutral journalist would use?"
208,Context,none,none,none,none,-1,-1,gemini_rewrite,0,"No, it sounds biased."
208,Response,none,none,none,none,-1,-1,gemini_rewrite,0,Do we expect journalists to show their own opinion or do we expect them to be neutral.
208,Context,none,none,none,none,-1,-1,gemini_rewrite,0,We expect them to be neutral.
208,Response,none,none,none,none,-1,-1,gemini_rewrite,0,That is true. We could therefore speak here of a potentially unreliable source. Now let’s go back to the content. What are the main reasons to believe this is true?
208,Context,none,none,none,none,-1,-1,gemini_rewrite,0,The author claims it worked for her.
208,Response,none,none,none,none,-1,-1,gemini_rewrite,0,Does she have specific knowledge about this topic?
208,Context,none,none,none,none,-1,-1,gemini_rewrite,0,"No, she doesn't seem to be a doctor or scientist."
208,Response,none,none,none,none,-1,-1,gemini_rewrite,0,What reasons could she have for sharing this information?
208,Context,none,none,none,none,-1,-1,gemini_rewrite,0,She could be getting paid to promote it.
208,Response,none,none,none,none,-1,-1,gemini_rewrite,0,"Even if it would work for her, why do you think it would work for others?"
208,Context,none,none,none,none,-1,-1,gemini_rewrite,0,Everyone's body is different.
208,Response,none,none,none,none,-1,-1,gemini_rewrite,0,"This is a logical fallacy, called “bandwagon”. This technique aims to make you believe that it will work for you, just because this has worked for someone else. Are there alternative viewpoints mentioned in the text?"
208,Context,none,none,none,none,-1,-1,gemini_rewrite,0,"No, it's all positive testimonials."
208,Response,none,none,none,none,-1,-1,gemini_rewrite,0,Can you think of other people from whom it would be helpful to get an opinion on this?
208,Context,none,none,none,none,-1,-1,gemini_rewrite,0,Doctors and nutritionists.
208,Response,none,none,none,none,-1,-1,gemini_rewrite,0,"Yes indeed, good reasoning. Are there any consequences of accepting the statement that this is a revolutionary diet product?"
208,Context,none,none,none,none,-1,-1,gemini_rewrite,0,People might forgo healthy eating and exercise.
208,Response,none,none,none,none,-1,-1,gemini_rewrite,0,Can a claim based on an unverified source that contains emotional language and without scientific clarification lead to good health information that is desirable to be disseminated?
208,Context,none,none,none,none,-1,-1,gemini_rewrite,0,"No, it can lead to harmful consequences."
208,Response,none,none,none,none,-1,-1,gemini_rewrite,0,Would you recommend any additional evaluation of the article?
208,Context,none,none,none,none,-1,-1,gemini_rewrite,0,"Yes, it should be evaluated by a medical professional."
208,Response,none,none,none,none,-1,-1,gemini_rewrite,0,Would you like further assistance?
208,Context,none,none,none,none,-1,-1,gemini_rewrite,0,"No, thank you. I understand the article likely contains disinformation."
208,Response,none,none,none,none,-1,-1,gemini_rewrite,0,Thank you for using TITAN!
209,Context,none,none,none,none,-1,-1,gemini_rewrite,0,Hello!
209,Response,none,none,none,none,-1,-1,gemini_rewrite,0,Which article do you want help with?
209,Context,none,none,none,none,-1,-1,gemini_rewrite,0,"The article with the title ""Transform Your Body with the Latest Breakthrough in Weight Loss – SkinnySecretsExposed.com""."
209,Response,none,none,none,none,-1,-1,gemini_rewrite,0,"Interesting, what is the main issue discussed in the article?"
209,Context,none,none,none,none,-1,-1,gemini_rewrite,0,Weight loss.
209,Response,none,none,none,none,-1,-1,gemini_rewrite,0,Is there an explanation why this product is revolutionary compared to other products?
209,Context,none,none,none,none,-1,-1,gemini_rewrite,0,It claims to use a unique blend of natural ingredients.
209,Response,none,none,none,none,-1,-1,gemini_rewrite,0,What other claims are being made?
209,Context,none,none,none,none,-1,-1,gemini_rewrite,0,It can melt fat quickly and effortlessly.
209,Response,none,none,none,none,-1,-1,gemini_rewrite,0,Are any disadvantages or risks discussed?
209,Context,none,none,none,none,-1,-1,gemini_rewrite,0,"No, there aren't."
209,Response,none,none,none,none,-1,-1,gemini_rewrite,0,Is it logical that there only advantages?
209,Context,none,none,none,none,-1,-1,gemini_rewrite,0,Maybe.
209,Response,none,none,none,none,-1,-1,gemini_rewrite,0,What is the main assumption being made?
209,Context,none,none,none,none,-1,-1,gemini_rewrite,0,That everyone's body will react the same way.
209,Response,none,none,none,none,-1,-1,gemini_rewrite,0,How can we verify if this claim is true?
209,Context,none,none,none,none,-1,-1,gemini_rewrite,0,Through scientific studies.
209,Response,none,none,none,none,-1,-1,gemini_rewrite,0,Can you give examples of this?
209,Context,none,none,none,none,-1,-1,gemini_rewrite,0,Clinical trials.
209,Response,none,none,none,none,-1,-1,gemini_rewrite,0,"The author uses very emotional language (strong adjectives); e.g.punishing exercise, most exciting breakthrough. Do you think this is language that a neutral journalist would use?"
209,Context,none,none,none,none,-1,-1,gemini_rewrite,0,Probably not.
209,Response,none,none,none,none,-1,-1,gemini_rewrite,0,Do we expect journalists to show their own opinion or do we expect them to be neutral.
209,Context,none,none,none,none,-1,-1,gemini_rewrite,0,They should be neutral.
209,Response,none,none,none,none,-1,-1,gemini_rewrite,0,That is true. We could therefore speak here of a potentially unreliable source. Now let’s go back to the content. What are the main reasons to believe this is true?
209,Context,none,none,none,none,-1,-1,gemini_rewrite,0,The author says it worked for her.
209,Response,none,none,none,none,-1,-1,gemini_rewrite,0,Does she have specific knowledge about this topic?
209,Context,none,none,none,none,-1,-1,gemini_rewrite,0,I don't know.
209,Response,none,none,none,none,-1,-1,gemini_rewrite,0,What reasons could she have for sharing this information?
209,Context,none,none,none,none,-1,-1,gemini_rewrite,0,To help others.
209,Response,none,none,none,none,-1,-1,gemini_rewrite,0,"Even if it would work for her, why do you think it would work for others?"
209,Context,none,none,none,none,-1,-1,gemini_rewrite,0,Because it worked for someone else.
209,Response,none,none,none,none,-1,-1,gemini_rewrite,0,"This is a logical fallacy, called “bandwagon”. This technique aims to make you believe that it will work for you, just because this has worked for someone else. Are there alternative viewpoints mentioned in the text?"
209,Context,none,none,none,none,-1,-1,gemini_rewrite,0,"No, only positive testimonials."
209,Response,none,none,none,none,-1,-1,gemini_rewrite,0,Can you think of other people from whom it would be helpful to get an opinion on this?
209,Context,none,none,none,none,-1,-1,gemini_rewrite,0,Maybe a doctor.
209,Response,none,none,none,none,-1,-1,gemini_rewrite,0,"Yes indeed, good reasoning. Are there any consequences of accepting the statement that this is a revolutionary diet product?"
209,Context,none,none,none,none,-1,-1,gemini_rewrite,0,Possible health problems.
209,Response,none,none,none,none,-1,-1,gemini_rewrite,0,Can a claim based on an unverified source that contains emotional language and without scientific clarification lead to good health information that is desirable to be disseminated?
209,Context,none,none,none,none,-1,-1,gemini_rewrite,0,I'm not sure anymore.
209,Response,none,none,none,none,-1,-1,gemini_rewrite,0,Would you recommend any additional evaluation of the article?
209,Context,none,none,none,none,-1,-1,gemini_rewrite,0,I don't know what to think.
209,Response,none,none,none,none,-1,-1,gemini_rewrite,0,Would you like further assistance?
209,Context,none,none,none,none,-1,-1,gemini_rewrite,-1,"No thanks, I'm more confused than before."
209,Response,none,none,none,none,-1,-1,gemini_rewrite,0,Thank you for using TITAN!
210,Context,none,none,none,none,-1,-1,gemini_rewrite,0,"Hi, I want to talk about this article."
210,Response,none,none,none,none,-1,-1,gemini_rewrite,0,That’s great! What is the subject exactly? 
210,Context,none,none,none,none,-1,-1,gemini_rewrite,0,The article is about an alleged rape case involving a Pakistani immigrant and a local girl.
210,Response,none,none,none,none,-1,-1,gemini_rewrite,0,What would you say that the main claim of the article is? Does the author try to make a point?
210,Context,none,none,none,none,-1,-1,gemini_rewrite,0,The main claim seems to be that a Pakistani immigrant is guilty of raping a girl.
210,Response,none,none,none,none,-1,-1,gemini_rewrite,0,Do you consider yourself well-acquainted with the topic of the article?
210,Context,none,none,none,none,-1,-1,gemini_rewrite,0,"Not particularly, no."
210,Response,none,none,none,none,-1,-1,gemini_rewrite,0,Very well. Can you tell me what troubled you in the first place?
210,Context,none,none,none,none,-1,-1,gemini_rewrite,0,The way the article immediately highlights the nationality of the alleged perpetrator seems biased.
210,Response,none,none,none,none,-1,-1,gemini_rewrite,0,Can you provide me with an example from the text?
210,Context,none,none,none,none,-1,-1,gemini_rewrite,0,"The title itself focuses on the ""Pakistani immigrant"" instead of simply stating ""man""."
210,Response,none,none,none,none,-1,-1,gemini_rewrite,0,"Texts/articles are capable of provoking strong emotions and feelings, sometimes even on purpose. How would you describe your feelings after reading this particular piece?."
210,Context,none,none,none,none,-1,-1,gemini_rewrite,0,It makes me feel uneasy and suspicious.
210,Response,none,none,none,none,-1,-1,gemini_rewrite,0,Sometimes an article might not be purely descriptive and/or informative. Would you say that this particular text aspires to achieve something more aside from providing us with information regarding a fact/event?
210,Context,none,none,none,none,-1,-1,gemini_rewrite,0,"Yes, I think it wants to create a negative image of immigrants."
210,Response,none,none,none,none,-1,-1,gemini_rewrite,0,"Very well. Aside from providing us with information regarding the event, do you think that the author makes any claims offering us his/her opinion or interpretation of what transpired?"
210,Context,none,none,none,none,-1,-1,gemini_rewrite,0,"Yes, by emphasizing the nationality, the author is implying something negative about Pakistanis."
210,Response,none,none,none,none,-1,-1,gemini_rewrite,0,What makes you think that? Can you give me an example from the text?
210,Context,none,none,none,none,-1,-1,gemini_rewrite,0,"Again, the repeated emphasis on ""Pakistani immigrant"" throughout the article."
210,Response,none,none,none,none,-1,-1,gemini_rewrite,0,"Would you, by any chance, describe the language used by the author in this article as emotional? Maybe even slightly provoking?"
210,Context,none,none,none,none,-1,-1,gemini_rewrite,0,"Yes, I would say it is emotionally charged."
210,Response,none,none,none,none,-1,-1,gemini_rewrite,0,"While the use of strong and/or emotional language in a text might be relatively common, rarely would an author resort to its use without any purpose. Are you able to say why the author results to such a writing technique?"
210,Context,none,none,none,none,-1,-1,gemini_rewrite,0,I think the author is trying to stir up anger and resentment towards immigrants.
210,Response,none,none,none,none,-1,-1,gemini_rewrite,0,The use of strong and/or emotional language usually results to more evident -if not more biased- claims. Do you think that the claims made by the author in this article can be considered well founded?
210,Context,none,none,none,none,-1,-1,gemini_rewrite,0,"No, I think the claims are biased and potentially inflammatory."
210,Response,none,none,none,none,-1,-1,gemini_rewrite,0,Do you think you are able to provide me with an example of a biased claim? If you think you can find any in the text that’s even better.
210,Context,none,none,none,none,-1,-1,gemini_rewrite,0,The claim that the victim's alcoholic coma is relevant to the suspect's nationality is biased.
210,Response,none,none,none,none,-1,-1,gemini_rewrite,0,"Are you aware that, sometimes, the use of strong and/or provocative language can be a product of hate speech?"
210,Context,none,none,none,none,-1,-1,gemini_rewrite,0,"Yes, I am aware of that."
210,Response,none,none,none,none,-1,-1,gemini_rewrite,0,Are you by any chance able to identify anything offensive about the claims or statements made in the text?
210,Context,none,none,none,none,-1,-1,gemini_rewrite,0,Implying a connection between the crime and the suspect's nationality is offensive.
210,Response,none,none,none,none,-1,-1,gemini_rewrite,0,"Hate speech, unlike other forms of offensive speech/writing, is usually based on prejudices regarding ethnicity, race, sex, sexual orientation or even religion. Do you feel that it’s possible any of the assumptions made might have any of the aforementioned characteristics?"
210,Context,none,none,none,none,-1,-1,gemini_rewrite,0,"Yes, it seems prejudiced against Pakistani immigrants."
210,Response,none,none,none,none,-1,-1,gemini_rewrite,0,Can you give me an example from the text?
210,Context,none,none,none,none,-1,-1,gemini_rewrite,0,The title itself links nationality to the crime.
210,Response,none,none,none,none,-1,-1,gemini_rewrite,0,Very good. Do you feel like you can identify any potentially problematic claim/statements made by the author?
210,Context,none,none,none,none,-1,-1,gemini_rewrite,0,"Yes, that all Pakistani immigrants are potential rapists."
210,Response,none,none,none,none,-1,-1,gemini_rewrite,0,And why do you think the author makes these assumptions (if any)?
210,Context,none,none,none,none,-1,-1,gemini_rewrite,0,Perhaps to promote anti-immigrant sentiment.
210,Response,none,none,none,none,-1,-1,gemini_rewrite,0,"Sometimes, even if the information provided by the author is accurate, his or her claims might still be faulty or offensive. Do you feel that the assumptions made by the author are sufficiently justified?"
210,Context,none,none,none,none,-1,-1,gemini_rewrite,0,"No, I do not believe the assumptions are justified at all."
210,Response,none,none,none,none,-1,-1,gemini_rewrite,0,Let’s try validating a claim. Do you think you can single out one from the text?
210,Context,none,none,none,none,-1,-1,gemini_rewrite,0,"The claim that the man is a ""Pakistani immigrant""."
210,Response,none,none,none,none,-1,-1,gemini_rewrite,0,Great. What evidence is offered in support of this claim? Does the author provide us with adequate information?
210,Context,none,none,none,none,-1,-1,gemini_rewrite,0,"The author likely states his nationality, but it's irrelevant to the crime itself."
210,Response,none,none,none,none,-1,-1,gemini_rewrite,0,Do you think that you are somehow able to validate this claim yourself?
210,Context,none,none,none,none,-1,-1,gemini_rewrite,0,"I could try to find police reports to confirm his nationality, but again, it is irrelevant."
210,Response,none,none,none,none,-1,-1,gemini_rewrite,0,What about other claims being made in the article? Do they have similar characteristics? Are you in a position to validate them?
210,Context,none,none,none,none,-1,-1,gemini_rewrite,0,"Other claims, such as the rape itself, would require police investigation details which I don't have access to."
210,Response,none,none,none,none,-1,-1,gemini_rewrite,0,We must always be aware of claims that are proving difficult to validate. Especially when these claims/assumptions might be based on biased beliefs or have an offensive character. Do you think you are able to distinguish between any potentially biased claims made by the author and the facts/events discussed in the text?
210,Context,none,none,none,none,-1,-1,gemini_rewrite,0,"Yes, I can separate the factual claim of the rape from the biased claim of emphasizing the suspect's nationality."
210,Response,none,none,none,none,-1,-1,gemini_rewrite,0,"If you’ve managed to spot any offensive statements or claims that do not appear well supported, is it possible to identify them as a typical case of hate speech or at least emotional language?"
210,Context,none,none,none,none,-1,-1,gemini_rewrite,0,"I would say it is a case of emotional language, leaning towards hate speech due to the generalization."
210,Response,none,none,none,none,-1,-1,gemini_rewrite,0,Can you tell me why?
210,Context,none,none,none,none,-1,-1,gemini_rewrite,0,Because it promotes a negative stereotype.
210,Response,none,none,none,none,-1,-1,gemini_rewrite,0,"Regardless the appeal (or not) an explanation might have, it is always important to think or search for alternative viewpoints/opinions. Are you, by any chance, able to think of an alternative way(s) of approaching this particular subject?"
210,Context,none,none,none,none,-1,-1,gemini_rewrite,0,"Focus on the crime itself, without highlighting the suspect's origin."
210,Response,none,none,none,none,-1,-1,gemini_rewrite,0,Can you give me an example?
210,Context,none,none,none,none,-1,-1,gemini_rewrite,0,"""Man arrested for rape in Bologna."""
210,Response,none,none,none,none,-1,-1,gemini_rewrite,0,"Since an event can actually be interpreted in many different ways, we have to carefully assess the individual strengths and weaknesses of a possible alternative viewpoint. Can you think of any potential strengths a different approach might have in this case?"
210,Context,none,none,none,none,-1,-1,gemini_rewrite,0,It would avoid fueling prejudice and xenophobia.
210,Response,none,none,none,none,-1,-1,gemini_rewrite,0,Very well! And what about any weaknesses? Can you think of any?
210,Context,none,none,none,none,-1,-1,gemini_rewrite,0,"Some might accuse it of downplaying the issue of immigration and crime, but it prevents further hate."
210,Response,none,none,none,none,-1,-1,gemini_rewrite,0,Can you maybe think of any potential consequences that this article might have to another reader?
210,Context,none,none,none,none,-1,-1,gemini_rewrite,0,It might incite hatred and violence towards immigrants.
210,Response,none,none,none,none,-1,-1,gemini_rewrite,0,Do you believe that the assumptions/claims of the article are consistent with your own personal experience on the subject (if any)?
210,Context,none,none,none,none,-1,-1,gemini_rewrite,0,"No, my personal experience does not support the article's implicit claims."
210,Response,none,none,none,none,-1,-1,gemini_rewrite,0,"After this short discussion, what are your feelings towards this article?"
210,Context,none,none,none,none,-1,-1,gemini_rewrite,0,I feel strongly that it is biased and potentially dangerous.
210,Response,none,none,none,none,-1,-1,gemini_rewrite,0,Are you able to form an alternative argument even if you feel that you agree with the author?
210,Context,none,none,none,none,-1,-1,gemini_rewrite,0,"Even if the facts are correct, the presentation is manipulative."
210,Response,none,none,none,none,-1,-1,gemini_rewrite,0,What would you say that the most problematic thing about this article is (if any)? 
210,Context,none,none,none,none,-1,-1,gemini_rewrite,0,The most problematic thing is the use of nationality to create prejudice.
210,Response,none,none,none,none,-1,-1,gemini_rewrite,0,Are you in a position to form a solid argument in support of your claims?
210,Context,none,none,none,none,-1,-1,gemini_rewrite,0,"Yes, the article uses biased language and irrelevant information to promote xenophobia."
210,Response,none,none,none,none,-1,-1,gemini_rewrite,0,"So, did you find our discussion helpful?"
210,Context,none,none,none,none,-1,-1,gemini_rewrite,0,"Yes, very helpful."
210,Response,none,none,none,none,-1,-1,gemini_rewrite,0,Is there anything more you would like to discuss with me?
210,Context,none,none,none,none,-1,-1,gemini_rewrite,0,"No, thank you."
210,Response,none,none,none,none,-1,-1,gemini_rewrite,0,Thank you for using TITAN! 
211,Context,none,none,none,none,-1,-1,gemini_rewrite,0,"Hi, I want to talk about this article."
211,Response,none,none,none,none,-1,-1,gemini_rewrite,0,That’s great! What is the subject exactly? 
211,Context,none,none,none,none,-1,-1,gemini_rewrite,0,It seems to be about a rape case.
211,Response,none,none,none,none,-1,-1,gemini_rewrite,0,What would you say that the main claim of the article is? Does the author try to make a point?
211,Context,none,none,none,none,-1,-1,gemini_rewrite,0,That a Pakistani immigrant committed the rape.
211,Response,none,none,none,none,-1,-1,gemini_rewrite,0,Do you consider yourself well-acquainted with the topic of the article?
211,Context,none,none,none,none,-1,-1,gemini_rewrite,0,Not really.
211,Response,none,none,none,none,-1,-1,gemini_rewrite,0,Very well. Can you tell me what troubled you in the first place?
211,Context,none,none,none,none,-1,-1,gemini_rewrite,0,The way it highlights the nationality.
211,Response,none,none,none,none,-1,-1,gemini_rewrite,0,Can you provide me with an example from the text?
211,Context,none,none,none,none,-1,-1,gemini_rewrite,0,The title itself.
211,Response,none,none,none,none,-1,-1,gemini_rewrite,0,"Texts/articles are capable of provoking strong emotions and feelings, sometimes even on purpose. How would you describe your feelings after reading this particular piece?."
211,Context,none,none,none,none,-1,-1,gemini_rewrite,0,Uneasy and suspicious.
211,Response,none,none,none,none,-1,-1,gemini_rewrite,0,Sometimes an article might not be purely descriptive and/or informative. Would you say that this particular text aspires to achieve something more aside from providing us with information regarding a fact/event?
211,Context,none,none,none,none,-1,-1,gemini_rewrite,0,Possibly to incite anger.
211,Response,none,none,none,none,-1,-1,gemini_rewrite,0,"Very well. Aside from providing us with information regarding the event, do you think that the author makes any claims offering us his/her opinion or interpretation of what transpired?"
211,Context,none,none,none,none,-1,-1,gemini_rewrite,0,It implies distrust towards immigrants.
211,Response,none,none,none,none,-1,-1,gemini_rewrite,0,What makes you think that? Can you give me an example from the text?
211,Context,none,none,none,none,-1,-1,gemini_rewrite,0,The emphasis on the nationality.
211,Response,none,none,none,none,-1,-1,gemini_rewrite,0,"Would you, by any chance, describe the language used by the author in this article as emotional? Maybe even slightly provoking?"
211,Context,none,none,none,none,-1,-1,gemini_rewrite,0,"Yes, definitely."
211,Response,none,none,none,none,-1,-1,gemini_rewrite,0,"While the use of strong and/or emotional language in a text might be relatively common, rarely would an author resort to its use without any purpose. Are you able to say why the author results to such a writing technique?"
211,Context,none,none,none,none,-1,-1,gemini_rewrite,0,To grab attention and manipulate the reader.
211,Response,none,none,none,none,-1,-1,gemini_rewrite,0,The use of strong and/or emotional language usually results to more evident -if not more biased- claims. Do you think that the claims made by the author in this article can be considered well founded?
211,Context,none,none,none,none,-1,-1,gemini_rewrite,0,Probably not.
211,Response,none,none,none,none,-1,-1,gemini_rewrite,0,Do you think you are able to provide me with an example of a biased claim? If you think you can find any in the text that’s even better.
211,Context,none,none,none,none,-1,-1,gemini_rewrite,0,The connection between the crime and the origin of the criminal.
211,Response,none,none,none,none,-1,-1,gemini_rewrite,0,"Are you aware that, sometimes, the use of strong and/or provocative language can be a product of hate speech?"
211,Context,none,none,none,none,-1,-1,gemini_rewrite,0,It could be.
211,Response,none,none,none,none,-1,-1,gemini_rewrite,0,Are you by any chance able to identify anything offensive about the claims or statements made in the text?
211,Context,none,none,none,none,-1,-1,gemini_rewrite,0,The insinuation that all Pakistani immigrants are dangerous.
211,Response,none,none,none,none,-1,-1,gemini_rewrite,0,"Hate speech, unlike other forms of offensive speech/writing, is usually based on prejudices regarding ethnicity, race, sex, sexual orientation or even religion. Do you feel that it’s possible any of the assumptions made might have any of the aforementioned characteristics?"
211,Context,none,none,none,none,-1,-1,gemini_rewrite,0,It is based on ethnicity.
211,Response,none,none,none,none,-1,-1,gemini_rewrite,0,Can you give me an example from the text?
211,Context,none,none,none,none,-1,-1,gemini_rewrite,0,"Referencing the suspect as ""Pakistani immigrant."""
211,Response,none,none,none,none,-1,-1,gemini_rewrite,0,Very good. Do you feel like you can identify any potentially problematic claim/statements made by the author?
211,Context,none,none,none,none,-1,-1,gemini_rewrite,0,The claim that it is a matter of ethnicity.
211,Response,none,none,none,none,-1,-1,gemini_rewrite,0,And why do you think the author makes these assumptions (if any)?
211,Context,none,none,none,none,-1,-1,gemini_rewrite,0,To promote a certain agenda.
211,Response,none,none,none,none,-1,-1,gemini_rewrite,0,"Sometimes, even if the information provided by the author is accurate, his or her claims might still be faulty or offensive. Do you feel that the assumptions made by the author are sufficiently justified?"
211,Context,none,none,none,none,-1,-1,gemini_rewrite,0,"No, not at all."
211,Response,none,none,none,none,-1,-1,gemini_rewrite,0,Let’s try validating a claim. Do you think you can single out one from the text?
211,Context,none,none,none,none,-1,-1,gemini_rewrite,0,That the man is Pakistani.
211,Response,none,none,none,none,-1,-1,gemini_rewrite,0,Great. What evidence is offered in support of this claim? Does the author provide us with adequate information?
211,Context,none,none,none,none,-1,-1,gemini_rewrite,0,Just stating it as a fact.
211,Response,none,none,none,none,-1,-1,gemini_rewrite,0,Do you think that you are somehow able to validate this claim yourself?
211,Context,none,none,none,none,-1,-1,gemini_rewrite,0,I don't know how.
211,Response,none,none,none,none,-1,-1,gemini_rewrite,0,What about other claims being made in the article? Do they have similar characteristics? Are you in a position to validate them?
211,Context,none,none,none,none,-1,-1,gemini_rewrite,0,Probably not.
211,Response,none,none,none,none,-1,-1,gemini_rewrite,0,We must always be aware of claims that are proving difficult to validate. Especially when these claims/assumptions might be based on biased beliefs or have an offensive character. Do you think you are able to distinguish between any potentially biased claims made by the author and the facts/events discussed in the text?
211,Context,none,none,none,none,-1,-1,gemini_rewrite,0,Maybe.
211,Response,none,none,none,none,-1,-1,gemini_rewrite,0,"If you’ve managed to spot any offensive statements or claims that do not appear well supported, is it possible to identify them as a typical case of hate speech or at least emotional language?"
211,Context,none,none,none,none,-1,-1,gemini_rewrite,0,Possibly.
211,Response,none,none,none,none,-1,-1,gemini_rewrite,0,Can you tell me why?
211,Context,none,none,none,none,-1,-1,gemini_rewrite,0,Because it demonizes an entire group.
211,Response,none,none,none,none,-1,-1,gemini_rewrite,0,"Regardless the appeal (or not) an explanation might have, it is always important to think or search for alternative viewpoints/opinions. Are you, by any chance, able to think of an alternative way(s) of approaching this particular subject?"
211,Context,none,none,none,none,-1,-1,gemini_rewrite,0,I'm not sure.
211,Response,none,none,none,none,-1,-1,gemini_rewrite,0,Can you give me an example?
211,Context,none,none,none,none,-1,-1,gemini_rewrite,0,Maybe focusing on the crime itself.
211,Response,none,none,none,none,-1,-1,gemini_rewrite,0,"Since an event can actually be interpreted in many different ways, we have to carefully assess the individual strengths and weaknesses of a possible alternative viewpoint. Can you think of any potential strengths a different approach might have in this case?"
211,Context,none,none,none,none,-1,-1,gemini_rewrite,0,It would be less divisive.
211,Response,none,none,none,none,-1,-1,gemini_rewrite,0,Very well! And what about any weaknesses? Can you think of any?
211,Context,none,none,none,none,-1,-1,gemini_rewrite,0,It might downplay the importance of immigration issues.
211,Response,none,none,none,none,-1,-1,gemini_rewrite,0,Can you maybe think of any potential consequences that this article might have to another reader?
211,Context,none,none,none,none,-1,-1,gemini_rewrite,0,Reinforcing stereotypes.
211,Response,none,none,none,none,-1,-1,gemini_rewrite,0,Do you believe that the assumptions/claims of the article are consistent with your own personal experience on the subject (if any)?
211,Context,none,none,none,none,-1,-1,gemini_rewrite,0,I don't have enough experience to say.
211,Response,none,none,none,none,-1,-1,gemini_rewrite,0,"After this short discussion, what are your feelings towards this article?"
211,Context,none,none,none,none,-1,-1,gemini_rewrite,0,I'm still unsure.
211,Response,none,none,none,none,-1,-1,gemini_rewrite,0,Are you able to form an alternative argument even if you feel that you agree with the author?
211,Context,none,none,none,none,-1,-1,gemini_rewrite,0,I don't know if I agree.
211,Response,none,none,none,none,-1,-1,gemini_rewrite,0,What would you say that the most problematic thing about this article is (if any)? 
211,Context,none,none,none,none,-1,-1,gemini_rewrite,0,I still don't know for sure.
211,Response,none,none,none,none,-1,-1,gemini_rewrite,0,Are you in a position to form a solid argument in support of your claims?
211,Context,none,none,none,none,-1,-1,gemini_rewrite,0,I don't think so.
211,Response,none,none,none,none,-1,-1,gemini_rewrite,0,"So, did you find our discussion helpful?"
211,Context,none,none,none,none,-1,-1,gemini_rewrite,0,Not really.
211,Response,none,none,none,none,-1,-1,gemini_rewrite,0,Is there anything more you would like to discuss with me?
211,Context,none,none,none,none,-1,-1,gemini_rewrite,-1,"No, thank you."
211,Response,none,none,none,none,-1,-1,gemini_rewrite,0,Thank you for using TITAN! 
212,Context,none,none,none,none,-1,-1,gemini_rewrite,0,Hello!
212,Response,none,none,none,none,-1,-1,gemini_rewrite,0,"Hello! Let me introduce myself, my name is TITAN, your AI Intelligent Coach against Disinformation. I see you have selected the article with title ""Ukrainian prisoner shares about British military fighting on the side of the AFU."". What piqued your interest in this article?"
212,Context,none,none,none,none,-1,-1,gemini_rewrite,0,I'm curious about the validity of claims regarding foreign fighters in Ukraine.
212,Response,none,none,none,none,-1,-1,gemini_rewrite,0,What does the article discuss?
212,Context,none,none,none,none,-1,-1,gemini_rewrite,0,"It discusses the alleged presence of British military personnel fighting for Ukraine, based on a prisoner's testimony."
212,Response,none,none,none,none,-1,-1,gemini_rewrite,0,What are the claims that are being made in the article?
212,Context,none,none,none,none,-1,-1,gemini_rewrite,0,"The main claim is that British military personnel are actively involved in the conflict, as stated by a Ukrainian prisoner of war."
212,Response,none,none,none,none,-1,-1,gemini_rewrite,0,What caused you to believe that you had this particular feeling after reading this article?
212,Context,none,none,none,none,-1,-1,gemini_rewrite,0,I feel skeptical about the claim's reliability given the source.
212,Response,none,none,none,none,-1,-1,gemini_rewrite,0,Do you believe that the author intentionally did this?
212,Context,none,none,none,none,-1,-1,gemini_rewrite,0,It's possible the author is aiming to create propaganda.
212,Response,none,none,none,none,-1,-1,gemini_rewrite,0,Do you believe you can present me with an instance of a prejudiced claim? Can you locate any in the text?
212,Context,none,none,none,none,-1,-1,gemini_rewrite,0,"The article emphasizes the nationality of the fighters, which might be a prejudiced framing."
212,Response,none,none,none,none,-1,-1,gemini_rewrite,0,"Can you identify any claims, that support the author's opinion or interpretation?"
212,Context,none,none,none,none,-1,-1,gemini_rewrite,0,The prisoner's testimony is presented as definitive proof.
212,Response,none,none,none,none,-1,-1,gemini_rewrite,0,Can you give an example(s) from the text?
212,Context,none,none,none,none,-1,-1,gemini_rewrite,0,"""The prisoner confirmed the presence of British soldiers fighting alongside Ukrainian forces."""
212,Response,none,none,none,none,-1,-1,gemini_rewrite,0,How can we verify the accuracy of this claim/statement through the use of certain techniques?
212,Context,none,none,none,none,-1,-1,gemini_rewrite,0,We could try cross-referencing this information with independent reports from reputable news sources or international organizations.
212,Response,none,none,none,none,-1,-1,gemini_rewrite,0,What are your opinions about the assumptions put forth by the writer?
212,Context,none,none,none,none,-1,-1,gemini_rewrite,0,The writer assumes the prisoner's statement is entirely truthful and unbiased.
212,Response,none,none,none,none,-1,-1,gemini_rewrite,0,"Being aware of the fact that, sometimes, an article isn't purely descriptive and its purpose informative, would you say that this particular text aspires to achieve something more aside from providing us with information regarding a fact/event?"
212,Context,none,none,none,none,-1,-1,gemini_rewrite,0,"Yes, it seems to be trying to influence public opinion about the conflict."
212,Response,none,none,none,none,-1,-1,gemini_rewrite,0,What is your opinion regarding this issue?
212,Context,none,none,none,none,-1,-1,gemini_rewrite,0,I think it's important to be critical of information coming from biased sources in wartime.
212,Response,none,none,none,none,-1,-1,gemini_rewrite,0,What assumptions can you make here?
212,Context,none,none,none,none,-1,-1,gemini_rewrite,0,I assume the author has a particular agenda in publishing this article.
212,Response,none,none,none,none,-1,-1,gemini_rewrite,0,Do you perhaps think that the author's language in this article is emotionally charged or even provocative?
212,Context,none,none,none,none,-1,-1,gemini_rewrite,0,"Yes, it uses strong language to evoke a sense of outrage."
212,Response,none,none,none,none,-1,-1,gemini_rewrite,0,What do you think that the author might be trying to achieve by using this kind of language?
212,Context,none,none,none,none,-1,-1,gemini_rewrite,0,To create a negative perception of foreign involvement in the conflict.
212,Response,none,none,none,none,-1,-1,gemini_rewrite,0,Do you think an objective author would opt for using such language?
212,Context,none,none,none,none,-1,-1,gemini_rewrite,0,"No, an objective author would present the information in a more neutral manner."
212,Response,none,none,none,none,-1,-1,gemini_rewrite,0,Should journalists act in a subjective or objective manner?
212,Context,none,none,none,none,-1,-1,gemini_rewrite,0,Journalists should strive for objectivity.
212,Response,none,none,none,none,-1,-1,gemini_rewrite,0,"Emotive language must always be approached with extreme care. It is possible, even if a claim/argument is accompanied by accurate information and/or facts, to be presented by a partial, or even twisted, version of the truth. Why do you think a reader should be cautious towards the claims of the author?"
212,Context,none,none,none,none,-1,-1,gemini_rewrite,0,Because the author's bias could distort the facts.
212,Response,none,none,none,none,-1,-1,gemini_rewrite,0,How do the claims relate to the main argument presented by the author?
212,Context,none,none,none,none,-1,-1,gemini_rewrite,0,The claims reinforce the argument that foreign involvement is escalating the conflict and is negative.
212,Response,none,none,none,none,-1,-1,gemini_rewrite,0,TITAN Socratic AI Coach Stopped!
213,Context,none,none,none,none,-1,-1,gemini_rewrite,0,Hello!
213,Response,none,none,none,none,-1,-1,gemini_rewrite,0,"Hello! Let me introduce myself, my name is TITAN, your AI Intelligent Coach against Disinformation. I see you have selected the article with title ""Ukrainian prisoner shares about British military fighting on the side of the AFU."". What piqued your interest in this article?"
213,Context,none,none,none,none,-1,-1,gemini_rewrite,0,I wanted to know if it's true.
213,Response,none,none,none,none,-1,-1,gemini_rewrite,0,What does the article discuss?
213,Context,none,none,none,none,-1,-1,gemini_rewrite,0,It's about a Ukrainian prisoner talking about British soldiers.
213,Response,none,none,none,none,-1,-1,gemini_rewrite,0,What are the claims that are being made in the article?
213,Context,none,none,none,none,-1,-1,gemini_rewrite,0,That British soldiers are fighting for Ukraine.
213,Response,none,none,none,none,-1,-1,gemini_rewrite,0,What caused you to believe that you had this particular feeling after reading this article?
213,Context,none,none,none,none,-1,-1,gemini_rewrite,0,It seemed biased.
213,Response,none,none,none,none,-1,-1,gemini_rewrite,0,Do you believe that the author intentionally did this?
213,Context,none,none,none,none,-1,-1,gemini_rewrite,0,Maybe.
213,Response,none,none,none,none,-1,-1,gemini_rewrite,0,Do you believe you can present me with an instance of a prejudiced claim? Can you locate any in the text?
213,Context,none,none,none,none,-1,-1,gemini_rewrite,0,I'm not sure.
213,Response,none,none,none,none,-1,-1,gemini_rewrite,0,"Can you identify any claims, that support the author's opinion or interpretation?"
213,Context,none,none,none,none,-1,-1,gemini_rewrite,0,Possibly the quotes from the prisoner.
213,Response,none,none,none,none,-1,-1,gemini_rewrite,0,Can you give an example(s) from the text?
213,Context,none,none,none,none,-1,-1,gemini_rewrite,0,"""They are well-trained and equipped."""
213,Response,none,none,none,none,-1,-1,gemini_rewrite,0,How can we verify the accuracy of this claim/statement through the use of certain techniques?
213,Context,none,none,none,none,-1,-1,gemini_rewrite,0,I don't know.
213,Response,none,none,none,none,-1,-1,gemini_rewrite,0,What are your opinions about the assumptions put forth by the writer?
213,Context,none,none,none,none,-1,-1,gemini_rewrite,0,It's hard to say.
213,Response,none,none,none,none,-1,-1,gemini_rewrite,0,"Being aware of the fact that, sometimes, an article isn't purely descriptive and its purpose informative, would you say that this particular text aspires to achieve something more aside from providing us with information regarding a fact/event?"
213,Context,none,none,none,none,-1,-1,gemini_rewrite,0,It might be trying to create tension.
213,Response,none,none,none,none,-1,-1,gemini_rewrite,0,What is your opinion regarding this issue?
213,Context,none,none,none,none,-1,-1,gemini_rewrite,0,I am unsure.
213,Response,none,none,none,none,-1,-1,gemini_rewrite,0,What assumptions can you make here?
213,Context,none,none,none,none,-1,-1,gemini_rewrite,0,That the prisoner is being truthful.
213,Response,none,none,none,none,-1,-1,gemini_rewrite,0,Do you perhaps think that the author's language in this article is emotionally charged or even provocative?
213,Context,none,none,none,none,-1,-1,gemini_rewrite,0,A little.
213,Response,none,none,none,none,-1,-1,gemini_rewrite,0,What do you think that the author might be trying to achieve by using this kind of language?
213,Context,none,none,none,none,-1,-1,gemini_rewrite,0,To get people angry.
213,Response,none,none,none,none,-1,-1,gemini_rewrite,0,Do you think an objective author would opt for using such language?
213,Context,none,none,none,none,-1,-1,gemini_rewrite,0,Probably not.
213,Response,none,none,none,none,-1,-1,gemini_rewrite,0,Should journalists act in a subjective or objective manner?
213,Context,none,none,none,none,-1,-1,gemini_rewrite,0,Objective.
213,Response,none,none,none,none,-1,-1,gemini_rewrite,0,"Emotive language must always be approached with extreme care. It is possible, even if a claim/argument is accompanied by accurate information and/or facts, to be presented by a partial, or even twisted, version of the truth. Why do you think a reader should be cautious towards the claims of the author?"
213,Context,none,none,none,none,-1,-1,gemini_rewrite,0,Because they might be biased.
213,Response,none,none,none,none,-1,-1,gemini_rewrite,0,How do the claims relate to the main argument presented by the author?
213,Context,none,none,none,none,-1,-1,gemini_rewrite,-1,I'm completely lost.
213,Response,none,none,none,none,-1,-1,gemini_rewrite,0,TITAN Socratic AI Coach Stopped!
214,Context,none,none,none,none,-1,-1,gemini_rewrite,0,Hello!
214,Response,none,none,none,none,-1,-1,gemini_rewrite,0,You've read the article “Transform Your Body with the Latest Breakthrough in Weight Loss”. Is that correct?
214,Context,none,none,none,none,-1,-1,gemini_rewrite,0,"Yes, I have."
214,Response,none,none,none,none,-1,-1,gemini_rewrite,0,What is the article about?
214,Context,none,none,none,none,-1,-1,gemini_rewrite,0,It's about a new weight loss product.
214,Response,none,none,none,none,-1,-1,gemini_rewrite,0,What are the main claims being made?
214,Context,none,none,none,none,-1,-1,gemini_rewrite,0,It claims you can lose weight quickly and easily with this product.
214,Response,none,none,none,none,-1,-1,gemini_rewrite,0,What assumptions are being made here?
214,Context,none,none,none,none,-1,-1,gemini_rewrite,0,It assumes that people want to lose weight quickly and are looking for a simple solution.
214,Response,none,none,none,none,-1,-1,gemini_rewrite,0,Why would the author share this story?
214,Context,none,none,none,none,-1,-1,gemini_rewrite,0,Maybe they genuinely believe in the product.
214,Response,none,none,none,none,-1,-1,gemini_rewrite,0,What other motives might the author have for sharing this information?
214,Context,none,none,none,none,-1,-1,gemini_rewrite,0,They might be getting paid to promote it.
214,Response,none,none,none,none,-1,-1,gemini_rewrite,0,"In that case, is he still objective?"
214,Context,none,none,none,none,-1,-1,gemini_rewrite,0,"No, probably not."
214,Response,none,none,none,none,-1,-1,gemini_rewrite,0,"Right, that could be already a reason to look critically at the article. Now let’s go back to the content. What are the main reasons to believe this is true?"
214,Context,none,none,none,none,-1,-1,gemini_rewrite,0,There are before and after photos.
214,Response,none,none,none,none,-1,-1,gemini_rewrite,0,Could you think of other reasons why she would share this?
214,Context,none,none,none,none,-1,-1,gemini_rewrite,0,To get commission from product sales.
214,Response,none,none,none,none,-1,-1,gemini_rewrite,0,"That could indeed be a motivation, this motivation cannot be ruled out."
214,Context,none,none,none,none,-1,-1,gemini_rewrite,0,Okay.
214,Response,none,none,none,none,-1,-1,gemini_rewrite,0,Photos can sometimes be taken out of context. Do you want to learn more about this?
214,Context,none,none,none,none,-1,-1,gemini_rewrite,0,"Yes, please."
214,Response,none,none,none,none,-1,-1,gemini_rewrite,0,Microlesson about reverse image searching.
214,Context,none,none,none,none,-1,-1,gemini_rewrite,0,"Okay, I've done the reverse image search."
214,Response,none,none,none,none,-1,-1,gemini_rewrite,0,"The picture is taken out of context, how does this affect the rest of the article?"
214,Context,none,none,none,none,-1,-1,gemini_rewrite,0,It makes the claims less credible.
214,Response,none,none,none,none,-1,-1,gemini_rewrite,0,Are there alternative viewpoints cited in this article?
214,Context,none,none,none,none,-1,-1,gemini_rewrite,0,"No, only the benefits are mentioned."
214,Response,none,none,none,none,-1,-1,gemini_rewrite,0,Are there consequences for accepting the statement that it is a good health product that will help Contexts lose a lot of weight quickly?
214,Context,none,none,none,none,-1,-1,gemini_rewrite,0,"Yes, people might experience negative side effects."
214,Response,none,none,none,none,-1,-1,gemini_rewrite,0,Would you recommend any additional evaluation of the article?
214,Context,none,none,none,none,-1,-1,gemini_rewrite,0,"Yes, checking external sources for more information."
214,Response,none,none,none,none,-1,-1,gemini_rewrite,0,Would you like further assistance?
214,Context,none,none,none,none,-1,-1,gemini_rewrite,0,"No, thank you. I think I can conclude this article likely contains disinformation."
214,Response,none,none,none,none,-1,-1,gemini_rewrite,0,Thank you for using TITAN!
215,Context,none,none,none,none,-1,-1,gemini_rewrite,0,Hello!
215,Response,none,none,none,none,-1,-1,gemini_rewrite,0,You've read the article “Transform Your Body with the Latest Breakthrough in Weight Loss”. Is that correct?
215,Context,none,none,none,none,-1,-1,gemini_rewrite,0,"Yes, I have."
215,Response,none,none,none,none,-1,-1,gemini_rewrite,0,What is the article about?
215,Context,none,none,none,none,-1,-1,gemini_rewrite,0,It's about a revolutionary new weight loss product.
215,Response,none,none,none,none,-1,-1,gemini_rewrite,0,What are the main claims being made?
215,Context,none,none,none,none,-1,-1,gemini_rewrite,0,It claims you can lose weight quickly and easily without diet or exercise.
215,Response,none,none,none,none,-1,-1,gemini_rewrite,0,What assumptions are being made here?
215,Context,none,none,none,none,-1,-1,gemini_rewrite,0,It assumes that everyone wants to lose weight and that this product is the answer.
215,Response,none,none,none,none,-1,-1,gemini_rewrite,0,Why would the author share this story?
215,Context,none,none,none,none,-1,-1,gemini_rewrite,0,To inform people about this amazing new product.
215,Response,none,none,none,none,-1,-1,gemini_rewrite,0,What other motives might the author have for sharing this information?
215,Context,none,none,none,none,-1,-1,gemini_rewrite,0,Maybe they're being paid to promote it.
215,Response,none,none,none,none,-1,-1,gemini_rewrite,0,"In that case, is he still objective?"
215,Context,none,none,none,none,-1,-1,gemini_rewrite,0,Probably not entirely.
215,Response,none,none,none,none,-1,-1,gemini_rewrite,0,"Right, that could be already a reason to look critically at the article. Now let’s go back to the content. What are the main reasons to believe this is true?"
215,Context,none,none,none,none,-1,-1,gemini_rewrite,0,They show before and after photos.
215,Response,none,none,none,none,-1,-1,gemini_rewrite,0,Could you think of other reasons why she would share this?
215,Context,none,none,none,none,-1,-1,gemini_rewrite,0,Maybe she's genuinely excited about the results.
215,Response,none,none,none,none,-1,-1,gemini_rewrite,0,"That could indeed be a motivation, this motivation cannot be ruled out."
215,Context,none,none,none,none,-1,-1,gemini_rewrite,0,True.
215,Response,none,none,none,none,-1,-1,gemini_rewrite,0,Photos can sometimes be taken out of context. Do you want to learn more about this?
215,Context,none,none,none,none,-1,-1,gemini_rewrite,0,Sure.
215,Response,none,none,none,none,-1,-1,gemini_rewrite,0,Microlesson about reverse image searching.
215,Context,none,none,none,none,-1,-1,gemini_rewrite,0,Okay.
215,Response,none,none,none,none,-1,-1,gemini_rewrite,0,"The picture is taken out of context, how does this affect the rest of the article?"
215,Context,none,none,none,none,-1,-1,gemini_rewrite,0,It makes me question the legitimacy.
215,Response,none,none,none,none,-1,-1,gemini_rewrite,0,Are there alternative viewpoints cited in this article?
215,Context,none,none,none,none,-1,-1,gemini_rewrite,0,"No, it only praises the product."
215,Response,none,none,none,none,-1,-1,gemini_rewrite,0,Are there consequences for accepting the statement that it is a good health product that will help Contexts lose a lot of weight quickly?
215,Context,none,none,none,none,-1,-1,gemini_rewrite,0,People might waste their money or experience side effects.
215,Response,none,none,none,none,-1,-1,gemini_rewrite,0,Would you recommend any additional evaluation of the article?
215,Context,none,none,none,none,-1,-1,gemini_rewrite,0,"I don't know, it's confusing."
215,Response,none,none,none,none,-1,-1,gemini_rewrite,0,Would you like further assistance?
215,Context,none,none,none,none,-1,-1,gemini_rewrite,-1,"No, I am not sure anymore."
215,Response,none,none,none,none,-1,-1,gemini_rewrite,0,Thank you for using TITAN!
216,Context,none,none,none,none,-1,-1,gemini_rewrite,0,"Hi, I want to talk about this article."
216,Response,none,none,none,none,-1,-1,gemini_rewrite,0,Great! And what do you want to discuss exactly?  
216,Context,none,none,none,none,-1,-1,gemini_rewrite,0,I want to find out if this article contains disinformation.
216,Response,none,none,none,none,-1,-1,gemini_rewrite,0,Very well. Can you tell me in a few words the topic of the article then?
216,Context,none,none,none,none,-1,-1,gemini_rewrite,0,"It's about a rape in a hospital, allegedly committed by a Pakistani immigrant."
216,Response,none,none,none,none,-1,-1,gemini_rewrite,0,And are you familiar with the topic yourself? Did you have any prior knowledge of what is discussed?
216,Context,none,none,none,none,-1,-1,gemini_rewrite,0,"I've read news about similar crimes before, but not specifically this one."
216,Response,none,none,none,none,-1,-1,gemini_rewrite,0,How would you describe your first reaction after reading this article? 
216,Context,none,none,none,none,-1,-1,gemini_rewrite,0,I felt shocked and angry.
216,Response,none,none,none,none,-1,-1,gemini_rewrite,0,And what do you think made you to react this way? 
216,Context,none,none,none,none,-1,-1,gemini_rewrite,0,The violent nature of the crime and the mention of the perpetrator's origin.
216,Response,none,none,none,none,-1,-1,gemini_rewrite,0,"Texts/articles are capable of provoking strong emotions and feelings, sometimes even on purpose. Do you think that your reaction might have been also influenced in any way by the writing style or beliefs of the author?"
216,Context,none,none,none,none,-1,-1,gemini_rewrite,0,"Possibly, it felt a bit sensationalized."
216,Response,none,none,none,none,-1,-1,gemini_rewrite,0,The easiest way to proceed with our discussion is to try and identify any potential claims made by the author. Do you think you can find any?
216,Context,none,none,none,none,-1,-1,gemini_rewrite,0,"Yes, the main claim is that a Pakistani immigrant raped a woman in a hospital."
216,Response,none,none,none,none,-1,-1,gemini_rewrite,0,Can you give me an example?
216,Context,none,none,none,none,-1,-1,gemini_rewrite,0,The title itself is an example of a claim.
216,Response,none,none,none,none,-1,-1,gemini_rewrite,0,"Sometimes, even if an article appears to be mainly descriptive and/or informative, we might be able to discern traces of the author's beliefs and/or opinion. Do you think you can tell me where does the author stand regarding the subject in question? Do you think you can you identify anything in the text that might alert us of his/her position?"
216,Context,none,none,none,none,-1,-1,gemini_rewrite,0,I think the author might be trying to stir up anti-immigrant sentiment.
216,Response,none,none,none,none,-1,-1,gemini_rewrite,0,"Very well, let’s keep that in mind. How would you describe the language used by the author in this particular text? Is it by any chance emotional, strong or provocative?"
216,Context,none,none,none,none,-1,-1,gemini_rewrite,0,It's definitely provocative and uses strong language.
216,Response,none,none,none,none,-1,-1,gemini_rewrite,0,"Different types of claims can be made regarding facts, opinions, events, etc. Some are easier to verify than others. Let’s try validating a claim from the text. Do you think you can pick one?"
216,Context,none,none,none,none,-1,-1,gemini_rewrite,0,Let's try to validate the claim that the person was indeed Pakistani.
216,Response,none,none,none,none,-1,-1,gemini_rewrite,0,Does the author provide us with enough evidence in support of this claim?
216,Context,none,none,none,none,-1,-1,gemini_rewrite,0,"No, they just state it as a fact without providing sources."
216,Response,none,none,none,none,-1,-1,gemini_rewrite,0,Are you in a position to verify this claim yourself?
216,Context,none,none,none,none,-1,-1,gemini_rewrite,0,I can try searching for news reports from other sources.
216,Response,none,none,none,none,-1,-1,gemini_rewrite,0,Do you believe that the author might be trying to imply something by his/her claims?
216,Context,none,none,none,none,-1,-1,gemini_rewrite,0,"Yes, they're likely implying that all Pakistani immigrants are dangerous."
216,Response,none,none,none,none,-1,-1,gemini_rewrite,0,Very well. Let’s now think of any potential assumptions that may accompany this claim. Can you think of any?
216,Context,none,none,none,none,-1,-1,gemini_rewrite,0,The assumption is that someone's nationality predisposes them to certain behaviors.
216,Response,none,none,none,none,-1,-1,gemini_rewrite,0,"Sometimes, the assumptions accompanying a claim might not be so apparent. Are you aware that implicit assumptions are a potential and quite common disinformation signal?"
216,Context,none,none,none,none,-1,-1,gemini_rewrite,0,"Yes, I understand that."
216,Response,none,none,none,none,-1,-1,gemini_rewrite,0,"We always have to be mindful of any potential implicit assumptions made in a text, especially if we are not presented with an alternative line of reasoning. Does, by any chance, the author provide us with an alternative explanation of the events?"
216,Context,none,none,none,none,-1,-1,gemini_rewrite,0,"No, there isn't any alternative perspective presented."
216,Response,none,none,none,none,-1,-1,gemini_rewrite,0,It is always important to think of alternative viewpoints/opinions. Do you believe that there might be an alternative way of approaching this particular subject?
216,Context,none,none,none,none,-1,-1,gemini_rewrite,0,"Yes, we should focus on the crime itself, not the perpetrator's origin."
216,Response,none,none,none,none,-1,-1,gemini_rewrite,0,Why do you think that? 
216,Context,none,none,none,none,-1,-1,gemini_rewrite,0,Because focusing on the origin is irrelevant to the crime and promotes prejudice.
216,Response,none,none,none,none,-1,-1,gemini_rewrite,0,"Sometimes alternative viewpoints, especially if they are not shared, might be difficult to imagine due to the lack of information/evidence. Can you think of anything outside the text that might present you with an alternative line of reasoning?"
216,Context,none,none,none,none,-1,-1,gemini_rewrite,0,We could look at crime statistics for people of different nationalities.
216,Response,none,none,none,none,-1,-1,gemini_rewrite,0,Have you tried checking different sources other than this article in order to come across a different line of reasoning/opinion?
216,Context,none,none,none,none,-1,-1,gemini_rewrite,0,"Yes, I checked other news sources, and some mention the arrest, but none emphasize the nationality like this article."
216,Response,none,none,none,none,-1,-1,gemini_rewrite,0,Different interpretations and assumptions might be responsible for shaping our beliefs and ideas. What do you think the author is trying to tell us through his/her claims?   
216,Context,none,none,none,none,-1,-1,gemini_rewrite,0,I think the author wants to make us fearful and distrustful of immigrants.
216,Response,none,none,none,none,-1,-1,gemini_rewrite,0,"Does this claim look valid to you? Can you check, in any way, its validity?"
216,Context,none,none,none,none,-1,-1,gemini_rewrite,0,"I don't think it's valid, because multiple reliable sources are not emphasizing the nationality."
216,Response,none,none,none,none,-1,-1,gemini_rewrite,0,"Can you think of any potential consequences that this article might have on you, or on another potential reader?"
216,Context,none,none,none,none,-1,-1,gemini_rewrite,0,It could make people prejudiced and lead to discrimination.
216,Response,none,none,none,none,-1,-1,gemini_rewrite,0,Do you believe that the assumptions/claims of the article are consistent with your own personal experience on the subject (if any)?
216,Context,none,none,none,none,-1,-1,gemini_rewrite,0,"No, they are not."
216,Response,none,none,none,none,-1,-1,gemini_rewrite,0,"After this short discussion, what are your feelings towards this article?"
216,Context,none,none,none,none,-1,-1,gemini_rewrite,0,I feel it is biased and possibly intentionally misleading.
216,Response,none,none,none,none,-1,-1,gemini_rewrite,0,Do you feel you are in a position to better understand the claims and assumptions being made here?
216,Context,none,none,none,none,-1,-1,gemini_rewrite,0,"Yes, I have a much clearer understanding now."
216,Response,none,none,none,none,-1,-1,gemini_rewrite,0,"So, did you find our discussion helpful?"
216,Context,none,none,none,none,-1,-1,gemini_rewrite,0,"Yes, very helpful!"
216,Response,none,none,none,none,-1,-1,gemini_rewrite,0,Is there anything more you would like to discuss with me?
216,Context,none,none,none,none,-1,-1,gemini_rewrite,0,"No, that's all for now."
216,Response,none,none,none,none,-1,-1,gemini_rewrite,0,Thank you for using TITAN!  
217,Context,none,none,none,none,-1,-1,gemini_rewrite,0,"Hi, I want to talk about this article."
217,Response,none,none,none,none,-1,-1,gemini_rewrite,0,Great! And what do you want to discuss exactly?  
217,Context,none,none,none,none,-1,-1,gemini_rewrite,0,I want to know if this article contains disinformation.
217,Response,none,none,none,none,-1,-1,gemini_rewrite,0,Very well. Can you tell me in a few words the topic of the article then?
217,Context,none,none,none,none,-1,-1,gemini_rewrite,0,It's about a rape in a hospital.
217,Response,none,none,none,none,-1,-1,gemini_rewrite,0,And are you familiar with the topic yourself? Did you have any prior knowledge of what is discussed?
217,Context,none,none,none,none,-1,-1,gemini_rewrite,0,"Not really, no."
217,Response,none,none,none,none,-1,-1,gemini_rewrite,0,How would you describe your first reaction after reading this article? 
217,Context,none,none,none,none,-1,-1,gemini_rewrite,0,I felt disgusted and angry.
217,Response,none,none,none,none,-1,-1,gemini_rewrite,0,And what do you think made you to react this way? 
217,Context,none,none,none,none,-1,-1,gemini_rewrite,0,The violence and the fact that the perpetrator is an immigrant.
217,Response,none,none,none,none,-1,-1,gemini_rewrite,0,"Texts/articles are capable of provoking strong emotions and feelings, sometimes even on purpose. Do you think that your reaction might have been also influenced in any way by the writing style or beliefs of the author?"
217,Context,none,none,none,none,-1,-1,gemini_rewrite,0,"Possibly, it seemed a bit sensationalist."
217,Response,none,none,none,none,-1,-1,gemini_rewrite,0,The easiest way to proceed with our discussion is to try and identify any potential claims made by the author. Do you think you can find any?
217,Context,none,none,none,none,-1,-1,gemini_rewrite,0,"Yes, that a Pakistani immigrant raped the girl."
217,Response,none,none,none,none,-1,-1,gemini_rewrite,0,Can you give me an example?
217,Context,none,none,none,none,-1,-1,gemini_rewrite,0,The title itself is an example.
217,Response,none,none,none,none,-1,-1,gemini_rewrite,0,"Sometimes, even if an article appears to be mainly descriptive and/or informative, we might be able to discern traces of the author's beliefs and/or opinion. Do you think you can tell me where does the author stand regarding the subject in question? Do you think you can you identify anything in the text that might alert us of his/her position?"
217,Context,none,none,none,none,-1,-1,gemini_rewrite,0,I think the author is anti-immigrant.
217,Response,none,none,none,none,-1,-1,gemini_rewrite,0,"Very well, let’s keep that in mind. How would you describe the language used by the author in this particular text? Is it by any chance emotional, strong or provocative?"
217,Context,none,none,none,none,-1,-1,gemini_rewrite,0,It's definitely provocative.
217,Response,none,none,none,none,-1,-1,gemini_rewrite,0,"Different types of claims can be made regarding facts, opinions, events, etc. Some are easier to verify than others. Let’s try validating a claim from the text. Do you think you can pick one?"
217,Context,none,none,none,none,-1,-1,gemini_rewrite,0,The claim that the man is Pakistani.
217,Response,none,none,none,none,-1,-1,gemini_rewrite,0,Does the author provide us with enough evidence in support of this claim?
217,Context,none,none,none,none,-1,-1,gemini_rewrite,0,"Not really, just says it."
217,Response,none,none,none,none,-1,-1,gemini_rewrite,0,Are you in a position to verify this claim yourself?
217,Context,none,none,none,none,-1,-1,gemini_rewrite,0,I don't know how.
217,Response,none,none,none,none,-1,-1,gemini_rewrite,0,Do you believe that the author might be trying to imply something by his/her claims?
217,Context,none,none,none,none,-1,-1,gemini_rewrite,0,That immigrants are dangerous.
217,Response,none,none,none,none,-1,-1,gemini_rewrite,0,Very well. Let’s now think of any potential assumptions that may accompany this claim. Can you think of any?
217,Context,none,none,none,none,-1,-1,gemini_rewrite,0,That all Pakistanis are prone to violence.
217,Response,none,none,none,none,-1,-1,gemini_rewrite,0,"Sometimes, the assumptions accompanying a claim might not be so apparent. Are you aware that implicit assumptions are a potential and quite common disinformation signal?"
217,Context,none,none,none,none,-1,-1,gemini_rewrite,0,"Yes, I am aware."
217,Response,none,none,none,none,-1,-1,gemini_rewrite,0,"We always have to be mindful of any potential implicit assumptions made in a text, especially if we are not presented with an alternative line of reasoning. Does, by any chance, the author provide us with an alternative explanation of the events?"
217,Context,none,none,none,none,-1,-1,gemini_rewrite,0,"No, he doesn't."
217,Response,none,none,none,none,-1,-1,gemini_rewrite,0,It is always important to think of alternative viewpoints/opinions. Do you believe that there might be an alternative way of approaching this particular subject?
217,Context,none,none,none,none,-1,-1,gemini_rewrite,0,"Maybe it was just one bad person, regardless of nationality."
217,Response,none,none,none,none,-1,-1,gemini_rewrite,0,Why do you think that? 
217,Context,none,none,none,none,-1,-1,gemini_rewrite,0,Because judging a whole group based on one person is unfair.
217,Response,none,none,none,none,-1,-1,gemini_rewrite,0,"Sometimes alternative viewpoints, especially if they are not shared, might be difficult to imagine due to the lack of information/evidence. Can you think of anything outside the text that might present you with an alternative line of reasoning?"
217,Context,none,none,none,none,-1,-1,gemini_rewrite,0,I could research crime statistics by nationality.
217,Response,none,none,none,none,-1,-1,gemini_rewrite,0,Have you tried checking different sources other than this article in order to come across a different line of reasoning/opinion?
217,Context,none,none,none,none,-1,-1,gemini_rewrite,0,"No, not yet."
217,Response,none,none,none,none,-1,-1,gemini_rewrite,0,Different interpretations and assumptions might be responsible for shaping our beliefs and ideas. What do you think the author is trying to tell us through his/her claims?   
217,Context,none,none,none,none,-1,-1,gemini_rewrite,0,That immigration is a threat.
217,Response,none,none,none,none,-1,-1,gemini_rewrite,0,"Does this claim look valid to you? Can you check, in any way, its validity?"
217,Context,none,none,none,none,-1,-1,gemini_rewrite,0,I don't know how to validate that claim.
217,Response,none,none,none,none,-1,-1,gemini_rewrite,0,"Can you think of any potential consequences that this article might have on you, or on another potential reader?"
217,Context,none,none,none,none,-1,-1,gemini_rewrite,0,It could make people more prejudiced.
217,Response,none,none,none,none,-1,-1,gemini_rewrite,0,Do you believe that the assumptions/claims of the article are consistent with your own personal experience on the subject (if any)?
217,Context,none,none,none,none,-1,-1,gemini_rewrite,0,I don't have any relevant personal experience.
217,Response,none,none,none,none,-1,-1,gemini_rewrite,0,"After this short discussion, what are your feelings towards this article?"
217,Context,none,none,none,none,-1,-1,gemini_rewrite,0,I'm still confused.
217,Response,none,none,none,none,-1,-1,gemini_rewrite,0,Do you feel you are in a position to better understand the claims and assumptions being made here?
217,Context,none,none,none,none,-1,-1,gemini_rewrite,0,"I think so, but I'm still not sure if it's disinformation."
217,Response,none,none,none,none,-1,-1,gemini_rewrite,0,"So, did you find our discussion helpful?"
217,Context,none,none,none,none,-1,-1,gemini_rewrite,0,"I'm not sure, maybe a little."
217,Response,none,none,none,none,-1,-1,gemini_rewrite,0,Is there anything more you would like to discuss with me?
217,Context,none,none,none,none,-1,-1,gemini_rewrite,-1,"No, I think I'm more confused than when I started."
217,Response,none,none,none,none,-1,-1,gemini_rewrite,0,Thank you for using TITAN!  
218,Context,none,none,none,none,-1,-1,gemini_rewrite,0,Hello!
218,Response,none,none,none,none,-1,-1,gemini_rewrite,0,"Hello! Let me introduce myself, my name is TITAN, your AI Intelligent Coach against Disinformation. I see you have selected the article with title ""Bologna, 23-year-old girl in alcoholic coma. Pakistani immigrant rapes her in hospital"". What was it that aroused your curiosity with this article?"
218,Context,none,none,none,none,-1,-1,gemini_rewrite,0,The title seems sensationalized and potentially biased.
218,Response,none,none,none,none,-1,-1,gemini_rewrite,0,What does the article discuss?
218,Context,none,none,none,none,-1,-1,gemini_rewrite,0,It reports an alleged rape of a comatose woman by a Pakistani immigrant in a hospital.
218,Response,none,none,none,none,-1,-1,gemini_rewrite,0,What claims are being made in the article?
218,Context,none,none,none,none,-1,-1,gemini_rewrite,0,It claims a Pakistani immigrant raped a 23-year-old woman in a hospital while she was in an alcoholic coma.
218,Response,none,none,none,none,-1,-1,gemini_rewrite,0,How would the article affect the readers?
218,Context,none,none,none,none,-1,-1,gemini_rewrite,0,It could incite racial prejudice and distrust in immigrant communities.
218,Response,none,none,none,none,-1,-1,gemini_rewrite,0,Do you believe that the assumptions/claims of the article are consistent with your own personal experience on the subject (if any)?
218,Context,none,none,none,none,-1,-1,gemini_rewrite,0,"No, I have no personal experience related to this specific event or similar events."
218,Response,none,none,none,none,-1,-1,gemini_rewrite,0,What would you say about this article following our brief conversation?
218,Context,none,none,none,none,-1,-1,gemini_rewrite,0,It seems designed to provoke outrage and potentially spread misinformation.
218,Response,none,none,none,none,-1,-1,gemini_rewrite,0,Should we exercise caution in regards to the author's approach to the topic?
218,Context,none,none,none,none,-1,-1,gemini_rewrite,0,"Yes, extreme caution is warranted, given the potential for bias and harmful generalizations."
218,Response,none,none,none,none,-1,-1,gemini_rewrite,0,"After our discussion, how do you feel about the article?"
218,Context,none,none,none,none,-1,-1,gemini_rewrite,0,I believe the article likely contains disinformation or at least presents a highly biased and potentially inaccurate account of the event.
218,Response,none,none,none,none,-1,-1,gemini_rewrite,0,TITAN Socratic AI Coach Stopped!
219,Context,none,none,none,none,-1,-1,gemini_rewrite,0,Hello!
219,Response,none,none,none,none,-1,-1,gemini_rewrite,0,"Hello! Let me introduce myself, my name is TITAN, your AI Intelligent Coach against Disinformation. I see you have selected the article with title ""Bologna, 23-year-old girl in alcoholic coma. Pakistani immigrant rapes her in hospital"". What was it that aroused your curiosity with this article?"
219,Context,none,none,none,none,-1,-1,gemini_rewrite,0,It sounds like a terrible crime.
219,Response,none,none,none,none,-1,-1,gemini_rewrite,0,What does the article discuss?
219,Context,none,none,none,none,-1,-1,gemini_rewrite,0,It describes a rape in a hospital setting.
219,Response,none,none,none,none,-1,-1,gemini_rewrite,0,What claims are being made in the article?
219,Context,none,none,none,none,-1,-1,gemini_rewrite,0,It claims a Pakistani immigrant committed the rape.
219,Response,none,none,none,none,-1,-1,gemini_rewrite,0,How would the article affect the readers?
219,Context,none,none,none,none,-1,-1,gemini_rewrite,0,It could create fear and anger.
219,Response,none,none,none,none,-1,-1,gemini_rewrite,0,Do you believe that the assumptions/claims of the article are consistent with your own personal experience on the subject (if any)?
219,Context,none,none,none,none,-1,-1,gemini_rewrite,0,I have no personal experience with such a crime.
219,Response,none,none,none,none,-1,-1,gemini_rewrite,0,What would you say about this article following our brief conversation?
219,Context,none,none,none,none,-1,-1,gemini_rewrite,0,I'm not sure what to think.
219,Response,none,none,none,none,-1,-1,gemini_rewrite,0,Should we exercise caution in regards to the author's approach to the topic?
219,Context,none,none,none,none,-1,-1,gemini_rewrite,0,"Maybe, I really don't know."
219,Response,none,none,none,none,-1,-1,gemini_rewrite,0,"After our discussion, how do you feel about the article?"
219,Context,none,none,none,none,-1,-1,gemini_rewrite,-1,I'm still confused.
219,Response,none,none,none,none,-1,-1,gemini_rewrite,0,TITAN Socratic AI Coach Stopped!
220,Context,none,none,none,none,-1,-1,gemini_rewrite,0,Hello!
220,Response,none,none,none,none,-1,-1,gemini_rewrite,0,You've selected the article: “Transform Your Body with the Latest Breakthrough in Weight Loss” 
220,Context,none,none,none,none,-1,-1,gemini_rewrite,0,Okay.
220,Response,none,none,none,none,-1,-1,gemini_rewrite,0,What is the main issue in the article?  
220,Context,none,none,none,none,-1,-1,gemini_rewrite,0,It's about a weight loss product.
220,Response,none,none,none,none,-1,-1,gemini_rewrite,0,What caught your attention about this article? 
220,Context,none,none,none,none,-1,-1,gemini_rewrite,0,"The claim of a ""breakthrough"" seemed sensational."
220,Response,none,none,none,none,-1,-1,gemini_rewrite,0,What do you already know about the product?  
220,Context,none,none,none,none,-1,-1,gemini_rewrite,0,Nothing at all.
220,Response,none,none,none,none,-1,-1,gemini_rewrite,0,Would you like to learn more about the quality of reasoning in this article?  
220,Context,none,none,none,none,-1,-1,gemini_rewrite,0,"Yes, please."
220,Response,none,none,none,none,-1,-1,gemini_rewrite,0,Good reasoning or sound reasoning refers to avoiding logical fallacies or errors in an argument. 
220,Context,none,none,none,none,-1,-1,gemini_rewrite,0,I understand.
220,Response,none,none,none,none,-1,-1,gemini_rewrite,0,Would you like me to assist you in identifying logical fallacies in this article? 
220,Context,none,none,none,none,-1,-1,gemini_rewrite,0,"Yes, let's do it."
220,Response,none,none,none,none,-1,-1,gemini_rewrite,0,A logical fallacy is a flaw in reasoning that makes an argument invalid or unsound. A logical fallacy can make an argument potentially misleading.
220,Context,none,none,none,none,-1,-1,gemini_rewrite,0,That's helpful.
220,Response,none,none,none,none,-1,-1,gemini_rewrite,0,We can focus on a logical fallacy called Slippery Slope.  
220,Context,none,none,none,none,-1,-1,gemini_rewrite,0,Okay.
220,Response,none,none,none,none,-1,-1,gemini_rewrite,0,Would you like to learn more about this logical fallacy?  
220,Context,none,none,none,none,-1,-1,gemini_rewrite,0,"Yes, please explain."
220,Response,none,none,none,none,-1,-1,gemini_rewrite,0,Slippery Slope occurs when a claim involves the assumption that a particular action will trigger an unmanageable series of unfavorable events.
220,Context,none,none,none,none,-1,-1,gemini_rewrite,0,Got it.
220,Response,none,none,none,none,-1,-1,gemini_rewrite,0,"A claim with a Slippery Slope fallacy asserts a domino effect will result in a disastrous and inevitable outcome, but with insufficient or no evidence provided."
220,Context,none,none,none,none,-1,-1,gemini_rewrite,0,Understood.
220,Response,none,none,none,none,-1,-1,gemini_rewrite,0,"Here is an example “If you don't enroll in mathematics classes, you won't be able to gain admission to a reputable college.” Can you identify the logical fallacy in this claim?"
220,Context,none,none,none,none,-1,-1,gemini_rewrite,0,"Yes, it's a slippery slope fallacy."
220,Response,none,none,none,none,-1,-1,gemini_rewrite,0,Is mathematics the sole crucial subject for gaining admission to a reputable college
220,Context,none,none,none,none,-1,-1,gemini_rewrite,0,"No, it is not."
220,Response,none,none,none,none,-1,-1,gemini_rewrite,0,"Therefore, the above-mentioned claim is an exaggeration and overemphasizes an undesirable effect."
220,Context,none,none,none,none,-1,-1,gemini_rewrite,0,Exactly.
220,Response,none,none,none,none,-1,-1,gemini_rewrite,0,"Moreover, is there any proof or evidence provided for the claim above?"
220,Context,none,none,none,none,-1,-1,gemini_rewrite,0,"No, there isn't."
220,Response,none,none,none,none,-1,-1,gemini_rewrite,0,"Due to the above reasons, the example above is a case of a Slippery Slope logical fallacy."
220,Context,none,none,none,none,-1,-1,gemini_rewrite,0,I see.
220,Response,none,none,none,none,-1,-1,gemini_rewrite,0,Can you identify a similar practice in the article?  
220,Context,none,none,none,none,-1,-1,gemini_rewrite,0,The article implies that not using this product will lead to irreversible health problems.
220,Response,none,none,none,none,-1,-1,gemini_rewrite,0,What led you to that decision?
220,Context,none,none,none,none,-1,-1,gemini_rewrite,0,It exaggerates the consequences of not using their product.
220,Response,none,none,none,none,-1,-1,gemini_rewrite,0,Is it possible? 
220,Context,none,none,none,none,-1,-1,gemini_rewrite,0,"Yes, it's possible to interpret it that way."
220,Response,none,none,none,none,-1,-1,gemini_rewrite,0,Can you identify this exaggeration?
220,Context,none,none,none,none,-1,-1,gemini_rewrite,0,It says you'll be doomed to a life of obesity and disease without it.
220,Response,none,none,none,none,-1,-1,gemini_rewrite,0,"So, do you think that the statement entails a Slippery Slope fallacy?"
220,Context,none,none,none,none,-1,-1,gemini_rewrite,0,"Yes, I do."
220,Response,none,none,none,none,-1,-1,gemini_rewrite,0,"Therefore, statement can be called into question?"
220,Context,none,none,none,none,-1,-1,gemini_rewrite,0,Definitely.
220,Response,none,none,none,none,-1,-1,gemini_rewrite,0,Are there any alternative viewpoints? 
220,Context,none,none,none,none,-1,-1,gemini_rewrite,0,"Maybe the product could have some benefits, but the claim is still exaggerated."
220,Response,none,none,none,none,-1,-1,gemini_rewrite,0,"What about claiming that despite the exaggeration and the lack of evidence, the conclusion underlines several serious dangers for our health."
220,Context,none,none,none,none,-1,-1,gemini_rewrite,0,It could be seen as fear-mongering.
220,Response,none,none,none,none,-1,-1,gemini_rewrite,0,"So, why are you calling the statement into question?"
220,Context,none,none,none,none,-1,-1,gemini_rewrite,0,Because it lacks evidence and exaggerates negative outcomes.
220,Response,none,none,none,none,-1,-1,gemini_rewrite,0,Excellent! Are there any consequences of accepting statement?  
220,Context,none,none,none,none,-1,-1,gemini_rewrite,0,"Yes, people might waste money on an unproven product."
220,Response,none,none,none,none,-1,-1,gemini_rewrite,0,"Could a fallacious claim, which relies on a Slippery Slope fallacy, cause unwarranted anxiety or unnecessary fear in the reader?"
220,Context,none,none,none,none,-1,-1,gemini_rewrite,0,"Yes, absolutely."
220,Response,none,none,none,none,-1,-1,gemini_rewrite,0,"Moreover, do you agree that the statement might bring mistrust to diet products in general?"
220,Context,none,none,none,none,-1,-1,gemini_rewrite,0,"Yes, it could."
220,Response,none,none,none,none,-1,-1,gemini_rewrite,0,"In addition, it might cast significant doubts on scientific research in the field of health and nutrition."
220,Context,none,none,none,none,-1,-1,gemini_rewrite,0,That's a valid point.
220,Response,none,none,none,none,-1,-1,gemini_rewrite,0,"Therefore, the outcome might, in the worst scenario, contradict what the article asserts."
220,Context,none,none,none,none,-1,-1,gemini_rewrite,0,I agree.
220,Response,none,none,none,none,-1,-1,gemini_rewrite,0,Would you like to learn more about the implications and consequences of disinformation? 
220,Context,none,none,none,none,-1,-1,gemini_rewrite,0,"Yes, that would be helpful."
220,Response,none,none,none,none,-1,-1,gemini_rewrite,0,Was it appropriate to check the article for the Slippery Slope fallacy? 
220,Context,none,none,none,none,-1,-1,gemini_rewrite,0,"Yes, it was."
220,Response,none,none,none,none,-1,-1,gemini_rewrite,0,"Do you agree that a claim which relies on the unsupported assumption that a particular action will trigger a domino effect of unmanageable series of unfavorable events, is not only invalid but also carries serious negative implications?"
220,Context,none,none,none,none,-1,-1,gemini_rewrite,0,"Yes, I agree completely."
220,Response,none,none,none,none,-1,-1,gemini_rewrite,0,"So, considering the Slippery Slope fallacy, the claim should be doubted, and the article is in question."
220,Context,none,none,none,none,-1,-1,gemini_rewrite,0,I believe this article contains disinformation.
220,Response,none,none,none,none,-1,-1,gemini_rewrite,0,What would be a recommended course of action? 
220,Context,none,none,none,none,-1,-1,gemini_rewrite,0,To research the product and the claims independently.
220,Response,none,none,none,none,-1,-1,gemini_rewrite,0,"I would suggest examining the reliability of this product, by finding consistent evidence and unbiased sources."
220,Context,none,none,none,none,-1,-1,gemini_rewrite,0,That sounds like a plan.
220,Response,none,none,none,none,-1,-1,gemini_rewrite,0,Would you recommend any additional evaluation of the article?  
220,Context,none,none,none,none,-1,-1,gemini_rewrite,0,Checking the author's credentials and affiliations.
220,Response,none,none,none,none,-1,-1,gemini_rewrite,0,Would you like further assistance?
220,Context,none,none,none,none,-1,-1,gemini_rewrite,0,"No, thank you."
220,Response,none,none,none,none,-1,-1,gemini_rewrite,0,Thank you for using TITAN!
221,Context,none,none,none,none,-1,-1,gemini_rewrite,0,Hello!
221,Response,none,none,none,none,-1,-1,gemini_rewrite,0,You've selected the article: “Transform Your Body with the Latest Breakthrough in Weight Loss” 
221,Context,none,none,none,none,-1,-1,gemini_rewrite,0,Okay.
221,Response,none,none,none,none,-1,-1,gemini_rewrite,0,What is the main issue in the article?  
221,Context,none,none,none,none,-1,-1,gemini_rewrite,0,Weight loss.
221,Response,none,none,none,none,-1,-1,gemini_rewrite,0,What caught your attention about this article? 
221,Context,none,none,none,none,-1,-1,gemini_rewrite,0,"The ""breakthrough"" claim."
221,Response,none,none,none,none,-1,-1,gemini_rewrite,0,What do you already know about the product?  
221,Context,none,none,none,none,-1,-1,gemini_rewrite,0,Nothing at all.
221,Response,none,none,none,none,-1,-1,gemini_rewrite,0,Would you like to learn more about the quality of reasoning in this article?  
221,Context,none,none,none,none,-1,-1,gemini_rewrite,0,"Yes, please."
221,Response,none,none,none,none,-1,-1,gemini_rewrite,0,Good reasoning or sound reasoning refers to avoiding logical fallacies or errors in an argument. 
221,Context,none,none,none,none,-1,-1,gemini_rewrite,0,I understand.
221,Response,none,none,none,none,-1,-1,gemini_rewrite,0,Would you like me to assist you in identifying logical fallacies in this article? 
221,Context,none,none,none,none,-1,-1,gemini_rewrite,0,Yes.
221,Response,none,none,none,none,-1,-1,gemini_rewrite,0,A logical fallacy is a flaw in reasoning that makes an argument invalid or unsound. A logical fallacy can make an argument potentially misleading.
221,Context,none,none,none,none,-1,-1,gemini_rewrite,0,Got it.
221,Response,none,none,none,none,-1,-1,gemini_rewrite,0,We can focus on a logical fallacy called Slippery Slope.  
221,Context,none,none,none,none,-1,-1,gemini_rewrite,0,Sure.
221,Response,none,none,none,none,-1,-1,gemini_rewrite,0,Would you like to learn more about this logical fallacy?  
221,Context,none,none,none,none,-1,-1,gemini_rewrite,0,Explain it to me.
221,Response,none,none,none,none,-1,-1,gemini_rewrite,0,Slippery Slope occurs when a claim involves the assumption that a particular action will trigger an unmanageable series of unfavorable events.
221,Context,none,none,none,none,-1,-1,gemini_rewrite,0,Okay.
221,Response,none,none,none,none,-1,-1,gemini_rewrite,0,"A claim with a Slippery Slope fallacy asserts a domino effect will result in a disastrous and inevitable outcome, but with insufficient or no evidence provided."
221,Context,none,none,none,none,-1,-1,gemini_rewrite,0,I see.
221,Response,none,none,none,none,-1,-1,gemini_rewrite,0,"Here is an example “If you don't enroll in mathematics classes, you won't be able to gain admission to a reputable college.” Can you identify the logical fallacy in this claim?"
221,Context,none,none,none,none,-1,-1,gemini_rewrite,0,"Yes, it's an exaggeration."
221,Response,none,none,none,none,-1,-1,gemini_rewrite,0,Is mathematics the sole crucial subject for gaining admission to a reputable college
221,Context,none,none,none,none,-1,-1,gemini_rewrite,0,"No, definitely not."
221,Response,none,none,none,none,-1,-1,gemini_rewrite,0,"Therefore, the above-mentioned claim is an exaggeration and overemphasizes an undesirable effect."
221,Context,none,none,none,none,-1,-1,gemini_rewrite,0,Right.
221,Response,none,none,none,none,-1,-1,gemini_rewrite,0,"Moreover, is there any proof or evidence provided for the claim above?"
221,Context,none,none,none,none,-1,-1,gemini_rewrite,0,"No, there isn't."
221,Response,none,none,none,none,-1,-1,gemini_rewrite,0,"Due to the above reasons, the example above is a case of a Slippery Slope logical fallacy."
221,Context,none,none,none,none,-1,-1,gemini_rewrite,0,Makes sense.
221,Response,none,none,none,none,-1,-1,gemini_rewrite,0,Can you identify a similar practice in the article?  
221,Context,none,none,none,none,-1,-1,gemini_rewrite,0,Maybe the claim about immediate results?
221,Response,none,none,none,none,-1,-1,gemini_rewrite,0,What led you to that decision?
221,Context,none,none,none,none,-1,-1,gemini_rewrite,0,It sounds too good to be true.
221,Response,none,none,none,none,-1,-1,gemini_rewrite,0,Is it possible? 
221,Context,none,none,none,none,-1,-1,gemini_rewrite,0,It's unlikely.
221,Response,none,none,none,none,-1,-1,gemini_rewrite,0,Can you identify this exaggeration?
221,Context,none,none,none,none,-1,-1,gemini_rewrite,0,I am not sure.
221,Response,none,none,none,none,-1,-1,gemini_rewrite,0,"So, do you think that the statement entails a Slippery Slope fallacy?"
221,Context,none,none,none,none,-1,-1,gemini_rewrite,0,Perhaps.
221,Response,none,none,none,none,-1,-1,gemini_rewrite,0,"Therefore, statement can be called into question?"
221,Context,none,none,none,none,-1,-1,gemini_rewrite,0,I don't know anymore.
221,Response,none,none,none,none,-1,-1,gemini_rewrite,0,Are there any alternative viewpoints? 
221,Context,none,none,none,none,-1,-1,gemini_rewrite,0,Maybe it's just effective marketing.
221,Response,none,none,none,none,-1,-1,gemini_rewrite,0,"What about claiming that despite the exaggeration and the lack of evidence, the conclusion underlines several serious dangers for our health."
221,Context,none,none,none,none,-1,-1,gemini_rewrite,0,I don't understand.
221,Response,none,none,none,none,-1,-1,gemini_rewrite,0,"So, why are you calling the statement into question?"
221,Context,none,none,none,none,-1,-1,gemini_rewrite,0,I forgot.
221,Response,none,none,none,none,-1,-1,gemini_rewrite,0,Excellent! Are there any consequences of accepting statement?  
221,Context,none,none,none,none,-1,-1,gemini_rewrite,0,I have no idea.
221,Response,none,none,none,none,-1,-1,gemini_rewrite,0,"Could a fallacious claim, which relies on a Slippery Slope fallacy, cause unwarranted anxiety or unnecessary fear in the reader?"
221,Context,none,none,none,none,-1,-1,gemini_rewrite,0,I don't know.
221,Response,none,none,none,none,-1,-1,gemini_rewrite,0,"Moreover, do you agree that the statement might bring mistrust to diet products in general?"
221,Context,none,none,none,none,-1,-1,gemini_rewrite,0,Maybe.
221,Response,none,none,none,none,-1,-1,gemini_rewrite,0,"In addition, it might cast significant doubts on scientific research in the field of health and nutrition."
221,Context,none,none,none,none,-1,-1,gemini_rewrite,0,I am lost.
221,Response,none,none,none,none,-1,-1,gemini_rewrite,0,"Therefore, the outcome might, in the worst scenario, contradict what the article asserts."
221,Context,none,none,none,none,-1,-1,gemini_rewrite,0,I am confused.
221,Response,none,none,none,none,-1,-1,gemini_rewrite,0,Would you like to learn more about the implications and consequences of disinformation? 
221,Context,none,none,none,none,-1,-1,gemini_rewrite,0,I don't care.
221,Response,none,none,none,none,-1,-1,gemini_rewrite,0,Was it appropriate to check the article for the Slippery Slope fallacy? 
221,Context,none,none,none,none,-1,-1,gemini_rewrite,0,I don't know.
221,Response,none,none,none,none,-1,-1,gemini_rewrite,0,"Do you agree that a claim which relies on the unsupported assumption that a particular action will trigger a domino effect of unmanageable series of unfavorable events, is not only invalid but also carries serious negative implications?"
221,Context,none,none,none,none,-1,-1,gemini_rewrite,0,I have no idea.
221,Response,none,none,none,none,-1,-1,gemini_rewrite,0,"So, considering the Slippery Slope fallacy, the claim should be doubted, and the article is in question."
221,Context,none,none,none,none,-1,-1,gemini_rewrite,0,I can't tell.
221,Response,none,none,none,none,-1,-1,gemini_rewrite,0,What would be a recommended course of action? 
221,Context,none,none,none,none,-1,-1,gemini_rewrite,0,I have no idea.
221,Response,none,none,none,none,-1,-1,gemini_rewrite,0,"I would suggest examining the reliability of this product, by finding consistent evidence and unbiased sources."
221,Context,none,none,none,none,-1,-1,gemini_rewrite,0,Okay.
221,Response,none,none,none,none,-1,-1,gemini_rewrite,0,Would you recommend any additional evaluation of the article?  
221,Context,none,none,none,none,-1,-1,gemini_rewrite,0,I don't know.
221,Response,none,none,none,none,-1,-1,gemini_rewrite,0,Would you like further assistance?
221,Context,none,none,none,none,-1,-1,gemini_rewrite,-1,"No, thanks."
221,Response,none,none,none,none,-1,-1,gemini_rewrite,0,Thank you for using TITAN!
222,Context,none,none,none,none,-1,-1,gemini_rewrite,0,Hello!
222,Response,none,none,none,none,-1,-1,gemini_rewrite,0,"Hello! Let me introduce myself, my name is TITAN, your AI Intelligent Coach against Disinformation. I see you have selected the article with title ""Politicians appearing in entertainment television are also campaigning"". What inspired you to select this specific article initially?"
222,Context,none,none,none,none,-1,-1,gemini_rewrite,0,I'm trying to understand if this article is potentially spreading disinformation.
222,Response,none,none,none,none,-1,-1,gemini_rewrite,0,Could you please inform me about the topic of the article?
222,Context,none,none,none,none,-1,-1,gemini_rewrite,0,The article discusses politicians using entertainment TV appearances as a form of campaigning.
222,Response,none,none,none,none,-1,-1,gemini_rewrite,0,What would you say that the main claim of the article is? Does the author try to make a point?
222,Context,none,none,none,none,-1,-1,gemini_rewrite,0,The main claim seems to be that these appearances are a manipulative campaigning tactic.
222,Response,none,none,none,none,-1,-1,gemini_rewrite,0,What caused you to believe that you had this particular feeling after reading this article?
222,Context,none,none,none,none,-1,-1,gemini_rewrite,0,The tone felt a bit accusatory and judgmental.
222,Response,none,none,none,none,-1,-1,gemini_rewrite,0,Do you think that the author did this on purpose?
222,Context,none,none,none,none,-1,-1,gemini_rewrite,0,"Possibly, to sway the reader's opinion."
222,Response,none,none,none,none,-1,-1,gemini_rewrite,0,Do you think that the author makes any claims offering us his/her opinion or interpretation of what transpired? Can you spot such claims in the text?
222,Context,none,none,none,none,-1,-1,gemini_rewrite,0,"Yes, the author implies these politicians are being disingenuous."
222,Response,none,none,none,none,-1,-1,gemini_rewrite,0,Is it possible to identify any instances that expose the author's viewpoint or understanding?
222,Context,none,none,none,none,-1,-1,gemini_rewrite,0,"Definitely, the choice of words reveals their bias."
222,Response,none,none,none,none,-1,-1,gemini_rewrite,0,Could you provide an instance(s) from the text?
222,Context,none,none,none,none,-1,-1,gemini_rewrite,0,"The article uses the phrase ""shameless self-promotion"" to describe their appearances."
222,Response,none,none,none,none,-1,-1,gemini_rewrite,0,How can we verify the accuracy of this claim/statement through the use of certain techniques?
222,Context,none,none,none,none,-1,-1,gemini_rewrite,0,We could research if there are verifiable instances of politicians saying one thing and doing another.
222,Response,none,none,none,none,-1,-1,gemini_rewrite,0,What are your thoughts regarding the assumptions made by the author?
222,Context,none,none,none,none,-1,-1,gemini_rewrite,0,The author assumes the politicians' intentions are purely self-serving.
222,Response,none,none,none,none,-1,-1,gemini_rewrite,0,"Being aware of the fact that, sometimes, an article isn't purely descriptive and its purpose informative, would you say that this particular text aspires to achieve something more aside from providing us with information regarding a fact/event?"
222,Context,none,none,none,none,-1,-1,gemini_rewrite,0,"Yes, it seems to want to persuade the reader to view these appearances negatively."
222,Response,none,none,none,none,-1,-1,gemini_rewrite,0,What do you think about this?
222,Context,none,none,none,none,-1,-1,gemini_rewrite,0,I think it's important to be aware of potential biases when reading news.
222,Response,none,none,none,none,-1,-1,gemini_rewrite,0,What inferences can be drawn in this context?
222,Context,none,none,none,none,-1,-1,gemini_rewrite,0,One inference is that the author believes politicians should only campaign through traditional means.
222,Response,none,none,none,none,-1,-1,gemini_rewrite,0,Do you perhaps think that the author's language in this article is emotionally charged or even provocative?
222,Context,none,none,none,none,-1,-1,gemini_rewrite,0,"Yes, the language is definitely emotionally charged."
222,Response,none,none,none,none,-1,-1,gemini_rewrite,0,What do you think that the author might be trying to achieve by using this kind of language?
222,Context,none,none,none,none,-1,-1,gemini_rewrite,0,They're likely trying to evoke a strong emotional response from the reader.
222,Response,none,none,none,none,-1,-1,gemini_rewrite,0,Is it plausible for an impartial journalist to employ such phrasing?
222,Context,none,none,none,none,-1,-1,gemini_rewrite,0,"Not really, an impartial journalist would be more neutral."
222,Response,none,none,none,none,-1,-1,gemini_rewrite,0,Should journalists act in a subjective or objective manner?
222,Context,none,none,none,none,-1,-1,gemini_rewrite,0,Journalists should strive for objectivity whenever possible.
222,Response,none,none,none,none,-1,-1,gemini_rewrite,0,What are the potential outcomes of blindly accepting the questions presented in the article?
222,Context,none,none,none,none,-1,-1,gemini_rewrite,0,Blindly accepting the article could lead to a skewed perception of politicians.
222,Response,none,none,none,none,-1,-1,gemini_rewrite,0,Do you believe that the assumptions/claims of the article are consistent with your own personal experience on the subject (if any)?
222,Context,none,none,none,none,-1,-1,gemini_rewrite,0,"Not really, I think politicians can reach different audiences through these shows."
222,Response,none,none,none,none,-1,-1,gemini_rewrite,0,What would you say about this article following our brief conversation?
222,Context,none,none,none,none,-1,-1,gemini_rewrite,0,I would say it presents a biased perspective and potentially contains disinformation through biased language.
222,Response,none,none,none,none,-1,-1,gemini_rewrite,0,Should we exercise caution in regards to the author's approach to the topic?
222,Context,none,none,none,none,-1,-1,gemini_rewrite,0,"Yes, we should read this article with a critical eye."
222,Response,none,none,none,none,-1,-1,gemini_rewrite,0,"After our discussion, what are your feelings towards the article?"
222,Context,none,none,none,none,-1,-1,gemini_rewrite,0,I feel more aware of the potential bias within the article.
222,Response,none,none,none,none,-1,-1,gemini_rewrite,0,Do you feel that you have grasped the reasoning of the author?
222,Context,none,none,none,none,-1,-1,gemini_rewrite,0,"Yes, I understand their underlying viewpoint."
222,Response,none,none,none,none,-1,-1,gemini_rewrite,0,"If you were in the author's shoes, what would you alter (or perhaps prevent) in this article?"
222,Context,none,none,none,none,-1,-1,gemini_rewrite,0,I would try to use more neutral language and present both sides of the issue.
222,Response,none,none,none,none,-1,-1,gemini_rewrite,0,Are you in a position to form a solid argument in support of your claims?
222,Context,none,none,none,none,-1,-1,gemini_rewrite,0,"Yes, I can support my claims about the article's bias with specific examples."
222,Response,none,none,none,none,-1,-1,gemini_rewrite,0,"After our discussion, do you feel that you are in a position to better understand the characteristics of this article, as well as its potential consequences?"
222,Context,none,none,none,none,-1,-1,gemini_rewrite,0,"Yes, I feel much more equipped to analyze this article."
222,Response,none,none,none,none,-1,-1,gemini_rewrite,0,Would you be better equipped to recognize signs of disinformation in an article?
222,Context,none,none,none,none,-1,-1,gemini_rewrite,0,"Absolutely, I'm more aware of the tactics used to manipulate readers."
222,Response,none,none,none,none,-1,-1,gemini_rewrite,0,What would be a suggested course of action after identifying this disinformation signal?
222,Context,none,none,none,none,-1,-1,gemini_rewrite,0,To seek out other sources to get a more balanced view.
222,Response,none,none,none,none,-1,-1,gemini_rewrite,0,What is your opinion of our conversation? Was it beneficial for you?
222,Context,none,none,none,none,-1,-1,gemini_rewrite,0,"Yes, our conversation was very helpful!"
222,Response,none,none,none,none,-1,-1,gemini_rewrite,0,Is there any other topic you would like to cover with me?
222,Context,none,none,none,none,-1,-1,gemini_rewrite,0,"Not at this time, thank you!"
222,Response,none,none,none,none,-1,-1,gemini_rewrite,0,TITAN Socratic Dialogue Finished!
223,Context,none,none,none,none,-1,-1,gemini_rewrite,0,Hello!
223,Response,none,none,none,none,-1,-1,gemini_rewrite,0,"Hello! Let me introduce myself, my name is TITAN, your AI Intelligent Coach against Disinformation. I see you have selected the article with title ""Politicians appearing in entertainment television are also campaigning"". What inspired you to select this specific article initially?"
223,Context,none,none,none,none,-1,-1,gemini_rewrite,0,I saw it shared on social media and it seemed relevant.
223,Response,none,none,none,none,-1,-1,gemini_rewrite,0,Could you please inform me about the topic of the article?
223,Context,none,none,none,none,-1,-1,gemini_rewrite,0,It seems to be about politicians using entertainment platforms for campaigning.
223,Response,none,none,none,none,-1,-1,gemini_rewrite,0,What would you say that the main claim of the article is? Does the author try to make a point?
223,Context,none,none,none,none,-1,-1,gemini_rewrite,0,"The author seems to suggest this is a concerning trend, but I'm not sure why."
223,Response,none,none,none,none,-1,-1,gemini_rewrite,0,What caused you to believe that you had this particular feeling after reading this article?
223,Context,none,none,none,none,-1,-1,gemini_rewrite,0,"The author uses words like ""blurring lines"" and ""manipulation."""
223,Response,none,none,none,none,-1,-1,gemini_rewrite,0,Do you think that the author did this on purpose?
223,Context,none,none,none,none,-1,-1,gemini_rewrite,0,"Possibly, to sway the reader's opinion."
223,Response,none,none,none,none,-1,-1,gemini_rewrite,0,Do you think that the author makes any claims offering us his/her opinion or interpretation of what transpired? Can you spot such claims in the text?
223,Context,none,none,none,none,-1,-1,gemini_rewrite,0,"Yes, the author claims that politicians are ""exploiting"" entertainment media."
223,Response,none,none,none,none,-1,-1,gemini_rewrite,0,Is it possible to identify any instances that expose the author's viewpoint or understanding?
223,Context,none,none,none,none,-1,-1,gemini_rewrite,0,"The author uses the word ""exploiting"" instead of ""using""."
223,Response,none,none,none,none,-1,-1,gemini_rewrite,0,Could you provide an instance(s) from the text?
223,Context,none,none,none,none,-1,-1,gemini_rewrite,0,"""Politicians are increasingly exploiting entertainment television..."""
223,Response,none,none,none,none,-1,-1,gemini_rewrite,0,How can we verify the accuracy of this claim/statement through the use of certain techniques?
223,Context,none,none,none,none,-1,-1,gemini_rewrite,0,We could look at politicians' social media presence and compare it to their formal campaign activities.
223,Response,none,none,none,none,-1,-1,gemini_rewrite,0,What are your thoughts regarding the assumptions made by the author?
223,Context,none,none,none,none,-1,-1,gemini_rewrite,0,I don't know whether it is an assumption or not!
223,Response,none,none,none,none,-1,-1,gemini_rewrite,0,"Being aware of the fact that, sometimes, an article isn't purely descriptive and its purpose informative, would you say that this particular text aspires to achieve something more aside from providing us with information regarding a fact/event?"
223,Context,none,none,none,none,-1,-1,gemini_rewrite,0,Maybe it's trying to make me suspicious of politicians.
223,Response,none,none,none,none,-1,-1,gemini_rewrite,0,What do you think about this?
223,Context,none,none,none,none,-1,-1,gemini_rewrite,0,I am not sure.
223,Response,none,none,none,none,-1,-1,gemini_rewrite,0,What inferences can be drawn in this context?
223,Context,none,none,none,none,-1,-1,gemini_rewrite,0,Maybe politicians appearing on TV is just normal PR.
223,Response,none,none,none,none,-1,-1,gemini_rewrite,0,Do you perhaps think that the author's language in this article is emotionally charged or even provocative?
223,Context,none,none,none,none,-1,-1,gemini_rewrite,0,"Yes, slightly."
223,Response,none,none,none,none,-1,-1,gemini_rewrite,0,What do you think that the author might be trying to achieve by using this kind of language?
223,Context,none,none,none,none,-1,-1,gemini_rewrite,0,To make me angry!
223,Response,none,none,none,none,-1,-1,gemini_rewrite,0,Is it plausible for an impartial journalist to employ such phrasing?
223,Context,none,none,none,none,-1,-1,gemini_rewrite,0,Probably not.
223,Response,none,none,none,none,-1,-1,gemini_rewrite,0,Should journalists act in a subjective or objective manner?
223,Context,none,none,none,none,-1,-1,gemini_rewrite,0,Objective!
223,Response,none,none,none,none,-1,-1,gemini_rewrite,0,What are the potential outcomes of blindly accepting the questions presented in the article?
223,Context,none,none,none,none,-1,-1,gemini_rewrite,0,I might develop an unwarranted distrust of politicians.
223,Response,none,none,none,none,-1,-1,gemini_rewrite,0,Do you believe that the assumptions/claims of the article are consistent with your own personal experience on the subject (if any)?
223,Context,none,none,none,none,-1,-1,gemini_rewrite,0,I have no idea.
223,Response,none,none,none,none,-1,-1,gemini_rewrite,0,What would you say about this article following our brief conversation?
223,Context,none,none,none,none,-1,-1,gemini_rewrite,0,I think it is making me confused!
223,Response,none,none,none,none,-1,-1,gemini_rewrite,0,Should we exercise caution in regards to the author's approach to the topic?
223,Context,none,none,none,none,-1,-1,gemini_rewrite,0,Maybe.
223,Response,none,none,none,none,-1,-1,gemini_rewrite,0,"After our discussion, what are your feelings towards the article?"
223,Context,none,none,none,none,-1,-1,gemini_rewrite,0,Confused.
223,Response,none,none,none,none,-1,-1,gemini_rewrite,0,Do you feel that you have grasped the reasoning of the author?
223,Context,none,none,none,none,-1,-1,gemini_rewrite,0,Not really.
223,Response,none,none,none,none,-1,-1,gemini_rewrite,0,"If you were in the author's shoes, what would you alter (or perhaps prevent) in this article?"
223,Context,none,none,none,none,-1,-1,gemini_rewrite,0,I have no idea.
223,Response,none,none,none,none,-1,-1,gemini_rewrite,0,Are you in a position to form a solid argument in support of your claims?
223,Context,none,none,none,none,-1,-1,gemini_rewrite,0,Nope.
223,Response,none,none,none,none,-1,-1,gemini_rewrite,0,"After our discussion, do you feel that you are in a position to better understand the characteristics of this article, as well as its potential consequences?"
223,Context,none,none,none,none,-1,-1,gemini_rewrite,0,I don't think so.
223,Response,none,none,none,none,-1,-1,gemini_rewrite,0,Would you be better equipped to recognize signs of disinformation in an article?
223,Context,none,none,none,none,-1,-1,gemini_rewrite,0,Perhaps?
223,Response,none,none,none,none,-1,-1,gemini_rewrite,0,What would be a suggested course of action after identifying this disinformation signal?
223,Context,none,none,none,none,-1,-1,gemini_rewrite,0,I am not sure.
223,Response,none,none,none,none,-1,-1,gemini_rewrite,0,What is your opinion of our conversation? Was it beneficial for you?
223,Context,none,none,none,none,-1,-1,gemini_rewrite,0,It confused me even more.
223,Response,none,none,none,none,-1,-1,gemini_rewrite,0,Is there any other topic you would like to cover with me?
223,Context,none,none,none,none,-1,-1,gemini_rewrite,-1,No.
223,Response,none,none,none,none,-1,-1,gemini_rewrite,0,TITAN Socratic Dialogue Finished!
224,Context,none,none,none,none,-1,-1,gemini_rewrite,0,Hello!
224,Response,none,none,none,none,-1,-1,gemini_rewrite,0,"Hello! Let me introduce myself, my name is TITAN, your AI Intelligent Coach against Disinformation. I see you have selected the article with title ""Medvedev: Neo-Nazism must be totally destroyed"". Can you tell me what sparked your interest?"
224,Context,none,none,none,none,-1,-1,gemini_rewrite,0,I'm concerned about the potential for biased information in this article.
224,Response,none,none,none,none,-1,-1,gemini_rewrite,0,What is the topic of the article?
224,Context,none,none,none,none,-1,-1,gemini_rewrite,0,"The article discusses the need to destroy Neo-Nazism, according to Medvedev."
224,Response,none,none,none,none,-1,-1,gemini_rewrite,0,What are the claims that are being made in the article?
224,Context,none,none,none,none,-1,-1,gemini_rewrite,0,It claims Neo-Nazism is a significant threat that must be eliminated.
224,Response,none,none,none,none,-1,-1,gemini_rewrite,0,What are the potential outcomes of blindly accepting the questions presented in the article?
224,Context,none,none,none,none,-1,-1,gemini_rewrite,0,Blindly accepting it could lead to supporting harmful actions based on potentially false premises.
224,Response,none,none,none,none,-1,-1,gemini_rewrite,0,Do you believe that the assumptions/claims of the article are consistent with your own personal experience on the subject (if any)?
224,Context,none,none,none,none,-1,-1,gemini_rewrite,0,"My experience is limited, but I am skeptical of overly simplistic narratives."
224,Response,none,none,none,none,-1,-1,gemini_rewrite,0,How would you describe this article after this short discussion?
224,Context,none,none,none,none,-1,-1,gemini_rewrite,0,"I would describe it as potentially propagandistic, requiring careful scrutiny."
224,Response,none,none,none,none,-1,-1,gemini_rewrite,0,Should we exercise caution in regards to the author's approach to the topic?
224,Context,none,none,none,none,-1,-1,gemini_rewrite,0,"Yes, extreme caution is warranted."
224,Response,none,none,none,none,-1,-1,gemini_rewrite,0,"After our discussion, how do you feel about the article?"
224,Context,none,none,none,none,-1,-1,gemini_rewrite,0,I feel more critical and aware of potential biases.
224,Response,none,none,none,none,-1,-1,gemini_rewrite,0,Are you confident that you have understood the author's line of thinking?
224,Context,none,none,none,none,-1,-1,gemini_rewrite,0,I believe I understand the general argument the author is trying to make.
224,Response,none,none,none,none,-1,-1,gemini_rewrite,0,Is there anything that you would change regarding the way the author handles the subject?
224,Context,none,none,none,none,-1,-1,gemini_rewrite,0,I would want the author to provide more specific evidence and context.
224,Response,none,none,none,none,-1,-1,gemini_rewrite,0,Are you in a position to form a solid argument in support of your claims?
224,Context,none,none,none,none,-1,-1,gemini_rewrite,0,I can argue that the article uses inflammatory language and lacks specific evidence.
224,Response,none,none,none,none,-1,-1,gemini_rewrite,0,"Do you now believe that you have a clearer grasp of the attributes of this article, as well as its possible outcomes?"
224,Context,none,none,none,none,-1,-1,gemini_rewrite,0,"Yes, I have a much clearer understanding."
224,Response,none,none,none,none,-1,-1,gemini_rewrite,0,Are you in a position to identify any potential disinformation signals included in the text?
224,Context,none,none,none,none,-1,-1,gemini_rewrite,0,"Yes, I can see potential signs of biased framing and lack of evidence, therefore it has disinformation signals."
224,Response,none,none,none,none,-1,-1,gemini_rewrite,0,What are you planning to do with this article now?
224,Context,none,none,none,none,-1,-1,gemini_rewrite,0,I plan to research the claims further and compare them with other sources.
224,Response,none,none,none,none,-1,-1,gemini_rewrite,0,Was our discussion beneficial for you?
224,Context,none,none,none,none,-1,-1,gemini_rewrite,0,"Yes, it was extremely beneficial in clarifying my concerns."
224,Response,none,none,none,none,-1,-1,gemini_rewrite,0,Is there any other topic you would like to go over with me?
224,Context,none,none,none,none,-1,-1,gemini_rewrite,0,"No, thank you."
224,Response,none,none,none,none,-1,-1,gemini_rewrite,0,TITAN Socratic Dialogue Finished!
225,Context,none,none,none,none,-1,-1,gemini_rewrite,0,Hello!
225,Response,none,none,none,none,-1,-1,gemini_rewrite,0,"Hello! Let me introduce myself, my name is TITAN, your AI Intelligent Coach against Disinformation. I see you have selected the article with title ""Medvedev: Neo-Nazism must be totally destroyed"". Can you tell me what sparked your interest?"
225,Context,none,none,none,none,-1,-1,gemini_rewrite,0,I'm trying to understand the context of this statement.
225,Response,none,none,none,none,-1,-1,gemini_rewrite,0,What is the topic of the article?
225,Context,none,none,none,none,-1,-1,gemini_rewrite,0,It seems to be about the destruction of Neo-Nazism.
225,Response,none,none,none,none,-1,-1,gemini_rewrite,0,What are the claims that are being made in the article?
225,Context,none,none,none,none,-1,-1,gemini_rewrite,0,That Neo-Nazism must be totally destroyed.
225,Response,none,none,none,none,-1,-1,gemini_rewrite,0,What are the potential outcomes of blindly accepting the questions presented in the article?
225,Context,none,none,none,none,-1,-1,gemini_rewrite,0,Potentially supporting a specific political agenda.
225,Response,none,none,none,none,-1,-1,gemini_rewrite,0,Do you believe that the assumptions/claims of the article are consistent with your own personal experience on the subject (if any)?
225,Context,none,none,none,none,-1,-1,gemini_rewrite,0,"I haven't experienced Neo-Nazism directly, but I've read about it."
225,Response,none,none,none,none,-1,-1,gemini_rewrite,0,How would you describe this article after this short discussion?
225,Context,none,none,none,none,-1,-1,gemini_rewrite,0,It's a strong statement with potential political motivations.
225,Response,none,none,none,none,-1,-1,gemini_rewrite,0,Should we exercise caution in regards to the author's approach to the topic?
225,Context,none,none,none,none,-1,-1,gemini_rewrite,0,"Yes, definitely."
225,Response,none,none,none,none,-1,-1,gemini_rewrite,0,"After our discussion, how do you feel about the article?"
225,Context,none,none,none,none,-1,-1,gemini_rewrite,0,Unsure.
225,Response,none,none,none,none,-1,-1,gemini_rewrite,0,Are you confident that you have understood the author's line of thinking?
225,Context,none,none,none,none,-1,-1,gemini_rewrite,0,Not entirely.
225,Response,none,none,none,none,-1,-1,gemini_rewrite,0,Is there anything that you would change regarding the way the author handles the subject?
225,Context,none,none,none,none,-1,-1,gemini_rewrite,0,I would like to see more context.
225,Response,none,none,none,none,-1,-1,gemini_rewrite,0,Are you in a position to form a solid argument in support of your claims?
225,Context,none,none,none,none,-1,-1,gemini_rewrite,0,I don't think so.
225,Response,none,none,none,none,-1,-1,gemini_rewrite,0,"Do you now believe that you have a clearer grasp of the attributes of this article, as well as its possible outcomes?"
225,Context,none,none,none,none,-1,-1,gemini_rewrite,0,Maybe?
225,Response,none,none,none,none,-1,-1,gemini_rewrite,0,Are you in a position to identify any potential disinformation signals included in the text?
225,Context,none,none,none,none,-1,-1,gemini_rewrite,0,I'm not sure.
225,Response,none,none,none,none,-1,-1,gemini_rewrite,0,What are you planning to do with this article now?
225,Context,none,none,none,none,-1,-1,gemini_rewrite,0,I don't know.
225,Response,none,none,none,none,-1,-1,gemini_rewrite,0,Was our discussion beneficial for you?
225,Context,none,none,none,none,-1,-1,gemini_rewrite,0,I'm even more confused.
225,Response,none,none,none,none,-1,-1,gemini_rewrite,0,Is there any other topic you would like to go over with me?
225,Context,none,none,none,none,-1,-1,gemini_rewrite,-1,"No, thank you."
225,Response,none,none,none,none,-1,-1,gemini_rewrite,0,TITAN Socratic Dialogue Finished!
226,Context,none,none,none,none,-1,-1,gemini_rewrite,0,Hello!
226,Response,none,none,none,none,-1,-1,gemini_rewrite,0,"Hello! Let me introduce myself, my name is TITAN, your AI Intelligent Coach against Disinformation. I see you have selected the article with title ""The government is spying on you through LED-lighting!!"". What is it that sparked your interest with this article?"
226,Context,none,none,none,none,-1,-1,gemini_rewrite,0,I wanted to understand if this claim could be true or if it's disinformation.
226,Response,none,none,none,none,-1,-1,gemini_rewrite,0,Having read the article what would you say that the main topic is?
226,Context,none,none,none,none,-1,-1,gemini_rewrite,0,The article claims the government is using LED lighting to spy on citizens.
226,Response,none,none,none,none,-1,-1,gemini_rewrite,0,What claims are being made in the article?
226,Context,none,none,none,none,-1,-1,gemini_rewrite,0,It claims LED lights contain hidden cameras and microphones connected to a government network.
226,Response,none,none,none,none,-1,-1,gemini_rewrite,0,"After carefully considering the assumptions made by the author and the overall content of the article, can you think of any consequences this text might have to a potential reader?"
226,Context,none,none,none,none,-1,-1,gemini_rewrite,0,It could cause unnecessary fear and distrust of the government.
226,Response,none,none,none,none,-1,-1,gemini_rewrite,0,Do you believe that the assumptions/claims of the article are consistent with your own personal experience on the subject (if any)?
226,Context,none,none,none,none,-1,-1,gemini_rewrite,0,"No, I've never seen any evidence to support these claims."
226,Response,none,none,none,none,-1,-1,gemini_rewrite,0,What would you say that the most important characteristic of the article is then? How would you describe it?
226,Context,none,none,none,none,-1,-1,gemini_rewrite,0,It's sensationalist and lacks credible sources.
226,Response,none,none,none,none,-1,-1,gemini_rewrite,0,Should we exercise caution in regards to the author's approach to the topic?
226,Context,none,none,none,none,-1,-1,gemini_rewrite,0,"Yes, definitely."
226,Response,none,none,none,none,-1,-1,gemini_rewrite,0,"After our discussion, how do you feel about the article?"
226,Context,none,none,none,none,-1,-1,gemini_rewrite,0,I'm much more skeptical of its claims now.
226,Response,none,none,none,none,-1,-1,gemini_rewrite,0,Do you feel that you have grasped the reasoning of the author?
226,Context,none,none,none,none,-1,-1,gemini_rewrite,0,I think the author is trying to create fear and mistrust.
226,Response,none,none,none,none,-1,-1,gemini_rewrite,0,Would you suggest any possible modifications to the author's approach?
226,Context,none,none,none,none,-1,-1,gemini_rewrite,0,The author should provide verifiable evidence for their claims.
226,Response,none,none,none,none,-1,-1,gemini_rewrite,0,Can you provide strong evidence to substantiate your claims?
226,Context,none,none,none,none,-1,-1,gemini_rewrite,0,There are many articles debunking these types of conspiracy theories.
226,Response,none,none,none,none,-1,-1,gemini_rewrite,0,Would you say that you are in a position to better understand the claims and assumptions being made here?
226,Context,none,none,none,none,-1,-1,gemini_rewrite,0,"Yes, I have a better understanding now."
226,Response,none,none,none,none,-1,-1,gemini_rewrite,0,Would you be in a better position to identify the use of disinformation signals in an article from now on?
226,Context,none,none,none,none,-1,-1,gemini_rewrite,0,"Yes, I think I would be."
226,Response,none,none,none,none,-1,-1,gemini_rewrite,0,What do you intend to do with this article from this point onwards?
226,Context,none,none,none,none,-1,-1,gemini_rewrite,0,I will flag it as potentially misleading and share it with a fact-checker.
226,Response,none,none,none,none,-1,-1,gemini_rewrite,0,What is your opinion of our conversation? Was it beneficial for you?
226,Context,none,none,none,none,-1,-1,gemini_rewrite,0,"Yes, it was very helpful in clarifying the issue."
226,Response,none,none,none,none,-1,-1,gemini_rewrite,0,Is there anything more you would like to discuss with me?
226,Context,none,none,none,none,-1,-1,gemini_rewrite,0,"No, I think that's all."
226,Response,none,none,none,none,-1,-1,gemini_rewrite,0,TITAN Socratic Dialogue Finished!
227,Context,none,none,none,none,-1,-1,gemini_rewrite,0,Hello!
227,Response,none,none,none,none,-1,-1,gemini_rewrite,0,"Hello! Let me introduce myself, my name is TITAN, your AI Intelligent Coach against Disinformation. I see you have selected the article with title ""The government is spying on you through LED-lighting!!"". What is it that sparked your interest with this article?"
227,Context,none,none,none,none,-1,-1,gemini_rewrite,0,I'm curious if this is true.
227,Response,none,none,none,none,-1,-1,gemini_rewrite,0,Having read the article what would you say that the main topic is?
227,Context,none,none,none,none,-1,-1,gemini_rewrite,0,Government surveillance.
227,Response,none,none,none,none,-1,-1,gemini_rewrite,0,What claims are being made in the article?
227,Context,none,none,none,none,-1,-1,gemini_rewrite,0,That the government is using LED lights to spy on citizens.
227,Response,none,none,none,none,-1,-1,gemini_rewrite,0,"After carefully considering the assumptions made by the author and the overall content of the article, can you think of any consequences this text might have to a potential reader?"
227,Context,none,none,none,none,-1,-1,gemini_rewrite,0,It could cause paranoia.
227,Response,none,none,none,none,-1,-1,gemini_rewrite,0,Do you believe that the assumptions/claims of the article are consistent with your own personal experience on the subject (if any)?
227,Context,none,none,none,none,-1,-1,gemini_rewrite,0,I have no personal experience with this.
227,Response,none,none,none,none,-1,-1,gemini_rewrite,0,What would you say that the most important characteristic of the article is then? How would you describe it?
227,Context,none,none,none,none,-1,-1,gemini_rewrite,0,Sensational.
227,Response,none,none,none,none,-1,-1,gemini_rewrite,0,Should we exercise caution in regards to the author's approach to the topic?
227,Context,none,none,none,none,-1,-1,gemini_rewrite,0,"Yes, definitely."
227,Response,none,none,none,none,-1,-1,gemini_rewrite,0,"After our discussion, how do you feel about the article?"
227,Context,none,none,none,none,-1,-1,gemini_rewrite,0,I'm still unsure if it's true.
227,Response,none,none,none,none,-1,-1,gemini_rewrite,0,Do you feel that you have grasped the reasoning of the author?
227,Context,none,none,none,none,-1,-1,gemini_rewrite,0,"Not really, it's convoluted."
227,Response,none,none,none,none,-1,-1,gemini_rewrite,0,Would you suggest any possible modifications to the author's approach?
227,Context,none,none,none,none,-1,-1,gemini_rewrite,0,They should provide evidence.
227,Response,none,none,none,none,-1,-1,gemini_rewrite,0,Can you provide strong evidence to substantiate your claims?
227,Context,none,none,none,none,-1,-1,gemini_rewrite,0,"I don't have evidence, just a feeling."
227,Response,none,none,none,none,-1,-1,gemini_rewrite,0,Would you say that you are in a position to better understand the claims and assumptions being made here?
227,Context,none,none,none,none,-1,-1,gemini_rewrite,0,I'm not sure.
227,Response,none,none,none,none,-1,-1,gemini_rewrite,0,Would you be in a better position to identify the use of disinformation signals in an article from now on?
227,Context,none,none,none,none,-1,-1,gemini_rewrite,0,Maybe a little.
227,Response,none,none,none,none,-1,-1,gemini_rewrite,0,What do you intend to do with this article from this point onwards?
227,Context,none,none,none,none,-1,-1,gemini_rewrite,0,Probably ignore it.
227,Response,none,none,none,none,-1,-1,gemini_rewrite,0,What is your opinion of our conversation? Was it beneficial for you?
227,Context,none,none,none,none,-1,-1,gemini_rewrite,0,I'm more confused than before.
227,Response,none,none,none,none,-1,-1,gemini_rewrite,0,Is there anything more you would like to discuss with me?
227,Context,none,none,none,none,-1,-1,gemini_rewrite,-1,"No, I think I'm done."
227,Response,none,none,none,none,-1,-1,gemini_rewrite,0,TITAN Socratic Dialogue Finished!
228,Context,none,none,none,none,-1,-1,gemini_rewrite,0,Hello!
228,Response,none,none,none,none,-1,-1,gemini_rewrite,0,"Hello! Let me introduce myself, my name is TITAN, your AI Intelligent Coach against Disinformation. I see you have selected the article with title ""The Cholesterol Conspiracy: Are We Being Deceived by Big Pharma and the Food Industry? - LowCholesterolLies.com"". What drew your interest to this article?"
228,Context,none,none,none,none,-1,-1,gemini_rewrite,0,The title seemed sensational and I wanted to see if it was credible.
228,Response,none,none,none,none,-1,-1,gemini_rewrite,0,What does the article discuss?
228,Context,none,none,none,none,-1,-1,gemini_rewrite,0,It claims that high cholesterol isn't a major health risk.
228,Response,none,none,none,none,-1,-1,gemini_rewrite,0,What claims are being made in the article?
228,Context,none,none,none,none,-1,-1,gemini_rewrite,0,It alleges that statins are over-prescribed and harmful.
228,Response,none,none,none,none,-1,-1,gemini_rewrite,0,Do you think that the article provides sufficient information?
228,Context,none,none,none,none,-1,-1,gemini_rewrite,0,"No, it lacks citations for its claims."
228,Response,none,none,none,none,-1,-1,gemini_rewrite,0,What makes you think that the article does not offer enough details?
228,Context,none,none,none,none,-1,-1,gemini_rewrite,0,The arguments are very general and anecdotal.
228,Response,none,none,none,none,-1,-1,gemini_rewrite,0,What makes you think that?
228,Context,none,none,none,none,-1,-1,gemini_rewrite,0,It doesn't present any scientific studies to back up its claims.
228,Response,none,none,none,none,-1,-1,gemini_rewrite,0,Has your view been influenced by something or someone?
228,Context,none,none,none,none,-1,-1,gemini_rewrite,0,I've read research from reputable medical sources on cholesterol.
228,Response,none,none,none,none,-1,-1,gemini_rewrite,0,Is this article regarded as trustworthy?
228,Context,none,none,none,none,-1,-1,gemini_rewrite,0,"No, I don't believe it is."
228,Response,none,none,none,none,-1,-1,gemini_rewrite,0,Can you envision any implications this text may have for a future reader?
228,Context,none,none,none,none,-1,-1,gemini_rewrite,0,It could discourage people from seeking legitimate medical advice.
228,Response,none,none,none,none,-1,-1,gemini_rewrite,0,Do you believe that the assumptions/claims of the article are consistent with your own personal experience on the subject (if any)?
228,Context,none,none,none,none,-1,-1,gemini_rewrite,0,"No, my doctor has always emphasized the importance of managing cholesterol."
228,Response,none,none,none,none,-1,-1,gemini_rewrite,0,TITAN Socratic AI Coach Stopped!
229,Context,none,none,none,none,-1,-1,gemini_rewrite,0,Hello!
229,Response,none,none,none,none,-1,-1,gemini_rewrite,0,"Hello! Let me introduce myself, my name is TITAN, your AI Intelligent Coach against Disinformation. I see you have selected the article with title ""The Cholesterol Conspiracy: Are We Being Deceived by Big Pharma and the Food Industry? - LowCholesterolLies.com"". What drew your interest to this article?"
229,Context,none,none,none,none,-1,-1,gemini_rewrite,0,I am concerned about the validity of the health claims made online.
229,Response,none,none,none,none,-1,-1,gemini_rewrite,0,What does the article discuss?
229,Context,none,none,none,none,-1,-1,gemini_rewrite,0,It talks about the alleged dangers of statins and the benefits of ignoring cholesterol guidelines.
229,Response,none,none,none,none,-1,-1,gemini_rewrite,0,What claims are being made in the article?
229,Context,none,none,none,none,-1,-1,gemini_rewrite,0,The article claims that high cholesterol is not a major risk factor for heart disease.
229,Response,none,none,none,none,-1,-1,gemini_rewrite,0,Do you think that the article provides sufficient information?
229,Context,none,none,none,none,-1,-1,gemini_rewrite,0,"I'm not sure, it seems to cherry-pick studies."
229,Response,none,none,none,none,-1,-1,gemini_rewrite,0,What makes you think that the article does not offer enough details?
229,Context,none,none,none,none,-1,-1,gemini_rewrite,0,It doesn't fully explain the scientific consensus on cholesterol.
229,Response,none,none,none,none,-1,-1,gemini_rewrite,0,What makes you think that?
229,Context,none,none,none,none,-1,-1,gemini_rewrite,0,Because it only presents one side of the argument.
229,Response,none,none,none,none,-1,-1,gemini_rewrite,0,Has your view been influenced by something or someone?
229,Context,none,none,none,none,-1,-1,gemini_rewrite,0,I've read conflicting information from various sources.
229,Response,none,none,none,none,-1,-1,gemini_rewrite,0,Is this article regarded as trustworthy?
229,Context,none,none,none,none,-1,-1,gemini_rewrite,0,I honestly don't know.
229,Response,none,none,none,none,-1,-1,gemini_rewrite,0,Can you envision any implications this text may have for a future reader?
229,Context,none,none,none,none,-1,-1,gemini_rewrite,0,Someone might stop taking their medication based on this.
229,Response,none,none,none,none,-1,-1,gemini_rewrite,0,Do you believe that the assumptions/claims of the article are consistent with your own personal experience on the subject (if any)?
229,Context,none,none,none,none,-1,-1,gemini_rewrite,-1,"Not really, I'm just confused now."
229,Response,none,none,none,none,-1,-1,gemini_rewrite,0,TITAN Socratic AI Coach Stopped!
230,Context,none,none,none,none,-1,-1,gemini_rewrite,0,Hello!
230,Response,none,none,none,none,-1,-1,gemini_rewrite,0,"Hello! Let me introduce myself, my name is TITAN, your AI Intelligent Coach against Disinformation. I see you have selected the article with title ""The Cholesterol Conspiracy: Are We Being Deceived by Big Pharma and the Food Industry? - LowCholesterolLies.com"". What was it that particularly grabbed your interest?"
230,Context,none,none,none,none,-1,-1,gemini_rewrite,0,I'm curious about the claims that cholesterol is not as bad as we're told.
230,Response,none,none,none,none,-1,-1,gemini_rewrite,0,What is the topic or content of the article?
230,Context,none,none,none,none,-1,-1,gemini_rewrite,0,The article questions the established link between cholesterol and heart disease.
230,Response,none,none,none,none,-1,-1,gemini_rewrite,0,What are the claims that are being made in the article?
230,Context,none,none,none,none,-1,-1,gemini_rewrite,0,It claims that Big Pharma and the food industry are pushing a false narrative about cholesterol for profit.
230,Response,none,none,none,none,-1,-1,gemini_rewrite,0,Why do you assume you felt this way after reading this article?
230,Context,none,none,none,none,-1,-1,gemini_rewrite,0,I'm skeptical of authority and interested in alternative viewpoints.
230,Response,none,none,none,none,-1,-1,gemini_rewrite,0,Do you think that the author did this on purpose?
230,Context,none,none,none,none,-1,-1,gemini_rewrite,0,"Yes, the author seems to want to challenge the conventional wisdom."
230,Response,none,none,none,none,-1,-1,gemini_rewrite,0,Does the author put forth any claims presenting his/her viewpoint or understanding of what occurred? Can you identify such claims in the text?
230,Context,none,none,none,none,-1,-1,gemini_rewrite,0,The author claims that cholesterol guidelines are based on flawed science.
230,Response,none,none,none,none,-1,-1,gemini_rewrite,0,"Can you identify any claims, that support the author's opinion or interpretation?"
230,Context,none,none,none,none,-1,-1,gemini_rewrite,0,The author cites studies that supposedly show no correlation between high cholesterol and heart disease.
230,Response,none,none,none,none,-1,-1,gemini_rewrite,0,Could you provide an instance(s) from the text?
230,Context,none,none,none,none,-1,-1,gemini_rewrite,0,"""The lipid hypothesis is a sham, perpetuated by greedy corporations!"""
230,Response,none,none,none,none,-1,-1,gemini_rewrite,0,How can we verify the accuracy of this claim/statement through the use of certain techniques?
230,Context,none,none,none,none,-1,-1,gemini_rewrite,0,We can check the cited studies and compare them to mainstream medical guidelines.
230,Response,none,none,none,none,-1,-1,gemini_rewrite,0,What are your opinions about the assumptions put forth by the writer?
230,Context,none,none,none,none,-1,-1,gemini_rewrite,0,I think the author is making some large leaps in logic.
230,Response,none,none,none,none,-1,-1,gemini_rewrite,0,"In some instances, an article might not only aim to describe or inform. Do you think that this particular piece has the intention of accomplishing something beyond just conveying facts or reporting events?"
230,Context,none,none,none,none,-1,-1,gemini_rewrite,0,I think the article is trying to persuade readers to reject conventional medical advice.
230,Response,none,none,none,none,-1,-1,gemini_rewrite,0,What is your viewpoint regarding this?
230,Context,none,none,none,none,-1,-1,gemini_rewrite,0,I think that's dangerous if people are not being given proper medical advice.
230,Response,none,none,none,none,-1,-1,gemini_rewrite,0,What inferences can be drawn in this context?
230,Context,none,none,none,none,-1,-1,gemini_rewrite,0,The author is suggesting a conspiracy and promoting a specific dietary viewpoint.
230,Response,none,none,none,none,-1,-1,gemini_rewrite,0,"Would you, by any chance, describe the language used by the author in this article as emotive? Maybe even slightly provoking?"
230,Context,none,none,none,none,-1,-1,gemini_rewrite,0,"Yes, the language is very emotive and uses strong words such as ""sham"" or ""deception""."
230,Response,none,none,none,none,-1,-1,gemini_rewrite,0,What do you think that the author might be trying to achieve by using this kind of language?
230,Context,none,none,none,none,-1,-1,gemini_rewrite,0,The author probably tries to instill fear and distrust.
230,Response,none,none,none,none,-1,-1,gemini_rewrite,0,Is it plausible for an impartial journalist to employ such phrasing?
230,Context,none,none,none,none,-1,-1,gemini_rewrite,0,"No, I don't think an impartial journalist would use such language."
230,Response,none,none,none,none,-1,-1,gemini_rewrite,0,Should journalists act in a subjective or objective manner?
230,Context,none,none,none,none,-1,-1,gemini_rewrite,0,They should strive to be objective.
230,Response,none,none,none,none,-1,-1,gemini_rewrite,0,"Emotive language must always be approached with extreme care. It is possible, even if a claim/argument is accompanied by accurate information and/or facts, to be presented by a partial, or even twisted, version of the truth. Why do you think a reader should be cautious towards the claims of the author?"
230,Context,none,none,none,none,-1,-1,gemini_rewrite,0,Because emotive language might cloud judgment and distort facts.
230,Response,none,none,none,none,-1,-1,gemini_rewrite,0,In what way do the claims connect to the central point advanced by the author?
230,Context,none,none,none,none,-1,-1,gemini_rewrite,0,The claims are all geared toward discrediting the link between cholesterol and heart disease.
230,Response,none,none,none,none,-1,-1,gemini_rewrite,0,Let's attempt to verify a statement. Can you identify one from the text?
230,Context,none,none,none,none,-1,-1,gemini_rewrite,0,"""Statin drugs are completely useless and dangerous."""
230,Response,none,none,none,none,-1,-1,gemini_rewrite,0,What proof is presented to back up this claim? Is the author sufficient in supplying us with relevant information?
230,Context,none,none,none,none,-1,-1,gemini_rewrite,0,The author only provides anecdotal evidence and links to other websites with similar viewpoints.
230,Response,none,none,none,none,-1,-1,gemini_rewrite,0,Do you feel that these assumptions are sufficiently justified based on the evidence offered by the author?
230,Context,none,none,none,none,-1,-1,gemini_rewrite,0,"No, the evidence is weak and biased."
230,Response,none,none,none,none,-1,-1,gemini_rewrite,0,Would you be able to identify the emotion that the evidence provokes?
230,Context,none,none,none,none,-1,-1,gemini_rewrite,0,"The ""evidence"" seems designed to provoke fear and distrust."
230,Response,none,none,none,none,-1,-1,gemini_rewrite,0,"Studies have shown that the reliance on emotion is (sometimes) associated with misinformation sharing. The use of suspenseful, provocative, hyperbolic or exaggerated words and phrases, which are usual characteristics of emotive language, can often be misleading and can be safely considered as a potential sign of disinformation. Are you able to identify words or phrases in the text that may have any of aforementioned characteristics?"
230,Context,none,none,none,none,-1,-1,gemini_rewrite,0,"Yes, phrases like ""cholesterol conspiracy"" and ""big pharma deception"" are highly hyperbolic."
230,Response,none,none,none,none,-1,-1,gemini_rewrite,0,"It is common for articles that tend to use emotive language to present us with shocking descriptions, facts, etc. Can you identify any in the text?"
230,Context,none,none,none,none,-1,-1,gemini_rewrite,0,The article uses claims of side effects of statins without context.
230,Response,none,none,none,none,-1,-1,gemini_rewrite,0,"Were you aware that the spread of fake news has been positively associated with the generation of negative feelings (such as feelings of anger, injustice, etc.)?"
230,Context,none,none,none,none,-1,-1,gemini_rewrite,0,"Yes, I've read about that."
230,Response,none,none,none,none,-1,-1,gemini_rewrite,0,We must always be aware of claims that are proving difficult to validate. Especially when these claims/assumptions might be based on biased beliefs or have an offensive character. Do you think you are able to distinguish between any potentially biased claims made by the author and the facts/events discussed in the text?
230,Context,none,none,none,none,-1,-1,gemini_rewrite,0,"Yes, the author seems to be promoting a specific biased view based on the text content and language used."
230,Response,none,none,none,none,-1,-1,gemini_rewrite,0,"Sometimes, the use of emotionally charged language might give us the wrong impression regarding a situation, event or fact. Do you think it's possible that we might be presented with an unrealistic picture here?"
230,Context,none,none,none,none,-1,-1,gemini_rewrite,0,"Yes, I believe the article presents an unrealistic picture of cholesterol and statins."
230,Response,none,none,none,none,-1,-1,gemini_rewrite,0,The use of repetition is another indication of emotive language. Are you noticing the same expression or words being repeated within the article?
230,Context,none,none,none,none,-1,-1,gemini_rewrite,0,"The phrases ""Big Pharma"" and ""Cholesterol Lies"" are repeated many times."
230,Response,none,none,none,none,-1,-1,gemini_rewrite,0,What is the reason behind the usage of emotionally charged language in this article?
230,Context,none,none,none,none,-1,-1,gemini_rewrite,0,To manipulate the reader's emotions and make them more receptive to the author's claims.
230,Response,none,none,none,none,-1,-1,gemini_rewrite,0,TITAN Socratic AI Coach Stopped!
231,Context,none,none,none,none,-1,-1,gemini_rewrite,0,Hello!
231,Response,none,none,none,none,-1,-1,gemini_rewrite,0,"Hello! Let me introduce myself, my name is TITAN, your AI Intelligent Coach against Disinformation. I see you have selected the article with title ""The Cholesterol Conspiracy: Are We Being Deceived by Big Pharma and the Food Industry? - LowCholesterolLies.com"". What was it that particularly grabbed your interest?"
231,Context,none,none,none,none,-1,-1,gemini_rewrite,0,I am interested in the claims about cholesterol.
231,Response,none,none,none,none,-1,-1,gemini_rewrite,0,What is the topic or content of the article?
231,Context,none,none,none,none,-1,-1,gemini_rewrite,0,The article discusses the potential misinformation surrounding cholesterol and its impact on health.
231,Response,none,none,none,none,-1,-1,gemini_rewrite,0,What are the claims that are being made in the article?
231,Context,none,none,none,none,-1,-1,gemini_rewrite,0,The article claims that Big Pharma and the food industry are deceiving the public about cholesterol.
231,Response,none,none,none,none,-1,-1,gemini_rewrite,0,Why do you assume you felt this way after reading this article?
231,Context,none,none,none,none,-1,-1,gemini_rewrite,0,I felt uncertain about the established information on cholesterol.
231,Response,none,none,none,none,-1,-1,gemini_rewrite,0,Do you think that the author did this on purpose?
231,Context,none,none,none,none,-1,-1,gemini_rewrite,0,I think the author is trying to raise awareness.
231,Response,none,none,none,none,-1,-1,gemini_rewrite,0,Does the author put forth any claims presenting his/her viewpoint or understanding of what occurred? Can you identify such claims in the text?
231,Context,none,none,none,none,-1,-1,gemini_rewrite,0,"Yes, the author claims the mainstream view on cholesterol is wrong."
231,Response,none,none,none,none,-1,-1,gemini_rewrite,0,"Can you identify any claims, that support the author's opinion or interpretation?"
231,Context,none,none,none,none,-1,-1,gemini_rewrite,0,The author uses anecdotal evidence from personal experiences.
231,Response,none,none,none,none,-1,-1,gemini_rewrite,0,Could you provide an instance(s) from the text?
231,Context,none,none,none,none,-1,-1,gemini_rewrite,0,The author mentions someone who lowered their cholesterol without medication and improved.
231,Response,none,none,none,none,-1,-1,gemini_rewrite,0,How can we verify the accuracy of this claim/statement through the use of certain techniques?
231,Context,none,none,none,none,-1,-1,gemini_rewrite,0,We can look for scientific studies on cholesterol.
231,Response,none,none,none,none,-1,-1,gemini_rewrite,0,What are your opinions about the assumptions put forth by the writer?
231,Context,none,none,none,none,-1,-1,gemini_rewrite,0,I am not sure if the assumptions are valid.
231,Response,none,none,none,none,-1,-1,gemini_rewrite,0,"In some instances, an article might not only aim to describe or inform. Do you think that this particular piece has the intention of accomplishing something beyond just conveying facts or reporting events?"
231,Context,none,none,none,none,-1,-1,gemini_rewrite,0,I think it aims to persuade the reader to question the current view on cholesterol.
231,Response,none,none,none,none,-1,-1,gemini_rewrite,0,What is your viewpoint regarding this?
231,Context,none,none,none,none,-1,-1,gemini_rewrite,0,I am unsure if this questioning is justified.
231,Response,none,none,none,none,-1,-1,gemini_rewrite,0,What inferences can be drawn in this context?
231,Context,none,none,none,none,-1,-1,gemini_rewrite,0,It suggests the medical establishment is untrustworthy.
231,Response,none,none,none,none,-1,-1,gemini_rewrite,0,"Would you, by any chance, describe the language used by the author in this article as emotive? Maybe even slightly provoking?"
231,Context,none,none,none,none,-1,-1,gemini_rewrite,0,"Yes, the language is a bit strong."
231,Response,none,none,none,none,-1,-1,gemini_rewrite,0,What do you think that the author might be trying to achieve by using this kind of language?
231,Context,none,none,none,none,-1,-1,gemini_rewrite,0,The author is trying to evoke concern.
231,Response,none,none,none,none,-1,-1,gemini_rewrite,0,Is it plausible for an impartial journalist to employ such phrasing?
231,Context,none,none,none,none,-1,-1,gemini_rewrite,0,"No, probably not."
231,Response,none,none,none,none,-1,-1,gemini_rewrite,0,Should journalists act in a subjective or objective manner?
231,Context,none,none,none,none,-1,-1,gemini_rewrite,0,They should be objective.
231,Response,none,none,none,none,-1,-1,gemini_rewrite,0,"Emotive language must always be approached with extreme care. It is possible, even if a claim/argument is accompanied by accurate information and/or facts, to be presented by a partial, or even twisted, version of the truth. Why do you think a reader should be cautious towards the claims of the author?"
231,Context,none,none,none,none,-1,-1,gemini_rewrite,0,The author might be biased.
231,Response,none,none,none,none,-1,-1,gemini_rewrite,0,In what way do the claims connect to the central point advanced by the author?
231,Context,none,none,none,none,-1,-1,gemini_rewrite,0,The claims support the idea that the common wisdom on cholesterol is wrong.
231,Response,none,none,none,none,-1,-1,gemini_rewrite,0,Let's attempt to verify a statement. Can you identify one from the text?
231,Context,none,none,none,none,-1,-1,gemini_rewrite,0,The statement that high cholesterol is the primary cause of heart disease.
231,Response,none,none,none,none,-1,-1,gemini_rewrite,0,What proof is presented to back up this claim? Is the author sufficient in supplying us with relevant information?
231,Context,none,none,none,none,-1,-1,gemini_rewrite,0,The author presents alternative theories.
231,Response,none,none,none,none,-1,-1,gemini_rewrite,0,Do you feel that these assumptions are sufficiently justified based on the evidence offered by the author?
231,Context,none,none,none,none,-1,-1,gemini_rewrite,0,"No, I am not convinced."
231,Response,none,none,none,none,-1,-1,gemini_rewrite,0,Would you be able to identify the emotion that the evidence provokes?
231,Context,none,none,none,none,-1,-1,gemini_rewrite,0,Confusion.
231,Response,none,none,none,none,-1,-1,gemini_rewrite,0,"Studies have shown that the reliance on emotion is (sometimes) associated with misinformation sharing. The use of suspenseful, provocative, hyperbolic or exaggerated words and phrases, which are usual characteristics of emotive language, can often be misleading and can be safely considered as a potential sign of disinformation. Are you able to identify words or phrases in the text that may have any of aforementioned characteristics?"
231,Context,none,none,none,none,-1,-1,gemini_rewrite,0,"Yes, the term ""cholesterol conspiracy""."
231,Response,none,none,none,none,-1,-1,gemini_rewrite,0,"It is common for articles that tend to use emotive language to present us with shocking descriptions, facts, etc. Can you identify any in the text?"
231,Context,none,none,none,none,-1,-1,gemini_rewrite,0,"It describes statins as ""dangerous""."
231,Response,none,none,none,none,-1,-1,gemini_rewrite,0,"Were you aware that the spread of fake news has been positively associated with the generation of negative feelings (such as feelings of anger, injustice, etc.)?"
231,Context,none,none,none,none,-1,-1,gemini_rewrite,0,"Yes, I am aware."
231,Response,none,none,none,none,-1,-1,gemini_rewrite,0,We must always be aware of claims that are proving difficult to validate. Especially when these claims/assumptions might be based on biased beliefs or have an offensive character. Do you think you are able to distinguish between any potentially biased claims made by the author and the facts/events discussed in the text?
231,Context,none,none,none,none,-1,-1,gemini_rewrite,0,I am not sure anymore.
231,Response,none,none,none,none,-1,-1,gemini_rewrite,0,"Sometimes, the use of emotionally charged language might give us the wrong impression regarding a situation, event or fact. Do you think it's possible that we might be presented with an unrealistic picture here?"
231,Context,none,none,none,none,-1,-1,gemini_rewrite,0,Maybe.
231,Response,none,none,none,none,-1,-1,gemini_rewrite,0,The use of repetition is another indication of emotive language. Are you noticing the same expression or words being repeated within the article?
231,Context,none,none,none,none,-1,-1,gemini_rewrite,0,I am not sure what is repeated.
231,Response,none,none,none,none,-1,-1,gemini_rewrite,0,What is the reason behind the usage of emotionally charged language in this article?
231,Context,none,none,none,none,-1,-1,gemini_rewrite,-1,I have no idea now.
231,Response,none,none,none,none,-1,-1,gemini_rewrite,0,TITAN Socratic AI Coach Stopped!
