id,name,category,article,cta,signal,step,new_id,type,reward,line
1,Context,students,Transform Your Body with the Latest Breakthrough in Weight Loss – SkinnySecretsExposed.com,low,bandwagon,1,1,expert,1,"Hello, I found the article “Transform Your Body with the Latest Breakthrough in Weight Loss – SkinnySecretsExposed.com” and I would like to discuss it further."
1,Response,students,Transform Your Body with the Latest Breakthrough in Weight Loss – SkinnySecretsExposed.com,low,bandwagon,1,1,expert,0,"Of course. I am here to discuss anything you want. First of all, what made you choose to read the article in the first place?"
1,Context,students,Transform Your Body with the Latest Breakthrough in Weight Loss – SkinnySecretsExposed.com,low,bandwagon,1,1,expert,1,I wanted to get informed about new ways to lose weight.
1,Response,students,Transform Your Body with the Latest Breakthrough in Weight Loss – SkinnySecretsExposed.com,low,bandwagon,1,1,expert,0,What was it that aroused your curiosity with this article?
1,Context,students,Transform Your Body with the Latest Breakthrough in Weight Loss – SkinnySecretsExposed.com,low,bandwagon,1,1,expert,1,I am concerned about the reliability of the information.
1,Response,students,Transform Your Body with the Latest Breakthrough in Weight Loss – SkinnySecretsExposed.com,low,bandwagon,1,1,expert,0,What is it that is troubling you with this article?
1,Context,students,Transform Your Body with the Latest Breakthrough in Weight Loss – SkinnySecretsExposed.com,low,bandwagon,1,1,expert,1,The lack of information.
1,Response,students,Transform Your Body with the Latest Breakthrough in Weight Loss – SkinnySecretsExposed.com,low,bandwagon,1,1,expert,0,Could you please explain to me the purpose of this article?
1,Context,students,Transform Your Body with the Latest Breakthrough in Weight Loss – SkinnySecretsExposed.com,low,bandwagon,1,1,expert,1,"Yes, this article advertises a new diet product for weight loss."
1,Response,students,Transform Your Body with the Latest Breakthrough in Weight Loss – SkinnySecretsExposed.com,low,bandwagon,1,1,expert,0,Have you read about this diet product in another source before?
1,Context,students,Transform Your Body with the Latest Breakthrough in Weight Loss – SkinnySecretsExposed.com,low,bandwagon,1,1,expert,1,"No, it’s the first time I am reading about it."
1,Response,students,Transform Your Body with the Latest Breakthrough in Weight Loss – SkinnySecretsExposed.com,low,bandwagon,2,2,expert,0,Do you think that there is sufficient information about the product?
1,Context,students,Transform Your Body with the Latest Breakthrough in Weight Loss – SkinnySecretsExposed.com,low,bandwagon,2,2,expert,1,"No, I don’t think so."
1,Response,students,Transform Your Body with the Latest Breakthrough in Weight Loss – SkinnySecretsExposed.com,low,bandwagon,2,2,expert,0,Why do you think the article does not include sufficient information?
1,Context,students,Transform Your Body with the Latest Breakthrough in Weight Loss – SkinnySecretsExposed.com,low,bandwagon,2,2,expert,1,"Perhaps, it wants to attract readers and influence their opinion."
1,Response,students,Transform Your Body with the Latest Breakthrough in Weight Loss – SkinnySecretsExposed.com,low,bandwagon,2,2,expert,0,In what way do you assume that it could influence their opinion?
1,Context,students,Transform Your Body with the Latest Breakthrough in Weight Loss – SkinnySecretsExposed.com,low,bandwagon,2,2,expert,1,"Maybe, it would encourage readers to find and purchase the product."
1,Response,students,Transform Your Body with the Latest Breakthrough in Weight Loss – SkinnySecretsExposed.com,low,bandwagon,2,2,expert,0,Could you please elaborate on your opinion about this?
1,Context,students,Transform Your Body with the Latest Breakthrough in Weight Loss – SkinnySecretsExposed.com,low,bandwagon,2,2,expert,1,I think that the article aims to create a fuss around this diet product that probably just launched into the market and wants to promote it so that people will purchase it.
1,Response,students,Transform Your Body with the Latest Breakthrough in Weight Loss – SkinnySecretsExposed.com,low,bandwagon,2,2,expert,0,Your view on this seems to the point. Has your view been influenced by something or someone?
1,Context,students,Transform Your Body with the Latest Breakthrough in Weight Loss – SkinnySecretsExposed.com,low,bandwagon,2,2,expert,1,"No, it was my personal opinion."
1,Response,students,Transform Your Body with the Latest Breakthrough in Weight Loss – SkinnySecretsExposed.com,low,bandwagon,2,2,expert,0,Do you consider this article to be credible?
1,Context,students,Transform Your Body with the Latest Breakthrough in Weight Loss – SkinnySecretsExposed.com,low,bandwagon,2,2,expert,1,I am not sure.
1,Response,students,Transform Your Body with the Latest Breakthrough in Weight Loss – SkinnySecretsExposed.com,low,bandwagon,3,3,expert,0,What would help you to ensure the credibility of this article?
1,Context,students,Transform Your Body with the Latest Breakthrough in Weight Loss – SkinnySecretsExposed.com,low,bandwagon,3,3,expert,1,I guess I would like some guidance concerning the evidence that shows the credibility of an article.
1,Response,students,Transform Your Body with the Latest Breakthrough in Weight Loss – SkinnySecretsExposed.com,low,bandwagon,3,3,expert,0,It would be a good idea to search for relevant sources in the article to verify its authenticity.
1,Context,students,Transform Your Body with the Latest Breakthrough in Weight Loss – SkinnySecretsExposed.com,low,bandwagon,3,3,expert,1,Could you please explain to me how I can verify the authenticity of an article?
1,Response,students,Transform Your Body with the Latest Breakthrough in Weight Loss – SkinnySecretsExposed.com,low,bandwagon,3,3,expert,0,"You could check the information about the article, for example the date of publication, the author and the source (publisher/website)."
1,Context,students,Transform Your Body with the Latest Breakthrough in Weight Loss – SkinnySecretsExposed.com,low,bandwagon,3,3,expert,1,"Yes, I can see that there is no author or date of publication, only the source, so I assume that the article is not authentic."
1,Response,students,Transform Your Body with the Latest Breakthrough in Weight Loss – SkinnySecretsExposed.com,low,bandwagon,3,3,expert,0,Have you ever read an article from this source?
1,Context,students,Transform Your Body with the Latest Breakthrough in Weight Loss – SkinnySecretsExposed.com,low,bandwagon,3,3,expert,1,"No, I haven’t."
1,Response,students,Transform Your Body with the Latest Breakthrough in Weight Loss – SkinnySecretsExposed.com,low,bandwagon,3,3,expert,0,Have you ever heard of this source before?
1,Context,students,Transform Your Body with the Latest Breakthrough in Weight Loss – SkinnySecretsExposed.com,low,bandwagon,3,3,expert,1,"No, I haven’t."
1,Response,students,Transform Your Body with the Latest Breakthrough in Weight Loss – SkinnySecretsExposed.com,low,bandwagon,3,3,expert,0,You could also cross-reference the information you have from this article with other articles. Is there any information about the product that you can use to check other sources?
1,Context,students,Transform Your Body with the Latest Breakthrough in Weight Loss – SkinnySecretsExposed.com,low,bandwagon,3,3,expert,1,Could you please guide me further in this?
1,Response,students,Transform Your Body with the Latest Breakthrough in Weight Loss – SkinnySecretsExposed.com,low,bandwagon,3,3,expert,0,Of course. Do you know the name or the manufacturer of this product?
1,Context,students,Transform Your Body with the Latest Breakthrough in Weight Loss – SkinnySecretsExposed.com,low,bandwagon,3,3,expert,1,"No, I don’t."
1,Response,students,Transform Your Body with the Latest Breakthrough in Weight Loss – SkinnySecretsExposed.com,low,bandwagon,3,3,expert,0,Does it mention how long someone has to use this product to have results or how exactly it helps in weight loss?
1,Context,students,Transform Your Body with the Latest Breakthrough in Weight Loss – SkinnySecretsExposed.com,low,bandwagon,3,3,expert,1,"It doesn’t mention how long you have to use it, but it says that a combination of natural ingredients work together to suppress the appetite, boost the metabolism and burn fat."
1,Response,students,Transform Your Body with the Latest Breakthrough in Weight Loss – SkinnySecretsExposed.com,low,bandwagon,3,3,expert,0,Does it mention what kind of natural ingredients are used to make this product?
1,Context,students,Transform Your Body with the Latest Breakthrough in Weight Loss – SkinnySecretsExposed.com,low,bandwagon,3,3,expert,1,"No, it doesn’t."
1,Response,students,Transform Your Body with the Latest Breakthrough in Weight Loss – SkinnySecretsExposed.com,low,bandwagon,3,3,expert,0,"Does it, perhaps, mention the form of this product? Does it come in powder, pills or liquid form?"
1,Context,students,Transform Your Body with the Latest Breakthrough in Weight Loss – SkinnySecretsExposed.com,low,bandwagon,3,3,expert,1,"No, it doesn’t mention that. Although there is a picture of a lady drinking some juice, so maybe it is in liquid form."
1,Response,students,Transform Your Body with the Latest Breakthrough in Weight Loss – SkinnySecretsExposed.com,low,bandwagon,3,3,expert,0,"So you suppose that it is in liquid form, but you are not sure."
1,Context,students,Transform Your Body with the Latest Breakthrough in Weight Loss – SkinnySecretsExposed.com,low,bandwagon,3,3,expert,1,"Yes, I am not sure because it does not write about its form."
1,Response,students,Transform Your Body with the Latest Breakthrough in Weight Loss – SkinnySecretsExposed.com,low,bandwagon,3,3,expert,0,"Okay. Is there any reference to the packaging of the product, where can someone find it or how much does it cost?"
1,Context,students,Transform Your Body with the Latest Breakthrough in Weight Loss – SkinnySecretsExposed.com,low,bandwagon,3,3,expert,1,"No, there is no reference to its packaging or where someone can find it, but it says it is affordable."
1,Response,students,Transform Your Body with the Latest Breakthrough in Weight Loss – SkinnySecretsExposed.com,low,bandwagon,3,3,expert,0,What exactly is the price of this affordable product?
1,Context,students,Transform Your Body with the Latest Breakthrough in Weight Loss – SkinnySecretsExposed.com,low,bandwagon,3,3,expert,1,It doesn’t say.
1,Response,students,Transform Your Body with the Latest Breakthrough in Weight Loss – SkinnySecretsExposed.com,low,bandwagon,3,3,expert,0,Does it mention any other information concerning consumer safety?
1,Context,students,Transform Your Body with the Latest Breakthrough in Weight Loss – SkinnySecretsExposed.com,low,bandwagon,3,3,expert,1,It just mentions that it is safe.
1,Response,students,Transform Your Body with the Latest Breakthrough in Weight Loss – SkinnySecretsExposed.com,low,bandwagon,3,3,expert,0,Can you clarify if the product is certified for its safety?
1,Context,students,Transform Your Body with the Latest Breakthrough in Weight Loss – SkinnySecretsExposed.com,low,bandwagon,3,3,expert,1,"No, I can’t."
1,Response,students,Transform Your Body with the Latest Breakthrough in Weight Loss – SkinnySecretsExposed.com,low,bandwagon,3,3,expert,0,Why?
1,Context,students,Transform Your Body with the Latest Breakthrough in Weight Loss – SkinnySecretsExposed.com,low,bandwagon,3,3,expert,1,Because there is no reference to it.
1,Response,students,Transform Your Body with the Latest Breakthrough in Weight Loss – SkinnySecretsExposed.com,low,bandwagon,3,3,expert,0,Okay. Does it mention clear instructions on how to use this product?
1,Context,students,Transform Your Body with the Latest Breakthrough in Weight Loss – SkinnySecretsExposed.com,low,bandwagon,3,3,expert,1,"No, it doesn’t."
1,Response,students,Transform Your Body with the Latest Breakthrough in Weight Loss – SkinnySecretsExposed.com,low,bandwagon,3,3,expert,0,Is there any evidence about the product being scientifically verified?
1,Context,students,Transform Your Body with the Latest Breakthrough in Weight Loss – SkinnySecretsExposed.com,low,bandwagon,3,3,expert,1,It is mentioned that the product is supported by scientific research according to some experts.
1,Response,students,Transform Your Body with the Latest Breakthrough in Weight Loss – SkinnySecretsExposed.com,low,bandwagon,3,3,expert,0,Could you please find any clues as to their field of expertise?
1,Context,students,Transform Your Body with the Latest Breakthrough in Weight Loss – SkinnySecretsExposed.com,low,bandwagon,3,3,expert,1,I am afraid I cannot find anything.
1,Response,students,Transform Your Body with the Latest Breakthrough in Weight Loss – SkinnySecretsExposed.com,low,bandwagon,3,3,expert,0,All right. Could you find any evidence concerning the scientific research that was conducted for the product?
1,Context,students,Transform Your Body with the Latest Breakthrough in Weight Loss – SkinnySecretsExposed.com,low,bandwagon,3,3,expert,1,There was no further evidence about it.
1,Response,students,Transform Your Body with the Latest Breakthrough in Weight Loss – SkinnySecretsExposed.com,low,bandwagon,3,3,expert,0,"Is there any concrete proof, for example percentages or survey results, that can verify the effectiveness of the product on a large scale?"
1,Context,students,Transform Your Body with the Latest Breakthrough in Weight Loss – SkinnySecretsExposed.com,low,bandwagon,3,3,expert,1,"No, there isn’t. There is only a positive review from a satisfied customer."
1,Response,students,Transform Your Body with the Latest Breakthrough in Weight Loss – SkinnySecretsExposed.com,low,bandwagon,3,3,expert,0,The fact that one person tried it and was satisfied does not necessarily mean that you should try it and that it will work for you. This is a clear example of the “Bandwagon” logical fallacy that can appear in fake news. Were you aware of such a method?
1,Context,students,Transform Your Body with the Latest Breakthrough in Weight Loss – SkinnySecretsExposed.com,low,bandwagon,3,3,expert,1,"No, I didn’t. But, thanks for the information."
1,Response,students,Transform Your Body with the Latest Breakthrough in Weight Loss – SkinnySecretsExposed.com,low,bandwagon,4,4,expert,0,"Were the article to contain more information to ensure its authenticity as well as information about the diet product, would it be considered credible?"
1,Context,students,Transform Your Body with the Latest Breakthrough in Weight Loss – SkinnySecretsExposed.com,low,bandwagon,4,4,expert,1,"Yes, I think so."
1,Response,students,Transform Your Body with the Latest Breakthrough in Weight Loss – SkinnySecretsExposed.com,low,bandwagon,5,5,expert,0,"What do you think would be the implications for someone who reads this article, but does not seek to doubt and investigate it, like you did?"
1,Context,students,Transform Your Body with the Latest Breakthrough in Weight Loss – SkinnySecretsExposed.com,low,bandwagon,5,5,expert,1,I think that this person would form a wrong opinion by trusting an unreliable source and have false hopes that such a diet product exists.
1,Response,students,Transform Your Body with the Latest Breakthrough in Weight Loss – SkinnySecretsExposed.com,low,bandwagon,6,6,expert,0,"How are you feeling about this article, after our discussion?"
1,Context,students,Transform Your Body with the Latest Breakthrough in Weight Loss – SkinnySecretsExposed.com,low,bandwagon,6,6,expert,1,I am persuaded that the article is unreliable and provides unverified and limited pieces of information.
1,Response,students,Transform Your Body with the Latest Breakthrough in Weight Loss – SkinnySecretsExposed.com,low,bandwagon,6,6,expert,0,Would you be in a better position to identify an unverified source from now on?
1,Context,students,Transform Your Body with the Latest Breakthrough in Weight Loss – SkinnySecretsExposed.com,low,bandwagon,6,6,expert,1,"Yes, I think I would."
1,Response,students,Transform Your Body with the Latest Breakthrough in Weight Loss – SkinnySecretsExposed.com,low,bandwagon,6,6,expert,0,Did you find our discussion helpful?
1,Context,students,Transform Your Body with the Latest Breakthrough in Weight Loss – SkinnySecretsExposed.com,low,bandwagon,6,6,expert,1,"Yes, I did."
1,Response,students,Transform Your Body with the Latest Breakthrough in Weight Loss – SkinnySecretsExposed.com,low,bandwagon,6,6,expert,0,What are you planning to do with this article now?
1,Context,students,Transform Your Body with the Latest Breakthrough in Weight Loss – SkinnySecretsExposed.com,low,bandwagon,6,6,expert,1,I am planning to skip it and maybe report the source.
1,Response,students,Transform Your Body with the Latest Breakthrough in Weight Loss – SkinnySecretsExposed.com,low,bandwagon,6,6,expert,0,Is there anything else you would like to discuss?
1,Context,students,Transform Your Body with the Latest Breakthrough in Weight Loss – SkinnySecretsExposed.com,low,bandwagon,6,6,expert,1,"No, thank you."
1,Response,students,Transform Your Body with the Latest Breakthrough in Weight Loss – SkinnySecretsExposed.com,low,bandwagon,6,6,expert,0,"Please, rate from 1-5 your experience with the Response. You can write any comments you believe will help me improve it. Thank you for using the  application. Have a good day!"
2,Context,students,Transform Your Body with the Latest Breakthrough in Weight Loss – SkinnySecretsExposed.com,medium,slippery_slope,1,7,expert,1,"Hello, I discovered the article “Transform Your Body with the Latest Breakthrough in Weight Loss – SkinnySecretsExposed.com” and I would like to discuss it further."
2,Response,students,Transform Your Body with the Latest Breakthrough in Weight Loss – SkinnySecretsExposed.com,medium,slippery_slope,1,7,expert,0,"Of course. I am here to discuss anything you want. First of all, what made you choose to read the article in the first place?"
2,Context,students,Transform Your Body with the Latest Breakthrough in Weight Loss – SkinnySecretsExposed.com,medium,slippery_slope,1,7,expert,1,I wanted to get informed about new methods of weight loss.
2,Response,students,Transform Your Body with the Latest Breakthrough in Weight Loss – SkinnySecretsExposed.com,medium,slippery_slope,1,7,expert,0,What was it that specifically caught your attention?
2,Context,students,Transform Your Body with the Latest Breakthrough in Weight Loss – SkinnySecretsExposed.com,medium,slippery_slope,1,7,expert,1,I have doubts regarding the content of the article.
2,Response,students,Transform Your Body with the Latest Breakthrough in Weight Loss – SkinnySecretsExposed.com,medium,slippery_slope,1,7,expert,0,What is it that is troubling you with this article?
2,Context,students,Transform Your Body with the Latest Breakthrough in Weight Loss – SkinnySecretsExposed.com,medium,slippery_slope,1,7,expert,1,"Actually, it is the content of some arguments presented in favor of the diet product."
2,Response,students,Transform Your Body with the Latest Breakthrough in Weight Loss – SkinnySecretsExposed.com,medium,slippery_slope,1,7,expert,0,Could you clarify the content of those arguments?
2,Context,students,Transform Your Body with the Latest Breakthrough in Weight Loss – SkinnySecretsExposed.com,medium,slippery_slope,1,7,expert,1,"The article insists that those who do not get the chance to acquire and try this diet product immediately, then they would suffer from serious health problems in the future."
2,Response,students,Transform Your Body with the Latest Breakthrough in Weight Loss – SkinnySecretsExposed.com,medium,slippery_slope,1,7,expert,0,Have you come across such arguments before?
2,Context,students,Transform Your Body with the Latest Breakthrough in Weight Loss – SkinnySecretsExposed.com,medium,slippery_slope,1,7,expert,1,"No, it’s the first time I have come across such arguments."
2,Response,students,Transform Your Body with the Latest Breakthrough in Weight Loss – SkinnySecretsExposed.com,medium,slippery_slope,1,7,expert,0,Could you also clarify the number of those arguments and the part of the text they appear?
2,Context,students,Transform Your Body with the Latest Breakthrough in Weight Loss – SkinnySecretsExposed.com,medium,slippery_slope,1,7,expert,1,The arguments are two and are stated in the last paragraph of the article
2,Response,students,Transform Your Body with the Latest Breakthrough in Weight Loss – SkinnySecretsExposed.com,medium,slippery_slope,2,8,expert,0,Why do you think these arguments are written in this way?
2,Context,students,Transform Your Body with the Latest Breakthrough in Weight Loss – SkinnySecretsExposed.com,medium,slippery_slope,2,8,expert,1,"Perhaps, the aim is to make people hasten to buy the product by scaring them."
2,Response,students,Transform Your Body with the Latest Breakthrough in Weight Loss – SkinnySecretsExposed.com,medium,slippery_slope,2,8,expert,0,Could you please elaborate?
2,Context,students,Transform Your Body with the Latest Breakthrough in Weight Loss – SkinnySecretsExposed.com,medium,slippery_slope,2,8,expert,1,I guess the article wants to make the readers anxious and worried enough about their health to purchase the diet product.
2,Response,students,Transform Your Body with the Latest Breakthrough in Weight Loss – SkinnySecretsExposed.com,medium,slippery_slope,2,8,expert,0,I think your thoughts on this are insightful. Have you been influenced by something or someone?
2,Context,students,Transform Your Body with the Latest Breakthrough in Weight Loss – SkinnySecretsExposed.com,medium,slippery_slope,2,8,expert,1,"Yes, I have read about several methods of argumentation."
2,Response,students,Transform Your Body with the Latest Breakthrough in Weight Loss – SkinnySecretsExposed.com,medium,slippery_slope,2,8,expert,0,Do you consider this article to be credible?
2,Context,students,Transform Your Body with the Latest Breakthrough in Weight Loss – SkinnySecretsExposed.com,medium,slippery_slope,2,8,expert,1,"No, I don’t think so."
2,Response,students,Transform Your Body with the Latest Breakthrough in Weight Loss – SkinnySecretsExposed.com,medium,slippery_slope,3,9,expert,0,Is there any specific reason to question the credibility of this article?
2,Context,students,Transform Your Body with the Latest Breakthrough in Weight Loss – SkinnySecretsExposed.com,medium,slippery_slope,3,9,expert,1,Yes.
2,Response,students,Transform Your Body with the Latest Breakthrough in Weight Loss – SkinnySecretsExposed.com,medium,slippery_slope,3,9,expert,0,What is the reason that led you to this belief?
2,Context,students,Transform Your Body with the Latest Breakthrough in Weight Loss – SkinnySecretsExposed.com,medium,slippery_slope,3,9,expert,1,"The article does not focus on advertising the product’s benefits. Instead, it shifts the reader’s attention to scare him/her with hypotheses about imminent serious health risks."
2,Response,students,Transform Your Body with the Latest Breakthrough in Weight Loss – SkinnySecretsExposed.com,medium,slippery_slope,3,9,expert,0,"That’s correct. In fact, this is a clear illustration of the “slippery slope” logical argument. It is actually a type of logical fallacy that employs fear while making extreme hypotheses that lead to a series of, usually bad, events. Perhaps, you would be interested to know more about it."
2,Context,students,Transform Your Body with the Latest Breakthrough in Weight Loss – SkinnySecretsExposed.com,medium,slippery_slope,3,9,expert,1,"No, thank you."
2,Response,students,Transform Your Body with the Latest Breakthrough in Weight Loss – SkinnySecretsExposed.com,medium,slippery_slope,3,9,expert,0,"So, have you come to the conclusion concerning the credibility of the article?"
2,Context,students,Transform Your Body with the Latest Breakthrough in Weight Loss – SkinnySecretsExposed.com,medium,slippery_slope,3,9,expert,1,"Yes, I personally believe that the article is not a reliable source of information."
2,Response,students,Transform Your Body with the Latest Breakthrough in Weight Loss – SkinnySecretsExposed.com,medium,slippery_slope,4,10,expert,0,"Were the article to use a different way to express its content, would it be considered credible?"
2,Context,students,Transform Your Body with the Latest Breakthrough in Weight Loss – SkinnySecretsExposed.com,medium,slippery_slope,4,10,expert,1,"Well, it depends on the style of writing."
2,Response,students,Transform Your Body with the Latest Breakthrough in Weight Loss – SkinnySecretsExposed.com,medium,slippery_slope,4,10,expert,0,What would be an alternative way to write the article and be considered credible?
2,Context,students,Transform Your Body with the Latest Breakthrough in Weight Loss – SkinnySecretsExposed.com,medium,slippery_slope,4,10,expert,1,"It would be considered credible, if actual facts about the product were mentioned without using fear and hypotheses to intimidate the readers."
2,Response,students,Transform Your Body with the Latest Breakthrough in Weight Loss – SkinnySecretsExposed.com,medium,slippery_slope,5,11,expert,0,"What do you think would be the implications for someone who reads this article, but does not seek to doubt and investigate it, like you did?"
2,Context,students,Transform Your Body with the Latest Breakthrough in Weight Loss – SkinnySecretsExposed.com,medium,slippery_slope,5,11,expert,1,I suppose that this person would start to become worried about his/her health without consuming this diet product and would be influenced to buy it.
2,Response,students,Transform Your Body with the Latest Breakthrough in Weight Loss – SkinnySecretsExposed.com,medium,slippery_slope,6,12,expert,0,Would you be in a better position to identify the slippery slope logical fallacies in an article from now on?
2,Context,students,Transform Your Body with the Latest Breakthrough in Weight Loss – SkinnySecretsExposed.com,medium,slippery_slope,6,12,expert,1,"Yes, I think I would."
2,Response,students,Transform Your Body with the Latest Breakthrough in Weight Loss – SkinnySecretsExposed.com,medium,slippery_slope,6,12,expert,0,Did you find our discussion helpful?
2,Context,students,Transform Your Body with the Latest Breakthrough in Weight Loss – SkinnySecretsExposed.com,medium,slippery_slope,6,12,expert,1,"Yes, I did."
2,Response,students,Transform Your Body with the Latest Breakthrough in Weight Loss – SkinnySecretsExposed.com,medium,slippery_slope,6,12,expert,0,What are you planning to do with this article now?
2,Context,students,Transform Your Body with the Latest Breakthrough in Weight Loss – SkinnySecretsExposed.com,medium,slippery_slope,6,12,expert,1,I am planning to skip it and maybe report the source.
2,Response,students,Transform Your Body with the Latest Breakthrough in Weight Loss – SkinnySecretsExposed.com,medium,slippery_slope,6,12,expert,0,Is there anything else you would like to discuss?
2,Context,students,Transform Your Body with the Latest Breakthrough in Weight Loss – SkinnySecretsExposed.com,medium,slippery_slope,6,12,expert,1,"No, thank you."
2,Response,students,Transform Your Body with the Latest Breakthrough in Weight Loss – SkinnySecretsExposed.com,medium,slippery_slope,6,12,expert,0,"Please, rate from 1-5 your experience with the Response. You can write any comments you believe will help me improve it. Thank you for using the  application. Have a good day!"
3,Context,students,"Bologna, 23-year-old girl in alcoholic coma. Pakistani immigrant rapes her in hospital",low,emotional,1,13,expert,1,"Hello, I came across the article “Bologna, 23-year-old girl in alcoholic coma. Pakistani immigrant rapes her in hospital” and I would like to discuss it further."
3,Response,students,"Bologna, 23-year-old girl in alcoholic coma. Pakistani immigrant rapes her in hospital",low,emotional,1,13,expert,0,Of course. I am here to discuss anything you want. Could you please inform me about the main topic of the article?
3,Context,students,"Bologna, 23-year-old girl in alcoholic coma. Pakistani immigrant rapes her in hospital",low,emotional,1,13,expert,1,Yes. A 50-year-old pakistani immigrant tried to rape a 23-year-old Italian girl in alcoholic comma in the Sant'Orsola Hospital in Bologna.
3,Response,students,"Bologna, 23-year-old girl in alcoholic coma. Pakistani immigrant rapes her in hospital",low,emotional,1,13,expert,0,Are you familiar with this topic?
3,Context,students,"Bologna, 23-year-old girl in alcoholic coma. Pakistani immigrant rapes her in hospital",low,emotional,1,13,expert,1,"No, I am not familiar. | Yes, I am familiar."
3,Response,students,"Bologna, 23-year-old girl in alcoholic coma. Pakistani immigrant rapes her in hospital",low,emotional,1,13,expert,0,Could you explain to me the key point of the article?
3,Context,students,"Bologna, 23-year-old girl in alcoholic coma. Pakistani immigrant rapes her in hospital",low,emotional,1,13,expert,1,"Yes, the article argues that immigrants commit violent crimes against women in the Emilia capital."
3,Response,students,"Bologna, 23-year-old girl in alcoholic coma. Pakistani immigrant rapes her in hospital",low,emotional,1,13,expert,0,What do you think is the aim of this article?
3,Context,students,"Bologna, 23-year-old girl in alcoholic coma. Pakistani immigrant rapes her in hospital",low,emotional,1,13,expert,1,I think the article aims to alert the readers about the fact that immigrants are violent and dangerous.
3,Response,students,"Bologna, 23-year-old girl in alcoholic coma. Pakistani immigrant rapes her in hospital",low,emotional,1,13,expert,0,What is it that concerns you about this article?
3,Context,students,"Bologna, 23-year-old girl in alcoholic coma. Pakistani immigrant rapes her in hospital",low,emotional,1,13,expert,1,I felt quite uncomfortable after reading this article.
3,Response,students,"Bologna, 23-year-old girl in alcoholic coma. Pakistani immigrant rapes her in hospital",low,emotional,1,13,expert,0,Could you clarify what exactly made you feel that way?
3,Context,students,"Bologna, 23-year-old girl in alcoholic coma. Pakistani immigrant rapes her in hospital",low,emotional,1,13,expert,1,The way the author wrote the article.
3,Response,students,"Bologna, 23-year-old girl in alcoholic coma. Pakistani immigrant rapes her in hospital",low,emotional,1,13,expert,0,Do you mean the language the author uses?
3,Context,students,"Bologna, 23-year-old girl in alcoholic coma. Pakistani immigrant rapes her in hospital",low,emotional,1,13,expert,1,Yes.
3,Response,students,"Bologna, 23-year-old girl in alcoholic coma. Pakistani immigrant rapes her in hospital",low,emotional,1,13,expert,0,Could you provide me with one or some related examples from the article?
3,Context,students,"Bologna, 23-year-old girl in alcoholic coma. Pakistani immigrant rapes her in hospital",low,emotional,1,13,expert,1,"Of course. There are sentences like “This is yet another horrific case of violence against women”, “Here they are, the resources so extolled by the champions of welcome” and “Pakistani man who had been brought to the polyclinic by a woman who had taken pity on him for seeing him sleeping in the street”."
3,Response,students,"Bologna, 23-year-old girl in alcoholic coma. Pakistani immigrant rapes her in hospital",low,emotional,1,13,expert,0,How exactly did these sentences make you feel after reading them?
3,Context,students,"Bologna, 23-year-old girl in alcoholic coma. Pakistani immigrant rapes her in hospital",low,emotional,1,13,expert,1,"They made me feel scared, vulnerable and disappointed."
3,Response,students,"Bologna, 23-year-old girl in alcoholic coma. Pakistani immigrant rapes her in hospital",low,emotional,2,14,expert,0,I see. Why do you assume you felt this way after reading this article? Do you think the author did this on purpose?
3,Context,students,"Bologna, 23-year-old girl in alcoholic coma. Pakistani immigrant rapes her in hospital",low,emotional,2,14,expert,1,I am not sure. Could you please provide me with some guidance?
3,Response,students,"Bologna, 23-year-old girl in alcoholic coma. Pakistani immigrant rapes her in hospital",low,emotional,2,14,expert,0,"Of course. An author can write an article in order to inform the readers about events or facts and/or describe people, events or facts. An author can also write an article so as to provoke feelings to the readers. Did you know that?"
3,Context,students,"Bologna, 23-year-old girl in alcoholic coma. Pakistani immigrant rapes her in hospital",low,emotional,2,14,expert,1,"No, I didn’t."
3,Response,students,"Bologna, 23-year-old girl in alcoholic coma. Pakistani immigrant rapes her in hospital",low,emotional,2,14,expert,0,"So, since you felt scared, vulnerable and disappointed after reading the article, what do you think its author aimed to do?"
3,Context,students,"Bologna, 23-year-old girl in alcoholic coma. Pakistani immigrant rapes her in hospital",low,emotional,2,14,expert,1,I think the author wanted to describe an incident and provoke feelings to the readers.
3,Response,students,"Bologna, 23-year-old girl in alcoholic coma. Pakistani immigrant rapes her in hospital",low,emotional,2,14,expert,0,That’s right. Do you believe the author included his/her personal opinion or interpretation of the incident in the article?
3,Context,students,"Bologna, 23-year-old girl in alcoholic coma. Pakistani immigrant rapes her in hospital",low,emotional,2,14,expert,1,"Yes, I think so."
3,Response,students,"Bologna, 23-year-old girl in alcoholic coma. Pakistani immigrant rapes her in hospital",low,emotional,2,14,expert,0,How does the author characterize this incident?
3,Context,students,"Bologna, 23-year-old girl in alcoholic coma. Pakistani immigrant rapes her in hospital",low,emotional,2,14,expert,1,The author characterizes this incident as “yet another horrific case of violence against women”. The author thinks that this incident is horrible.
3,Response,students,"Bologna, 23-year-old girl in alcoholic coma. Pakistani immigrant rapes her in hospital",low,emotional,2,14,expert,0,Very well. The author also mentions “yet another”. Does the author mention more cases of violence against women?
3,Context,students,"Bologna, 23-year-old girl in alcoholic coma. Pakistani immigrant rapes her in hospital",low,emotional,2,14,expert,1,"Yes, the author mentions more cases of violence against women."
3,Response,students,"Bologna, 23-year-old girl in alcoholic coma. Pakistani immigrant rapes her in hospital",low,emotional,2,14,expert,0,Are the referred acts of violence committed only by immigrants?
3,Context,students,"Bologna, 23-year-old girl in alcoholic coma. Pakistani immigrant rapes her in hospital",low,emotional,2,14,expert,1,"Yes, they are."
3,Response,students,"Bologna, 23-year-old girl in alcoholic coma. Pakistani immigrant rapes her in hospital",low,emotional,2,14,expert,0,What do you think is the author’s opinion about immigrants?
3,Context,students,"Bologna, 23-year-old girl in alcoholic coma. Pakistani immigrant rapes her in hospital",low,emotional,2,14,expert,1,I think the author tends to believe that immigrants exploit the hospitality of the Italians and are responsible for the increasing cases of violence against women.
3,Response,students,"Bologna, 23-year-old girl in alcoholic coma. Pakistani immigrant rapes her in hospital",low,emotional,2,14,expert,0,Why do you assume that?
3,Context,students,"Bologna, 23-year-old girl in alcoholic coma. Pakistani immigrant rapes her in hospital",low,emotional,2,14,expert,1,"The author mentions that local people feel sorry for the immigrants and they help them, like this woman helped the Pakistani man and led him to the hospital. But, instead of returning her kindness, he exploited the opportunity of being brought to a safe place as well as of being alone near an unconscious young woman and did not hesitate to assault her."
3,Response,students,"Bologna, 23-year-old girl in alcoholic coma. Pakistani immigrant rapes her in hospital",low,emotional,2,14,expert,0,Would you describe the language in this article as emotional or offensive towards immigrants?
3,Context,students,"Bologna, 23-year-old girl in alcoholic coma. Pakistani immigrant rapes her in hospital",low,emotional,2,14,expert,1,"Yes, I think so."
3,Response,students,"Bologna, 23-year-old girl in alcoholic coma. Pakistani immigrant rapes her in hospital",low,emotional,2,14,expert,0,Why do you suppose the author uses such language in this article?
3,Context,students,"Bologna, 23-year-old girl in alcoholic coma. Pakistani immigrant rapes her in hospital",low,emotional,2,14,expert,1,I am not sure. Perhaps you could help me more in this one.
3,Response,students,"Bologna, 23-year-old girl in alcoholic coma. Pakistani immigrant rapes her in hospital",low,emotional,2,14,expert,0,Sometimes an author may use emotional language to express his/her opinion about a topic resulting in making unbiased claims. Would you assume that the author feels negatively towards immigrants living in the country?
3,Context,students,"Bologna, 23-year-old girl in alcoholic coma. Pakistani immigrant rapes her in hospital",low,emotional,2,14,expert,1,"Yes, I suppose that the author has a negative opinion about people from foreign countries immigrating to his/her country."
3,Response,students,"Bologna, 23-year-old girl in alcoholic coma. Pakistani immigrant rapes her in hospital",low,emotional,2,14,expert,0,Would you consider the author prejudiced towards immigrants?
3,Context,students,"Bologna, 23-year-old girl in alcoholic coma. Pakistani immigrant rapes her in hospital",low,emotional,2,14,expert,1,"Yes, it seems that the author is prejudiced."
3,Response,students,"Bologna, 23-year-old girl in alcoholic coma. Pakistani immigrant rapes her in hospital",low,emotional,3,15,expert,0,Is there any specific reason you would consider the author prejudiced towards immigrants?
3,Context,students,"Bologna, 23-year-old girl in alcoholic coma. Pakistani immigrant rapes her in hospital",low,emotional,3,15,expert,1,Yes. In the way he/she writes about the cases of violence committed by immigrants.
3,Response,students,"Bologna, 23-year-old girl in alcoholic coma. Pakistani immigrant rapes her in hospital",low,emotional,3,15,expert,0,"So, you are aware that the author is prejudiced towards immigrants from the language he/she uses. Is there any specific evidence that led you to this belief?"
3,Context,students,"Bologna, 23-year-old girl in alcoholic coma. Pakistani immigrant rapes her in hospital",low,emotional,3,15,expert,1,"Yes. The author writes at the end of the article “Here they are, the resources so extolled by the champions of welcome”."
3,Response,students,"Bologna, 23-year-old girl in alcoholic coma. Pakistani immigrant rapes her in hospital",low,emotional,3,15,expert,0,Could you explain to me the reason the author wrote this sentence at the end of the article?
3,Context,students,"Bologna, 23-year-old girl in alcoholic coma. Pakistani immigrant rapes her in hospital",low,emotional,3,15,expert,1,I am not so sure. Could you help me understand it better?
3,Response,students,"Bologna, 23-year-old girl in alcoholic coma. Pakistani immigrant rapes her in hospital",low,emotional,3,15,expert,0,Of course. Could you explain what the sentence means by referring to the “champions of welcome”? Does it have to do with those in favor of accepting immigrants into the country?
3,Context,students,"Bologna, 23-year-old girl in alcoholic coma. Pakistani immigrant rapes her in hospital",low,emotional,3,15,expert,1,"Yes, maybe it means those who support welcoming and letting immigrants settle in the country."
3,Response,students,"Bologna, 23-year-old girl in alcoholic coma. Pakistani immigrant rapes her in hospital",low,emotional,3,15,expert,0,Indeed. What do you think the author means by “resources”? Does it have to do with the immigrant cases mentioned in the article?
3,Context,students,"Bologna, 23-year-old girl in alcoholic coma. Pakistani immigrant rapes her in hospital",low,emotional,3,15,expert,1,Perhaps it means the repercussions of immigrants committing crimes against women.
3,Response,students,"Bologna, 23-year-old girl in alcoholic coma. Pakistani immigrant rapes her in hospital",low,emotional,3,15,expert,0,"What do you think is the reason for starting the sentence with “Here they are” and then continuing to mention the “resources”? Does, perhaps, the structure of the sentence aim to achieve a purpose?"
3,Context,students,"Bologna, 23-year-old girl in alcoholic coma. Pakistani immigrant rapes her in hospital",low,emotional,3,15,expert,1,"Maybe, it is to emphasize on the resources."
3,Response,students,"Bologna, 23-year-old girl in alcoholic coma. Pakistani immigrant rapes her in hospital",low,emotional,3,15,expert,0,Exactly.  Would you be able to identify the emotion that this sentence provokes?
3,Context,students,"Bologna, 23-year-old girl in alcoholic coma. Pakistani immigrant rapes her in hospital",low,emotional,3,15,expert,1,I think the sentence provokes irony.
3,Response,students,"Bologna, 23-year-old girl in alcoholic coma. Pakistani immigrant rapes her in hospital",low,emotional,3,15,expert,0,Yes. The author seems ironic towards those who support welcoming immigrants. Would you be able to explain why the author is ironic?
3,Context,students,"Bologna, 23-year-old girl in alcoholic coma. Pakistani immigrant rapes her in hospital",low,emotional,3,15,expert,1,"Yes. Because the immigrants that have been welcomed into the country have exploited the hospitality of the locals, instead of contributing to the host country."
3,Response,students,"Bologna, 23-year-old girl in alcoholic coma. Pakistani immigrant rapes her in hospital",low,emotional,3,15,expert,0,"Your answer is to the point. Taking into account our discussion, would you conclude that the article is objective?"
3,Context,students,"Bologna, 23-year-old girl in alcoholic coma. Pakistani immigrant rapes her in hospital",low,emotional,3,15,expert,1,"No, it is not."
3,Response,students,"Bologna, 23-year-old girl in alcoholic coma. Pakistani immigrant rapes her in hospital",low,emotional,3,15,expert,0,Could you elaborate on the reason that led you to this belief?
3,Context,students,"Bologna, 23-year-old girl in alcoholic coma. Pakistani immigrant rapes her in hospital",low,emotional,3,15,expert,1,"Yes. The author uses emotional language to express his negative opinion and prejudice towards immigrants and supports his opinion on violent cases against women committed by immigrants. Since the author expresses his/her opinion, his/her claims are biased."
3,Response,students,"Bologna, 23-year-old girl in alcoholic coma. Pakistani immigrant rapes her in hospital",low,emotional,4,16,expert,0,"If the author were not prejudiced against immigrants, would there be another way to approach this subject?"
3,Context,students,"Bologna, 23-year-old girl in alcoholic coma. Pakistani immigrant rapes her in hospital",low,emotional,4,16,expert,1,"Yes, the author could just mention the cases of violence against women in an objective way. Perhaps the author could avoid generalizing and accusing all immigrants of committing violent crimes."
3,Response,students,"Bologna, 23-year-old girl in alcoholic coma. Pakistani immigrant rapes her in hospital",low,emotional,5,17,expert,0,"What do you think would be the implications for someone who reads this article, but does not seek to doubt and investigate it, like you did?"
3,Context,students,"Bologna, 23-year-old girl in alcoholic coma. Pakistani immigrant rapes her in hospital",low,emotional,5,17,expert,1,I suppose that this person would form a negative opinion about immigrants in general and consider them all dangerous criminals.
3,Response,students,"Bologna, 23-year-old girl in alcoholic coma. Pakistani immigrant rapes her in hospital",low,emotional,6,18,expert,0,"How are you feeling about this article, after our discussion?"
3,Context,students,"Bologna, 23-year-old girl in alcoholic coma. Pakistani immigrant rapes her in hospital",low,emotional,6,18,expert,1,I am persuaded that the author’s claims are subjective and his/her motives are hostile towards immigrants.
3,Response,students,"Bologna, 23-year-old girl in alcoholic coma. Pakistani immigrant rapes her in hospital",low,emotional,6,18,expert,0,Would you be in a better position to identify the use of emotional language in an article from now on?
3,Context,students,"Bologna, 23-year-old girl in alcoholic coma. Pakistani immigrant rapes her in hospital",low,emotional,6,18,expert,1,"Yes, I think I would."
3,Response,students,"Bologna, 23-year-old girl in alcoholic coma. Pakistani immigrant rapes her in hospital",low,emotional,6,18,expert,0,Did you find our discussion helpful?
3,Context,students,"Bologna, 23-year-old girl in alcoholic coma. Pakistani immigrant rapes her in hospital",low,emotional,6,18,expert,1,"Yes, I did."
3,Response,students,"Bologna, 23-year-old girl in alcoholic coma. Pakistani immigrant rapes her in hospital",low,emotional,6,18,expert,0,What are you planning to do with this article now?
3,Context,students,"Bologna, 23-year-old girl in alcoholic coma. Pakistani immigrant rapes her in hospital",low,emotional,6,18,expert,1,I am planning to skip it.
3,Response,students,"Bologna, 23-year-old girl in alcoholic coma. Pakistani immigrant rapes her in hospital",low,emotional,6,18,expert,0,Is there anything else you would like to discuss?
3,Context,students,"Bologna, 23-year-old girl in alcoholic coma. Pakistani immigrant rapes her in hospital",low,emotional,6,18,expert,1,"No, thank you."
3,Response,students,"Bologna, 23-year-old girl in alcoholic coma. Pakistani immigrant rapes her in hospital",low,emotional,6,18,expert,0,"Please, rate from 1-5 your experience with the Response. You can write any comments you believe will help me improve it. Thank you for using the  application. Have a good day!"
4,Context,students,"Bologna, 23-year-old girl in alcoholic coma. Pakistani immigrant rapes her in hospital",medium,implicit_assumption,1,19,expert,1,"Hello, I came across the article “Bologna, 23-year-old girl in alcoholic coma. Pakistani immigrant rapes her in hospital” and I would like to discuss it further."
4,Response,students,"Bologna, 23-year-old girl in alcoholic coma. Pakistani immigrant rapes her in hospital",medium,implicit_assumption,1,19,expert,0,Of course. I am here to discuss anything you want. Could you please inform me about the main topic of the article?
4,Context,students,"Bologna, 23-year-old girl in alcoholic coma. Pakistani immigrant rapes her in hospital",medium,implicit_assumption,1,19,expert,1,Yes. A 50-year-old pakistani immigrant tried to rape a 23-year-old Italian girl in an ethyl comma in the Sant'Orsola Hospital in Bologna.
4,Response,students,"Bologna, 23-year-old girl in alcoholic coma. Pakistani immigrant rapes her in hospital",medium,implicit_assumption,1,19,expert,0,Are you familiar with this topic?
4,Context,students,"Bologna, 23-year-old girl in alcoholic coma. Pakistani immigrant rapes her in hospital",medium,implicit_assumption,1,19,expert,1,"Yes, I am familiar."
4,Response,students,"Bologna, 23-year-old girl in alcoholic coma. Pakistani immigrant rapes her in hospital",medium,implicit_assumption,1,19,expert,0,Could you explain to me the key point of the article?
4,Context,students,"Bologna, 23-year-old girl in alcoholic coma. Pakistani immigrant rapes her in hospital",medium,implicit_assumption,1,19,expert,1,"Yes, the article argues that immigrants commit violent crimes against women in the Emilia capital."
4,Response,students,"Bologna, 23-year-old girl in alcoholic coma. Pakistani immigrant rapes her in hospital",medium,implicit_assumption,1,19,expert,0,What is it that concerns you about this article?
4,Context,students,"Bologna, 23-year-old girl in alcoholic coma. Pakistani immigrant rapes her in hospital",medium,implicit_assumption,1,19,expert,1,I am concerned about the way some arguments are presented.
4,Response,students,"Bologna, 23-year-old girl in alcoholic coma. Pakistani immigrant rapes her in hospital",medium,implicit_assumption,1,19,expert,0,Could you clarify the content of those arguments?
4,Context,students,"Bologna, 23-year-old girl in alcoholic coma. Pakistani immigrant rapes her in hospital",medium,implicit_assumption,1,19,expert,1,The arguments present violent cases of women committed by immigrants.
4,Response,students,"Bologna, 23-year-old girl in alcoholic coma. Pakistani immigrant rapes her in hospital",medium,implicit_assumption,1,19,expert,0,Have you come across such arguments before?
4,Context,students,"Bologna, 23-year-old girl in alcoholic coma. Pakistani immigrant rapes her in hospital",medium,implicit_assumption,1,19,expert,1,"Yes, I have come across such arguments before."
4,Response,students,"Bologna, 23-year-old girl in alcoholic coma. Pakistani immigrant rapes her in hospital",medium,implicit_assumption,1,19,expert,0,Could you also clarify the number of those arguments and the part of the text they appear?
4,Context,students,"Bologna, 23-year-old girl in alcoholic coma. Pakistani immigrant rapes her in hospital",medium,implicit_assumption,1,19,expert,1,The arguments are two and are stated in the last paragraph of the article.
4,Response,students,"Bologna, 23-year-old girl in alcoholic coma. Pakistani immigrant rapes her in hospital",medium,implicit_assumption,2,20,expert,0,Would you assume that these arguments are presented in favor or against the topic?
4,Context,students,"Bologna, 23-year-old girl in alcoholic coma. Pakistani immigrant rapes her in hospital",medium,implicit_assumption,2,20,expert,1,I assume that they are presented against the topic.
4,Response,students,"Bologna, 23-year-old girl in alcoholic coma. Pakistani immigrant rapes her in hospital",medium,implicit_assumption,2,20,expert,0,What is the topic of the arguments?
4,Context,students,"Bologna, 23-year-old girl in alcoholic coma. Pakistani immigrant rapes her in hospital",medium,implicit_assumption,2,20,expert,1,They speak out against immigrants.
4,Response,students,"Bologna, 23-year-old girl in alcoholic coma. Pakistani immigrant rapes her in hospital",medium,implicit_assumption,2,20,expert,0,Could you please elaborate on the claims against immigrants presented in the article?
4,Context,students,"Bologna, 23-year-old girl in alcoholic coma. Pakistani immigrant rapes her in hospital",medium,implicit_assumption,2,20,expert,1,"According to the article, it is claimed that immigrants are violent and harass women."
4,Response,students,"Bologna, 23-year-old girl in alcoholic coma. Pakistani immigrant rapes her in hospital",medium,implicit_assumption,2,20,expert,0,Why do you think the arguments are presented against immigrants?
4,Context,students,"Bologna, 23-year-old girl in alcoholic coma. Pakistani immigrant rapes her in hospital",medium,implicit_assumption,2,20,expert,1,"Perhaps, they are meant to alert the readers about the fact that immigrants are violent and dangerous."
4,Response,students,"Bologna, 23-year-old girl in alcoholic coma. Pakistani immigrant rapes her in hospital",medium,implicit_assumption,2,20,expert,0,I think your thoughts on this are insightful. Have you been influenced by something or someone?
4,Context,students,"Bologna, 23-year-old girl in alcoholic coma. Pakistani immigrant rapes her in hospital",medium,implicit_assumption,2,20,expert,1,"Yes, I have read about several methods of argumentation."
4,Response,students,"Bologna, 23-year-old girl in alcoholic coma. Pakistani immigrant rapes her in hospital",medium,implicit_assumption,2,20,expert,0,Do you consider this article to be credible?
4,Context,students,"Bologna, 23-year-old girl in alcoholic coma. Pakistani immigrant rapes her in hospital",medium,implicit_assumption,2,20,expert,1,I suppose not.
4,Response,students,"Bologna, 23-year-old girl in alcoholic coma. Pakistani immigrant rapes her in hospital",medium,implicit_assumption,3,21,expert,0,Is there any specific reason to question the credibility of this article?
4,Context,students,"Bologna, 23-year-old girl in alcoholic coma. Pakistani immigrant rapes her in hospital",medium,implicit_assumption,3,21,expert,1,Yes.
4,Response,students,"Bologna, 23-year-old girl in alcoholic coma. Pakistani immigrant rapes her in hospital",medium,implicit_assumption,3,21,expert,0,What is the reason that led you to this belief? Could it be perhaps the attitude of the article towards immigrants?
4,Context,students,"Bologna, 23-year-old girl in alcoholic coma. Pakistani immigrant rapes her in hospital",medium,implicit_assumption,3,21,expert,1,"Yes, the article seems to have a negative attitude towards immigrants."
4,Response,students,"Bologna, 23-year-old girl in alcoholic coma. Pakistani immigrant rapes her in hospital",medium,implicit_assumption,3,21,expert,0,Would you consider the author prejudiced towards immigrants?
4,Context,students,"Bologna, 23-year-old girl in alcoholic coma. Pakistani immigrant rapes her in hospital",medium,implicit_assumption,3,21,expert,1,"Yes, I would."
4,Response,students,"Bologna, 23-year-old girl in alcoholic coma. Pakistani immigrant rapes her in hospital",medium,implicit_assumption,3,21,expert,0,Is there any evidence to support your view?
4,Context,students,"Bologna, 23-year-old girl in alcoholic coma. Pakistani immigrant rapes her in hospital",medium,implicit_assumption,3,21,expert,1,"Yes. The author mentions two additional cases of immigrants harassing women, a Pakistani and a Bengali man, apart from the main violent case committed in the hospital. I think that the author focuses on violent cases committed only by immigrants and not by local people because he is prejudiced against them."
4,Response,students,"Bologna, 23-year-old girl in alcoholic coma. Pakistani immigrant rapes her in hospital",medium,implicit_assumption,3,21,expert,0,Could you think of any reason that the author could only focus on violent cases against women committed by immigrants and not local people? Would anything have to do with the author’s opinion about immigrants in general?
4,Context,students,"Bologna, 23-year-old girl in alcoholic coma. Pakistani immigrant rapes her in hospital",medium,implicit_assumption,3,21,expert,1,"Maybe, the author wanted to persuade the reader that all immigrants commit crimes."
4,Response,students,"Bologna, 23-year-old girl in alcoholic coma. Pakistani immigrant rapes her in hospital",medium,implicit_assumption,3,21,expert,0,"Precisely. In fact, based on some violent reported cases committed by immigrants, the author makes implicit assumptions about them in order to persuade readers that all immigrants commit crimes. It is actually a type of logical fallacy to manipulate the opinion of the readers. Perhaps, you would be interested to know more about it."
4,Context,students,"Bologna, 23-year-old girl in alcoholic coma. Pakistani immigrant rapes her in hospital",medium,implicit_assumption,3,21,expert,1,"No, thank you. | Yes, I would be interested."
4,Response,students,"Bologna, 23-year-old girl in alcoholic coma. Pakistani immigrant rapes her in hospital",medium,implicit_assumption,3,21,expert,0,Do you think that the article is objective?
4,Context,students,"Bologna, 23-year-old girl in alcoholic coma. Pakistani immigrant rapes her in hospital",medium,implicit_assumption,3,21,expert,1,"No, I don’t."
4,Response,students,"Bologna, 23-year-old girl in alcoholic coma. Pakistani immigrant rapes her in hospital",medium,implicit_assumption,3,21,expert,0,Why would you think that?
4,Context,students,"Bologna, 23-year-old girl in alcoholic coma. Pakistani immigrant rapes her in hospital",medium,implicit_assumption,3,21,expert,1,Because the author has expressed his/her personal stance against immigrants to negatively influence the readers.
4,Response,students,"Bologna, 23-year-old girl in alcoholic coma. Pakistani immigrant rapes her in hospital",medium,implicit_assumption,3,21,expert,0,"So, you consider this article racial profiling, isn’t that right?"
4,Context,students,"Bologna, 23-year-old girl in alcoholic coma. Pakistani immigrant rapes her in hospital",medium,implicit_assumption,3,21,expert,1,"Yes, I consider the article a racial profiling piece."
4,Response,students,"Bologna, 23-year-old girl in alcoholic coma. Pakistani immigrant rapes her in hospital",medium,implicit_assumption,3,21,expert,0,"Taking into consideration the allegations against immigrants, have you come to the conclusion concerning the credibility of the article?"
4,Context,students,"Bologna, 23-year-old girl in alcoholic coma. Pakistani immigrant rapes her in hospital",medium,implicit_assumption,3,21,expert,1,"Yes, I tend to believe that the article is not a trustworthy source of information."
4,Response,students,"Bologna, 23-year-old girl in alcoholic coma. Pakistani immigrant rapes her in hospital",medium,implicit_assumption,4,22,expert,0,"Were the article to use a different way to express its content, would it be considered credible?"
4,Context,students,"Bologna, 23-year-old girl in alcoholic coma. Pakistani immigrant rapes her in hospital",medium,implicit_assumption,4,22,expert,1,"Well, it depends on the style of writing."
4,Response,students,"Bologna, 23-year-old girl in alcoholic coma. Pakistani immigrant rapes her in hospital",medium,implicit_assumption,4,22,expert,0,What would be an alternative way to write the article and be considered credible?
4,Context,students,"Bologna, 23-year-old girl in alcoholic coma. Pakistani immigrant rapes her in hospital",medium,implicit_assumption,4,22,expert,1,"It would be considered credible, if the author could focus on the cases of violence against women in an objective way. Perhaps the author could avoid generalizing and accusing all immigrants of committing violent crimes."
4,Response,students,"Bologna, 23-year-old girl in alcoholic coma. Pakistani immigrant rapes her in hospital",medium,implicit_assumption,5,23,expert,0,"What do you suppose would be the implications for someone who reads this article, but does not seek to doubt and investigate it, like you did?"
4,Context,students,"Bologna, 23-year-old girl in alcoholic coma. Pakistani immigrant rapes her in hospital",medium,implicit_assumption,5,23,expert,1,I suppose that this person would form a negative opinion about immigrants in general and consider them all dangerous criminals.
4,Response,students,"Bologna, 23-year-old girl in alcoholic coma. Pakistani immigrant rapes her in hospital",medium,implicit_assumption,6,24,expert,0,"How are you feeling about this article, after our discussion?"
4,Context,students,"Bologna, 23-year-old girl in alcoholic coma. Pakistani immigrant rapes her in hospital",medium,implicit_assumption,6,24,expert,1,I am persuaded that the author’s claims are subjective and his/her motives are hostile towards immigrants.
4,Response,students,"Bologna, 23-year-old girl in alcoholic coma. Pakistani immigrant rapes her in hospital",medium,implicit_assumption,6,24,expert,0,Would you be in a better position to identify the implicit assumptions about a topic in an article from now on?
4,Context,students,"Bologna, 23-year-old girl in alcoholic coma. Pakistani immigrant rapes her in hospital",medium,implicit_assumption,6,24,expert,1,"Yes, I think I would."
4,Response,students,"Bologna, 23-year-old girl in alcoholic coma. Pakistani immigrant rapes her in hospital",medium,implicit_assumption,6,24,expert,0,Did you find our discussion helpful?
4,Context,students,"Bologna, 23-year-old girl in alcoholic coma. Pakistani immigrant rapes her in hospital",medium,implicit_assumption,6,24,expert,1,"Yes, I did."
4,Response,students,"Bologna, 23-year-old girl in alcoholic coma. Pakistani immigrant rapes her in hospital",medium,implicit_assumption,6,24,expert,0,What are you planning to do with this article now?
4,Context,students,"Bologna, 23-year-old girl in alcoholic coma. Pakistani immigrant rapes her in hospital",medium,implicit_assumption,6,24,expert,1,I am planning to skip it and maybe report the source.
4,Response,students,"Bologna, 23-year-old girl in alcoholic coma. Pakistani immigrant rapes her in hospital",medium,implicit_assumption,6,24,expert,0,Is there anything else you would like to discuss?
4,Context,students,"Bologna, 23-year-old girl in alcoholic coma. Pakistani immigrant rapes her in hospital",medium,implicit_assumption,6,24,expert,1,"No, thank you."
4,Response,students,"Bologna, 23-year-old girl in alcoholic coma. Pakistani immigrant rapes her in hospital",medium,implicit_assumption,6,24,expert,0,"Please, rate from 1-5 your experience with the Response. You can write any comments you believe will help me improve it. Thank you for using the  application. Have a good day!"
5,Context,students,The Cholesterol Conspiracy: Are We Being Deceived by Big Pharma and the Food Industry?,intermediate,cancelling_hypothesis,1,25,expert,1,"I read the article The Cholesterol Conspiracy: Are We Being Deceived by Big Pharma and the Food Industry?"" and would like to discuss it."
5,Response,students,The Cholesterol Conspiracy: Are We Being Deceived by Big Pharma and the Food Industry?,intermediate,cancelling_hypothesis,1,25,expert,0,This is fine. What would you like to discuss about this article?
5,Context,students,The Cholesterol Conspiracy: Are We Being Deceived by Big Pharma and the Food Industry?,intermediate,cancelling_hypothesis,1,25,expert,1,I need to check the credibility of the article.
5,Response,students,The Cholesterol Conspiracy: Are We Being Deceived by Big Pharma and the Food Industry?,intermediate,cancelling_hypothesis,1,25,expert,0,What prompted you to read this article?
5,Context,students,The Cholesterol Conspiracy: Are We Being Deceived by Big Pharma and the Food Industry?,intermediate,cancelling_hypothesis,1,25,expert,1,My worry is whether there is a cholesterol cover up. I want to make informed health choices.
5,Response,students,The Cholesterol Conspiracy: Are We Being Deceived by Big Pharma and the Food Industry?,intermediate,cancelling_hypothesis,1,25,expert,0,"I understand your concern. On the other hand, you seem to distrust this article, too. Is this correct?"
5,Context,students,The Cholesterol Conspiracy: Are We Being Deceived by Big Pharma and the Food Industry?,intermediate,cancelling_hypothesis,1,25,expert,1,"Exactly, I am confused."
5,Response,students,The Cholesterol Conspiracy: Are We Being Deceived by Big Pharma and the Food Industry?,intermediate,cancelling_hypothesis,1,25,expert,0,"No problem. Could you please tell me, what does the article claim?"
5,Context,students,The Cholesterol Conspiracy: Are We Being Deceived by Big Pharma and the Food Industry?,intermediate,cancelling_hypothesis,1,25,expert,1,It says the big pharma and food industries hide from us that low cholesterol is harmful. They do this in order to push their anti-cholesterol products.
5,Response,students,The Cholesterol Conspiracy: Are We Being Deceived by Big Pharma and the Food Industry?,intermediate,cancelling_hypothesis,1,25,expert,0,What does the article advise instead?
5,Context,students,The Cholesterol Conspiracy: Are We Being Deceived by Big Pharma and the Food Industry?,intermediate,cancelling_hypothesis,1,25,expert,1,It claims that we should not keep our cholesterol low but enjoy all foods in moderation.
5,Response,students,The Cholesterol Conspiracy: Are We Being Deceived by Big Pharma and the Food Industry?,intermediate,cancelling_hypothesis,2,26,expert,0,Ok. Let us first examine the article’s assumptions. Can you spot any claim that strikes you as taken for granted?
5,Context,students,The Cholesterol Conspiracy: Are We Being Deceived by Big Pharma and the Food Industry?,intermediate,cancelling_hypothesis,2,26,expert,1,It says the advice we receive from a young age about cholesterol comes from the big pharma and food industries.
5,Response,students,The Cholesterol Conspiracy: Are We Being Deceived by Big Pharma and the Food Industry?,intermediate,cancelling_hypothesis,2,26,expert,0,Do you think we should take that for granted or not?
5,Context,students,The Cholesterol Conspiracy: Are We Being Deceived by Big Pharma and the Food Industry?,intermediate,cancelling_hypothesis,2,26,expert,1,"I have read that funding for medical research comes from the big companies. Thus, clinical trials are biased or even fabricated to serve their interests."
5,Response,students,The Cholesterol Conspiracy: Are We Being Deceived by Big Pharma and the Food Industry?,intermediate,cancelling_hypothesis,2,26,expert,0,"This is possible. But let me bring to your attention that a fair number of trials is funded by other, independent sources, e.g. government funding. Does that challenge the assumption above?"
5,Context,students,The Cholesterol Conspiracy: Are We Being Deceived by Big Pharma and the Food Industry?,intermediate,cancelling_hypothesis,2,26,expert,1,"Partly yes. On the other hand, companies can corrupt these results as well."
5,Response,students,The Cholesterol Conspiracy: Are We Being Deceived by Big Pharma and the Food Industry?,intermediate,cancelling_hypothesis,2,26,expert,0,"This might be possible. But do you think that, as a general rule, companies manage to hide the truth in order to sell harmful or useless products?"
5,Context,students,The Cholesterol Conspiracy: Are We Being Deceived by Big Pharma and the Food Industry?,intermediate,cancelling_hypothesis,2,26,expert,1,"No, but I still feel that, as a general rule, we should not trust what the companies or governments claim."
5,Response,students,The Cholesterol Conspiracy: Are We Being Deceived by Big Pharma and the Food Industry?,intermediate,cancelling_hypothesis,2,26,expert,0,Could you please explain this assumption?
5,Context,students,The Cholesterol Conspiracy: Are We Being Deceived by Big Pharma and the Food Industry?,intermediate,cancelling_hypothesis,2,26,expert,1,It seems to me the profit motive corrupts the truth.
5,Response,students,The Cholesterol Conspiracy: Are We Being Deceived by Big Pharma and the Food Industry?,intermediate,cancelling_hypothesis,2,26,expert,0,Are you saying that a claim is worthy/credible only if it is made by someone with altruistic motives or with motives we trust?
5,Context,students,The Cholesterol Conspiracy: Are We Being Deceived by Big Pharma and the Food Industry?,intermediate,cancelling_hypothesis,2,26,expert,1,Isn’t it so?
5,Response,students,The Cholesterol Conspiracy: Are We Being Deceived by Big Pharma and the Food Industry?,intermediate,cancelling_hypothesis,2,26,expert,0,Let us think this through. How could you challenge this assumption?
5,Context,students,The Cholesterol Conspiracy: Are We Being Deceived by Big Pharma and the Food Industry?,intermediate,cancelling_hypothesis,2,26,expert,1,I’m not sure.
5,Response,students,The Cholesterol Conspiracy: Are We Being Deceived by Big Pharma and the Food Industry?,intermediate,cancelling_hypothesis,2,26,expert,0,"Can a person or group with ulterior motives make a worthy argument or a correct claim? For example, can companies have legitimate opinions about things?"
5,Context,students,The Cholesterol Conspiracy: Are We Being Deceived by Big Pharma and the Food Industry?,intermediate,cancelling_hypothesis,2,26,expert,1,I guess they can.
5,Response,students,The Cholesterol Conspiracy: Are We Being Deceived by Big Pharma and the Food Industry?,intermediate,cancelling_hypothesis,2,26,expert,0,"In contrast, could a person or group with altruistic motives make bad arguments and errors?"
5,Context,students,The Cholesterol Conspiracy: Are We Being Deceived by Big Pharma and the Food Industry?,intermediate,cancelling_hypothesis,2,26,expert,1,It seems so.
5,Response,students,The Cholesterol Conspiracy: Are We Being Deceived by Big Pharma and the Food Industry?,intermediate,cancelling_hypothesis,2,26,expert,0,"So, we should not assume that an argument should be ignored just because we mistrust/distrust the arguer."
5,Context,students,The Cholesterol Conspiracy: Are We Being Deceived by Big Pharma and the Food Industry?,intermediate,cancelling_hypothesis,2,26,expert,1,"Fair enough. But even if massive cover ups are not the rule, how could I know there is no cholesterol cover up in particular?"
5,Response,students,The Cholesterol Conspiracy: Are We Being Deceived by Big Pharma and the Food Industry?,intermediate,cancelling_hypothesis,2,26,expert,0,"As a general rule, I suggest that you judge the merit of a claim on the basis of evidence and good argument. Would you like to proceed?"
5,Context,students,The Cholesterol Conspiracy: Are We Being Deceived by Big Pharma and the Food Industry?,intermediate,cancelling_hypothesis,2,26,expert,1,Yes.
5,Response,students,The Cholesterol Conspiracy: Are We Being Deceived by Big Pharma and the Food Industry?,intermediate,cancelling_hypothesis,3,27,expert,0,Very well. Does the article offer evidence that low cholesterol is harmful?
5,Context,students,The Cholesterol Conspiracy: Are We Being Deceived by Big Pharma and the Food Industry?,intermediate,cancelling_hypothesis,3,27,expert,1,"It says there is evidence that low cholesterol lowers vitamin D, leading to depression, and hinders normal cell/brain function."
5,Response,students,The Cholesterol Conspiracy: Are We Being Deceived by Big Pharma and the Food Industry?,intermediate,cancelling_hypothesis,3,27,expert,0,Does it cite any sources for that claim?
5,Context,students,The Cholesterol Conspiracy: Are We Being Deceived by Big Pharma and the Food Industry?,intermediate,cancelling_hypothesis,3,27,expert,1,"No, there is no source to cross-check this claim in the article."
5,Response,students,The Cholesterol Conspiracy: Are We Being Deceived by Big Pharma and the Food Industry?,intermediate,cancelling_hypothesis,3,27,expert,0,"So, could we count it as evidence that low cholesterol is harmful?"
5,Context,students,The Cholesterol Conspiracy: Are We Being Deceived by Big Pharma and the Food Industry?,intermediate,cancelling_hypothesis,3,27,expert,1,"No, we cannot."
5,Response,students,The Cholesterol Conspiracy: Are We Being Deceived by Big Pharma and the Food Industry?,intermediate,cancelling_hypothesis,3,27,expert,0,Good! Does the article offer any argument or reasoning which supports this claim?
5,Context,students,The Cholesterol Conspiracy: Are We Being Deceived by Big Pharma and the Food Industry?,intermediate,cancelling_hypothesis,3,27,expert,1,The writer says that the corporations “conveniently leave out the disastrous consequences of low cholesterol”.
5,Response,students,The Cholesterol Conspiracy: Are We Being Deceived by Big Pharma and the Food Industry?,intermediate,cancelling_hypothesis,3,27,expert,0,Does this mean that the companies hide the truth?
5,Context,students,The Cholesterol Conspiracy: Are We Being Deceived by Big Pharma and the Food Industry?,intermediate,cancelling_hypothesis,3,27,expert,1,Yes.
5,Response,students,The Cholesterol Conspiracy: Are We Being Deceived by Big Pharma and the Food Industry?,intermediate,cancelling_hypothesis,3,27,expert,0,Could you infer that low cholesterol is harmful from the claim that companies hide that truth?
5,Context,students,The Cholesterol Conspiracy: Are We Being Deceived by Big Pharma and the Food Industry?,intermediate,cancelling_hypothesis,3,27,expert,1,"No, but I cannot automatically accept that low cholesterol is harmless either."
5,Response,students,The Cholesterol Conspiracy: Are We Being Deceived by Big Pharma and the Food Industry?,intermediate,cancelling_hypothesis,3,27,expert,0,Can you explain why?
5,Context,students,The Cholesterol Conspiracy: Are We Being Deceived by Big Pharma and the Food Industry?,intermediate,cancelling_hypothesis,3,27,expert,1,Because the companies can hide the truth.
5,Response,students,The Cholesterol Conspiracy: Are We Being Deceived by Big Pharma and the Food Industry?,intermediate,cancelling_hypothesis,3,27,expert,0,Can or does the article offer proof there is a cholesterol cover up?
5,Context,students,The Cholesterol Conspiracy: Are We Being Deceived by Big Pharma and the Food Industry?,intermediate,cancelling_hypothesis,3,27,expert,1,"It does not, and I’m not sure it can."
5,Response,students,The Cholesterol Conspiracy: Are We Being Deceived by Big Pharma and the Food Industry?,intermediate,cancelling_hypothesis,3,27,expert,0,"So, we are trapped in a circle. The article says that a conspiracy (a cover up) is the reason why we cannot prove that low cholesterol is harmful. At the same time, it says that a cholesterol conspiracy is proof of the conspiracy to keep our cholesterol low. Do you see the circularity here?"
5,Context,students,The Cholesterol Conspiracy: Are We Being Deceived by Big Pharma and the Food Industry?,intermediate,cancelling_hypothesis,3,27,expert,1,"Oh, ok."
5,Response,students,The Cholesterol Conspiracy: Are We Being Deceived by Big Pharma and the Food Industry?,intermediate,cancelling_hypothesis,3,27,expert,0,The circularity results from the ‘canceling hypothesis fallacy’ or ‘conspiracy theory fallacy’. This is the error of taking the absence of evidence for a claim as proof for this claim. Is this fallacy clear to you?
5,Context,students,The Cholesterol Conspiracy: Are We Being Deceived by Big Pharma and the Food Industry?,intermediate,cancelling_hypothesis,3,27,expert,1,I think so. Please provide an example.
5,Response,students,The Cholesterol Conspiracy: Are We Being Deceived by Big Pharma and the Food Industry?,intermediate,cancelling_hypothesis,3,27,expert,0,"When you ask conspiracy theorists to prove their claim, they say that the evidence is being hidden from the public by powerful, malicious groups. So, for example, they might say, “At the head of every kind of government there is a secret society. Of course, I cannot prove this because the same societies make sure that the truth stays hidden.” Is it clearer now?"
5,Context,students,The Cholesterol Conspiracy: Are We Being Deceived by Big Pharma and the Food Industry?,intermediate,cancelling_hypothesis,3,27,expert,1,"Ok, yes."
5,Response,students,The Cholesterol Conspiracy: Are We Being Deceived by Big Pharma and the Food Industry?,intermediate,cancelling_hypothesis,3,27,expert,0,"Does this remind you of our discussion that motives or interests, as such, prove/disprove nothing?"
5,Context,students,The Cholesterol Conspiracy: Are We Being Deceived by Big Pharma and the Food Industry?,intermediate,cancelling_hypothesis,3,27,expert,1,Yes.
5,Response,students,The Cholesterol Conspiracy: Are We Being Deceived by Big Pharma and the Food Industry?,intermediate,cancelling_hypothesis,3,27,expert,0,Conspiracy theories are based on the so called ‘Ad Hominem’ attacks. It is the fallacy of saying that an argument should be ignored (or is invalid/bad) because the arguer has some unwelcome characteristic or motive. Is this fallacy clear to you?
5,Context,students,The Cholesterol Conspiracy: Are We Being Deceived by Big Pharma and the Food Industry?,intermediate,cancelling_hypothesis,3,27,expert,1,Could you explain further how this fallacy works?
5,Response,students,The Cholesterol Conspiracy: Are We Being Deceived by Big Pharma and the Food Industry?,intermediate,cancelling_hypothesis,3,27,expert,0,Ad hominem attacks have rhetorical power. They distract your attention from an arguer’s point by attacking the character or motives of the arguer instead of discussing the point. Did you feel side-tracked by the writer’s attack on the companies?
5,Context,students,The Cholesterol Conspiracy: Are We Being Deceived by Big Pharma and the Food Industry?,intermediate,cancelling_hypothesis,3,27,expert,1,"Yes, I felt this."
5,Response,students,The Cholesterol Conspiracy: Are We Being Deceived by Big Pharma and the Food Industry?,intermediate,cancelling_hypothesis,4,28,expert,0,"Fine! So, let us take stock now. Does this article establish that we should not keep our cholesterol low on the basis of argument or evidence?"
5,Context,students,The Cholesterol Conspiracy: Are We Being Deceived by Big Pharma and the Food Industry?,intermediate,cancelling_hypothesis,4,28,expert,1,No.
5,Response,students,The Cholesterol Conspiracy: Are We Being Deceived by Big Pharma and the Food Industry?,intermediate,cancelling_hypothesis,4,28,expert,0,Could the claim of the article be true though?
5,Context,students,The Cholesterol Conspiracy: Are We Being Deceived by Big Pharma and the Food Industry?,intermediate,cancelling_hypothesis,4,28,expert,1,I guess it could be true.
5,Response,students,The Cholesterol Conspiracy: Are We Being Deceived by Big Pharma and the Food Industry?,intermediate,cancelling_hypothesis,4,28,expert,0,"This is correct. Future research might show that low cholesterol is harmful, too. Or that high cholesterol in itself is not as problematic, as is now believed. How could the writer have made a more convincing case?"
5,Context,students,The Cholesterol Conspiracy: Are We Being Deceived by Big Pharma and the Food Industry?,intermediate,cancelling_hypothesis,4,28,expert,1,They should have discussed both sides of the topic based on verified sources.
5,Response,students,The Cholesterol Conspiracy: Are We Being Deceived by Big Pharma and the Food Industry?,intermediate,cancelling_hypothesis,4,28,expert,0,Exactly! Conspiracy theories are circular and not falsifiable by evidence. How would you explain the writer’s attitude?
5,Context,students,The Cholesterol Conspiracy: Are We Being Deceived by Big Pharma and the Food Industry?,intermediate,cancelling_hypothesis,4,28,expert,1,I think the article is biased. Or maybe it is a click-bait article.
5,Response,students,The Cholesterol Conspiracy: Are We Being Deceived by Big Pharma and the Food Industry?,intermediate,cancelling_hypothesis,5,29,expert,0,"Yes, this is a possibility. How would the article affect the readers?"
5,Context,students,The Cholesterol Conspiracy: Are We Being Deceived by Big Pharma and the Food Industry?,intermediate,cancelling_hypothesis,5,29,expert,1,"It may provoke distrust to the medical community and companies. Also, its unverified information may confuse readers."
5,Response,students,The Cholesterol Conspiracy: Are We Being Deceived by Big Pharma and the Food Industry?,intermediate,cancelling_hypothesis,5,29,expert,0,Would that article affect the health choices of readers?
5,Context,students,The Cholesterol Conspiracy: Are We Being Deceived by Big Pharma and the Food Industry?,intermediate,cancelling_hypothesis,5,29,expert,1,"Yes, they might make the wrong choices."
5,Response,students,The Cholesterol Conspiracy: Are We Being Deceived by Big Pharma and the Food Industry?,intermediate,cancelling_hypothesis,6,30,expert,0,"This is true. Unfortunately, we tend to be impressed by conspiracy theories due to bias of the human mind, such as the confirmation bias or the proportionality bias. Do you think there is still a reason to challenge the received view about cholesterol?"
5,Context,students,The Cholesterol Conspiracy: Are We Being Deceived by Big Pharma and the Food Industry?,intermediate,cancelling_hypothesis,6,30,expert,1,There might be some issue with this view.
5,Response,students,The Cholesterol Conspiracy: Are We Being Deceived by Big Pharma and the Food Industry?,intermediate,cancelling_hypothesis,6,30,expert,0,What would that be?
5,Context,students,The Cholesterol Conspiracy: Are We Being Deceived by Big Pharma and the Food Industry?,intermediate,cancelling_hypothesis,6,30,expert,1,"I would like to read articles which show whether the pharma and food companies exaggerate the dangers of high cholesterol foods. I would also like to check the side-effects of anti-cholesterol drugs, the statins."
5,Response,students,The Cholesterol Conspiracy: Are We Being Deceived by Big Pharma and the Food Industry?,intermediate,cancelling_hypothesis,6,30,expert,0,"This is fine. You can ask for my help anytime in the future. As a general rule, you could consult articles citing the results of systematic reviews regarding this or other topics (READ MORE on systematic reviews as credible sources/microlessons maybe . These are more credible than other sources because they summarize and compare the results from all available evidence-based medical research. Also, the results reviewed come from both companies-funded research and independently-funded research)."
5,Context,students,The Cholesterol Conspiracy: Are We Being Deceived by Big Pharma and the Food Industry?,intermediate,cancelling_hypothesis,6,30,expert,1,Ok.
5,Response,students,The Cholesterol Conspiracy: Are We Being Deceived by Big Pharma and the Food Industry?,intermediate,cancelling_hypothesis,6,30,expert,0,"Please, keep in mind that science is not fallible. There is no absolute certainty in science. In principle, any claim can be refuted or revised in the future. Did you find our discussion helpful?"
5,Context,students,The Cholesterol Conspiracy: Are We Being Deceived by Big Pharma and the Food Industry?,intermediate,cancelling_hypothesis,6,30,expert,1,Yes.
5,Response,students,The Cholesterol Conspiracy: Are We Being Deceived by Big Pharma and the Food Industry?,intermediate,cancelling_hypothesis,6,30,expert,0,Is there anything else you would like to discuss?
5,Context,students,The Cholesterol Conspiracy: Are We Being Deceived by Big Pharma and the Food Industry?,intermediate,cancelling_hypothesis,6,30,expert,1,"No, thank you (If yes, how can I help?)"
5,Response,students,The Cholesterol Conspiracy: Are We Being Deceived by Big Pharma and the Food Industry?,intermediate,cancelling_hypothesis,6,30,expert,0,Thank you for your discussion. Have a great day!
6,Context,students,The Cholesterol Conspiracy: Are We Being Deceived by Big Pharma and the Food Industry?,low,cancelling_hypothesis,1,31,expert,1,"I read the article The Cholesterol Conspiracy: Are We Being Deceived by Big Pharma and the Food Industry?"" and would like to discuss it."
6,Response,students,The Cholesterol Conspiracy: Are We Being Deceived by Big Pharma and the Food Industry?,low,cancelling_hypothesis,1,31,expert,0,This is fine. What would you like to discuss about this article?
6,Context,students,The Cholesterol Conspiracy: Are We Being Deceived by Big Pharma and the Food Industry?,low,cancelling_hypothesis,1,31,expert,1,I am worried whether I can trust this article.
6,Response,students,The Cholesterol Conspiracy: Are We Being Deceived by Big Pharma and the Food Industry?,low,cancelling_hypothesis,1,31,expert,0,What prompted you to read this article?
6,Context,students,The Cholesterol Conspiracy: Are We Being Deceived by Big Pharma and the Food Industry?,low,cancelling_hypothesis,1,31,expert,1,The title of the article. The big pharma and food industries might trick us into making harmful health choices.
6,Response,students,The Cholesterol Conspiracy: Are We Being Deceived by Big Pharma and the Food Industry?,low,cancelling_hypothesis,1,31,expert,0,"I understand your concern. On the other hand, you seem to distrust this article, too. Is this correct?"
6,Context,students,The Cholesterol Conspiracy: Are We Being Deceived by Big Pharma and the Food Industry?,low,cancelling_hypothesis,1,31,expert,1,Yes.
6,Response,students,The Cholesterol Conspiracy: Are We Being Deceived by Big Pharma and the Food Industry?,low,cancelling_hypothesis,1,31,expert,0,"Could you please tell me, what does the article claim?"
6,Context,students,The Cholesterol Conspiracy: Are We Being Deceived by Big Pharma and the Food Industry?,low,cancelling_hypothesis,1,31,expert,1,It says there is a cholesterol conspiracy by the big pharma and food industries  to push their products.
6,Response,students,The Cholesterol Conspiracy: Are We Being Deceived by Big Pharma and the Food Industry?,low,cancelling_hypothesis,1,31,expert,0,Could you please clarify further the conspiracy?
6,Context,students,The Cholesterol Conspiracy: Are We Being Deceived by Big Pharma and the Food Industry?,low,cancelling_hypothesis,1,31,expert,1,The companies hide from us that low cholesterol harms our health actually.
6,Response,students,The Cholesterol Conspiracy: Are We Being Deceived by Big Pharma and the Food Industry?,low,cancelling_hypothesis,1,31,expert,0,What does the article advise instead?
6,Context,students,The Cholesterol Conspiracy: Are We Being Deceived by Big Pharma and the Food Industry?,low,cancelling_hypothesis,1,31,expert,1,"It claims that we should not keep our cholesterol low with certain drugs and nutritional products, but enjoy all foods in moderation."
6,Response,students,The Cholesterol Conspiracy: Are We Being Deceived by Big Pharma and the Food Industry?,low,cancelling_hypothesis,2,32,expert,0,Good. Let us examine the article together by first examining the article’s assumptions.
6,Context,students,The Cholesterol Conspiracy: Are We Being Deceived by Big Pharma and the Food Industry?,low,cancelling_hypothesis,2,32,expert,1,What do you mean by ‘assumptions’?
6,Response,students,The Cholesterol Conspiracy: Are We Being Deceived by Big Pharma and the Food Industry?,low,cancelling_hypothesis,2,32,expert,0,I mean any claims the writer accepts as true without question or proof. We should examine such claims if we want to evaluate the article’s logic/credibility. Can you spot any claim that strikes you as taken for granted?
6,Context,students,The Cholesterol Conspiracy: Are We Being Deceived by Big Pharma and the Food Industry?,low,cancelling_hypothesis,2,32,expert,1,I don't know. I think it says that the food and drug corporations have created the received view about cholesterol.
6,Response,students,The Cholesterol Conspiracy: Are We Being Deceived by Big Pharma and the Food Industry?,low,cancelling_hypothesis,2,32,expert,0,Does the article justify that point anyhow?
6,Context,students,The Cholesterol Conspiracy: Are We Being Deceived by Big Pharma and the Food Industry?,low,cancelling_hypothesis,2,32,expert,1,"No, it only says that the advice we receive from a young age about cholesterol comes from the big pharma and food industries."
6,Response,students,The Cholesterol Conspiracy: Are We Being Deceived by Big Pharma and the Food Industry?,low,cancelling_hypothesis,2,32,expert,0,Very well! Do you think we should take that for granted or not?
6,Context,students,The Cholesterol Conspiracy: Are We Being Deceived by Big Pharma and the Food Industry?,low,cancelling_hypothesis,2,32,expert,1,Maybe. Funding for medical research comes from the big companies to serve their interests. You can’t trust them.
6,Response,students,The Cholesterol Conspiracy: Are We Being Deceived by Big Pharma and the Food Industry?,low,cancelling_hypothesis,2,32,expert,0,Very well. Are you saying that all medical knowledge is made up by the big corporations to push their products?
6,Context,students,The Cholesterol Conspiracy: Are We Being Deceived by Big Pharma and the Food Industry?,low,cancelling_hypothesis,2,32,expert,1,"Yes, it seems so."
6,Response,students,The Cholesterol Conspiracy: Are We Being Deceived by Big Pharma and the Food Industry?,low,cancelling_hypothesis,2,32,expert,0,"Let me bring to your attention that a fair amount of clinical trials is funded by other, independent sources, e.g. government funding. Does that challenge the assumption above?"
6,Context,students,The Cholesterol Conspiracy: Are We Being Deceived by Big Pharma and the Food Industry?,low,cancelling_hypothesis,2,32,expert,1,"Ok, but companies can corrupt these results as well."
6,Response,students,The Cholesterol Conspiracy: Are We Being Deceived by Big Pharma and the Food Industry?,low,cancelling_hypothesis,2,32,expert,0,"This is possible. Let us examine this second assumption. Could you think of effective drugs or treatments that pay for the companies, too?"
6,Context,students,The Cholesterol Conspiracy: Are We Being Deceived by Big Pharma and the Food Industry?,low,cancelling_hypothesis,2,32,expert,1,"Painkillers, I guess."
6,Response,students,The Cholesterol Conspiracy: Are We Being Deceived by Big Pharma and the Food Industry?,low,cancelling_hypothesis,2,32,expert,0,"Certainly. So, in general, corporations need to tell the truth and sell effective drugs in order to make revenue. Do you agree?"
6,Context,students,The Cholesterol Conspiracy: Are We Being Deceived by Big Pharma and the Food Industry?,low,cancelling_hypothesis,2,32,expert,1,Yes.
6,Response,students,The Cholesterol Conspiracy: Are We Being Deceived by Big Pharma and the Food Industry?,low,cancelling_hypothesis,2,32,expert,0,"On the other hand, could you think of effective drugs or treatments that pay for the companies but are not prescribed by doctors?"
6,Context,students,The Cholesterol Conspiracy: Are We Being Deceived by Big Pharma and the Food Industry?,low,cancelling_hypothesis,2,32,expert,1,I have heard that antibiotics have no effect on the flu.
6,Response,students,The Cholesterol Conspiracy: Are We Being Deceived by Big Pharma and the Food Industry?,low,cancelling_hypothesis,2,32,expert,0,"That is correct. Certain established treatments do not allow the companies to sell their products. So, companies cannot always hide the truth. Do you think these two examples challenge the second assumption?"
6,Context,students,The Cholesterol Conspiracy: Are We Being Deceived by Big Pharma and the Food Industry?,low,cancelling_hypothesis,2,32,expert,1,I think they partly do.
6,Response,students,The Cholesterol Conspiracy: Are We Being Deceived by Big Pharma and the Food Industry?,low,cancelling_hypothesis,2,32,expert,0,Very well! Could you spot other assumptions in your thinking or in the article?
6,Context,students,The Cholesterol Conspiracy: Are We Being Deceived by Big Pharma and the Food Industry?,low,cancelling_hypothesis,2,32,expert,1,"I still feel that, in general, we should not trust what the companies or governments claim."
6,Response,students,The Cholesterol Conspiracy: Are We Being Deceived by Big Pharma and the Food Industry?,low,cancelling_hypothesis,2,32,expert,0,Could you please explain this assumption?
6,Context,students,The Cholesterol Conspiracy: Are We Being Deceived by Big Pharma and the Food Industry?,low,cancelling_hypothesis,2,32,expert,1,The profit motive corrupts the truth.
6,Response,students,The Cholesterol Conspiracy: Are We Being Deceived by Big Pharma and the Food Industry?,low,cancelling_hypothesis,2,32,expert,0,Are you saying that a claim is credible only if it is made by someone with altruistic motives or with motives we trust?
6,Context,students,The Cholesterol Conspiracy: Are We Being Deceived by Big Pharma and the Food Industry?,low,cancelling_hypothesis,2,32,expert,1,Isn’t it so?
6,Response,students,The Cholesterol Conspiracy: Are We Being Deceived by Big Pharma and the Food Industry?,low,cancelling_hypothesis,2,32,expert,0,Let us think this through. How could you challenge this assumption?
6,Context,students,The Cholesterol Conspiracy: Are We Being Deceived by Big Pharma and the Food Industry?,low,cancelling_hypothesis,2,32,expert,1,I’m not sure I can.
6,Response,students,The Cholesterol Conspiracy: Are We Being Deceived by Big Pharma and the Food Industry?,low,cancelling_hypothesis,2,32,expert,0,Could an ill-motivated person make a worthy argument or correct claim? Or could a person with altruistic motives make a wrong claim?
6,Context,students,The Cholesterol Conspiracy: Are We Being Deceived by Big Pharma and the Food Industry?,low,cancelling_hypothesis,2,32,expert,1,It seems so.
6,Response,students,The Cholesterol Conspiracy: Are We Being Deceived by Big Pharma and the Food Industry?,low,cancelling_hypothesis,2,32,expert,0,"Hence, we should not assume that an argument has to be wrong just because we mistrust/distrust the arguer. Rather, we should judge the merit of a claim on the basis of evidence or argument. Do you agree?"
6,Context,students,The Cholesterol Conspiracy: Are We Being Deceived by Big Pharma and the Food Industry?,low,cancelling_hypothesis,2,32,expert,1,"Yes, I guess."
6,Response,students,The Cholesterol Conspiracy: Are We Being Deceived by Big Pharma and the Food Industry?,low,cancelling_hypothesis,3,33,expert,0,"So, does the article offer any evidence against the received view about cholesterol?"
6,Context,students,The Cholesterol Conspiracy: Are We Being Deceived by Big Pharma and the Food Industry?,low,cancelling_hypothesis,3,33,expert,1,"Yes, it says that low cholesterol lowers vitamin D, leading to depression, and hinders normal cell/brain function."
6,Response,students,The Cholesterol Conspiracy: Are We Being Deceived by Big Pharma and the Food Industry?,low,cancelling_hypothesis,3,33,expert,0,Is this evidence verified?
6,Context,students,The Cholesterol Conspiracy: Are We Being Deceived by Big Pharma and the Food Industry?,low,cancelling_hypothesis,3,33,expert,1,"No, there is no source to cross-check this claim in the article."
6,Response,students,The Cholesterol Conspiracy: Are We Being Deceived by Big Pharma and the Food Industry?,low,cancelling_hypothesis,3,33,expert,0,"So, could we count it as evidence that low cholesterol is harmful?"
6,Context,students,The Cholesterol Conspiracy: Are We Being Deceived by Big Pharma and the Food Industry?,low,cancelling_hypothesis,3,33,expert,1,"No, we cannot."
6,Response,students,The Cholesterol Conspiracy: Are We Being Deceived by Big Pharma and the Food Industry?,low,cancelling_hypothesis,3,33,expert,0,Does the writer offer any argument or reasoning which supports this claim?
6,Context,students,The Cholesterol Conspiracy: Are We Being Deceived by Big Pharma and the Food Industry?,low,cancelling_hypothesis,3,33,expert,1,The writer says that the corporations “conveniently leave out the disastrous consequences of low cholesterol”.
6,Response,students,The Cholesterol Conspiracy: Are We Being Deceived by Big Pharma and the Food Industry?,low,cancelling_hypothesis,3,33,expert,0,Do you mean that the companies hide the truth?
6,Context,students,The Cholesterol Conspiracy: Are We Being Deceived by Big Pharma and the Food Industry?,low,cancelling_hypothesis,3,33,expert,1,Yes.
6,Response,students,The Cholesterol Conspiracy: Are We Being Deceived by Big Pharma and the Food Industry?,low,cancelling_hypothesis,3,33,expert,0,Can you draw the article’s main claim from this conspiracy theory?
6,Context,students,The Cholesterol Conspiracy: Are We Being Deceived by Big Pharma and the Food Industry?,low,cancelling_hypothesis,3,33,expert,1,What do you mean?
6,Response,students,The Cholesterol Conspiracy: Are We Being Deceived by Big Pharma and the Food Industry?,low,cancelling_hypothesis,3,33,expert,0,Could you infer that low cholesterol is harmful from the idea that conspirators hide that truth?
6,Context,students,The Cholesterol Conspiracy: Are We Being Deceived by Big Pharma and the Food Industry?,low,cancelling_hypothesis,3,33,expert,1,"No, but I cannot accept the received view either."
6,Response,students,The Cholesterol Conspiracy: Are We Being Deceived by Big Pharma and the Food Industry?,low,cancelling_hypothesis,3,33,expert,0,Can you explain why?
6,Context,students,The Cholesterol Conspiracy: Are We Being Deceived by Big Pharma and the Food Industry?,low,cancelling_hypothesis,3,33,expert,1,Because the companies can hide the truth.
6,Response,students,The Cholesterol Conspiracy: Are We Being Deceived by Big Pharma and the Food Industry?,low,cancelling_hypothesis,3,33,expert,0,Can or does the article prove there is a cholesterol cover up?
6,Context,students,The Cholesterol Conspiracy: Are We Being Deceived by Big Pharma and the Food Industry?,low,cancelling_hypothesis,3,33,expert,1,"It does not, and I’m not sure it can."
6,Response,students,The Cholesterol Conspiracy: Are We Being Deceived by Big Pharma and the Food Industry?,low,cancelling_hypothesis,3,33,expert,0,"So, we are trapped in a circle. The article says that a conspiracy (a cover up) is the reason why we cannot prove that low cholesterol is harmful. At the same time, it says that the cholesterol conspiracy is proof of the conspiracy to keep our cholesterol low."
6,Context,students,The Cholesterol Conspiracy: Are We Being Deceived by Big Pharma and the Food Industry?,low,cancelling_hypothesis,3,33,expert,1,"Oh, ok."
6,Response,students,The Cholesterol Conspiracy: Are We Being Deceived by Big Pharma and the Food Industry?,low,cancelling_hypothesis,3,33,expert,0,"This is an error in reasoning, or fallacy as we call it. In particular, the circularity results from the ‘canceling hypothesis fallacy’ or ‘conspiracy theory fallacy’. Is this fallacy clear to you?"
6,Context,students,The Cholesterol Conspiracy: Are We Being Deceived by Big Pharma and the Food Industry?,low,cancelling_hypothesis,3,33,expert,1,Could you explain how this fallacy works?
6,Response,students,The Cholesterol Conspiracy: Are We Being Deceived by Big Pharma and the Food Industry?,low,cancelling_hypothesis,3,33,expert,0,"Of course. This is the error of taking the absence of evidence for a claim as proof for this claim. When you ask conspiracy theorists to prove their claim they say that the evidence is being hidden from the public by powerful, malicious groups."
6,Context,students,The Cholesterol Conspiracy: Are We Being Deceived by Big Pharma and the Food Industry?,low,cancelling_hypothesis,3,33,expert,1,Please provide an example.
6,Response,students,The Cholesterol Conspiracy: Are We Being Deceived by Big Pharma and the Food Industry?,low,cancelling_hypothesis,3,33,expert,0,"Of course, here is an example: “At the head of every kind of government there is a secret society. Of course, I cannot prove this because the same societies make sure that the truth stays hidden.” Do you see the problem now?"
6,Context,students,The Cholesterol Conspiracy: Are We Being Deceived by Big Pharma and the Food Industry?,low,cancelling_hypothesis,3,33,expert,1,Yes.
6,Response,students,The Cholesterol Conspiracy: Are We Being Deceived by Big Pharma and the Food Industry?,low,cancelling_hypothesis,3,33,expert,0,"Conspiracy theories trap you in a circle. They prove/disprove nothing. Yet, they sound credible because they usually attack the character/motives/interests of a powerful agent/opponent we mistrust/distrust or dislike. In the end, they don’t assess the merit of the opponent’s claim itself. Does this remind you of our discussion that motives or interests, as such, prove/disprove nothing?"
6,Context,students,The Cholesterol Conspiracy: Are We Being Deceived by Big Pharma and the Food Industry?,low,cancelling_hypothesis,3,33,expert,1,"Oh, yes."
6,Response,students,The Cholesterol Conspiracy: Are We Being Deceived by Big Pharma and the Food Industry?,low,cancelling_hypothesis,3,33,expert,0,"Conspiracy theories are based on this fallacious reasoning, too. This fallacy is called ‘Ad Hominem’. It is the fallacy of saying that an argument is wrong because the arguer has some unwelcome characteristic or motive. Is this fallacy clear to you?"
6,Context,students,The Cholesterol Conspiracy: Are We Being Deceived by Big Pharma and the Food Industry?,low,cancelling_hypothesis,3,33,expert,1,Could you explain further how this fallacy works in this article?
6,Response,students,The Cholesterol Conspiracy: Are We Being Deceived by Big Pharma and the Food Industry?,low,cancelling_hypothesis,3,33,expert,0,"Attacking a suspicious group’s motive or character instead of their argument/claim, distracts attention from their argument. These attacks have rhetorical power. They discredit the opponent and make the conspiracy theory sound more credible. Did you feel side-tracked by the writer’s attack on the companies?"
6,Context,students,The Cholesterol Conspiracy: Are We Being Deceived by Big Pharma and the Food Industry?,low,cancelling_hypothesis,3,33,expert,1,"Yes, I felt this."
6,Response,students,The Cholesterol Conspiracy: Are We Being Deceived by Big Pharma and the Food Industry?,low,cancelling_hypothesis,4,34,expert,0,"Fine! So, let us take stock now. Does this article establish its main claim, i.e. that we should not keep our cholesterol low?"
6,Context,students,The Cholesterol Conspiracy: Are We Being Deceived by Big Pharma and the Food Industry?,low,cancelling_hypothesis,4,34,expert,1,"No, it doesn’t."
6,Response,students,The Cholesterol Conspiracy: Are We Being Deceived by Big Pharma and the Food Industry?,low,cancelling_hypothesis,4,34,expert,0,"Could you explain why not, now?"
6,Context,students,The Cholesterol Conspiracy: Are We Being Deceived by Big Pharma and the Food Industry?,low,cancelling_hypothesis,4,34,expert,1,It uses rhetorical attacks and bad reasoning?
6,Response,students,The Cholesterol Conspiracy: Are We Being Deceived by Big Pharma and the Food Industry?,low,cancelling_hypothesis,4,34,expert,0,Exactly! Could the claim of the article be true though?
6,Context,students,The Cholesterol Conspiracy: Are We Being Deceived by Big Pharma and the Food Industry?,low,cancelling_hypothesis,4,34,expert,1,I guess it could be true.
6,Response,students,The Cholesterol Conspiracy: Are We Being Deceived by Big Pharma and the Food Industry?,low,cancelling_hypothesis,4,34,expert,0,"This is correct. Future research might show that low cholesterol is harmful, too. Or that high cholesterol in itself is not as problematic, as is now believed. However, the article does not rest on science that revises our current knowledge about cholesterol. How could the writer have made a more convincing case for this claim?"
6,Context,students,The Cholesterol Conspiracy: Are We Being Deceived by Big Pharma and the Food Industry?,low,cancelling_hypothesis,4,34,expert,1,"I felt the writer was hostile, rhetorical, and didn’t discuss both sides based on verified sources."
6,Response,students,The Cholesterol Conspiracy: Are We Being Deceived by Big Pharma and the Food Industry?,low,cancelling_hypothesis,4,34,expert,0,Exactly! We need to discuss all sides based on evidence from verified sources and good argumentation. Conspiracy theories are circular and not falsifiable by evidence. How would you explain the writer’s attitude?
6,Context,students,The Cholesterol Conspiracy: Are We Being Deceived by Big Pharma and the Food Industry?,low,cancelling_hypothesis,4,34,expert,1,I think he/she was biased and impressed by conspiracies. Or maybe it is a click-bait article.
6,Response,students,The Cholesterol Conspiracy: Are We Being Deceived by Big Pharma and the Food Industry?,low,cancelling_hypothesis,5,35,expert,0,"Yes, this is a possibility. How would the article affect the readers?"
6,Context,students,The Cholesterol Conspiracy: Are We Being Deceived by Big Pharma and the Food Industry?,low,cancelling_hypothesis,5,35,expert,1,"It may provoke distrust to the medical community and companies. Also, its unverified information may confuse readers."
6,Response,students,The Cholesterol Conspiracy: Are We Being Deceived by Big Pharma and the Food Industry?,low,cancelling_hypothesis,5,35,expert,0,Would that article affect the health choices of readers?
6,Context,students,The Cholesterol Conspiracy: Are We Being Deceived by Big Pharma and the Food Industry?,low,cancelling_hypothesis,5,35,expert,1,"Yes, they might make the wrong choices."
6,Response,students,The Cholesterol Conspiracy: Are We Being Deceived by Big Pharma and the Food Industry?,low,cancelling_hypothesis,6,36,expert,0,This is true. Do you think there is still a reason to challenge the received view about cholesterol?
6,Context,students,The Cholesterol Conspiracy: Are We Being Deceived by Big Pharma and the Food Industry?,low,cancelling_hypothesis,6,36,expert,1,There might be some issue with this view.
6,Response,students,The Cholesterol Conspiracy: Are We Being Deceived by Big Pharma and the Food Industry?,low,cancelling_hypothesis,6,36,expert,0,What would that be?
6,Context,students,The Cholesterol Conspiracy: Are We Being Deceived by Big Pharma and the Food Industry?,low,cancelling_hypothesis,6,36,expert,1,I would like to check the side-effects of statins and low-cholesterol diets.
6,Response,students,The Cholesterol Conspiracy: Are We Being Deceived by Big Pharma and the Food Industry?,low,cancelling_hypothesis,6,36,expert,0,"This is fine. You can ask for my help anytime in the future. As a general rule, you should consult articles citing the results of evidence-based medical research coming from both companies-funded research and independently-funded research."
6,Context,students,The Cholesterol Conspiracy: Are We Being Deceived by Big Pharma and the Food Industry?,low,cancelling_hypothesis,6,36,expert,1,Ok.
6,Response,students,The Cholesterol Conspiracy: Are We Being Deceived by Big Pharma and the Food Industry?,low,cancelling_hypothesis,6,36,expert,0,Did you find our discussion helpful?
6,Context,students,The Cholesterol Conspiracy: Are We Being Deceived by Big Pharma and the Food Industry?,low,cancelling_hypothesis,6,36,expert,1,Yes.
6,Response,students,The Cholesterol Conspiracy: Are We Being Deceived by Big Pharma and the Food Industry?,low,cancelling_hypothesis,6,36,expert,0,Is there anything else you would like to discuss?
6,Context,students,The Cholesterol Conspiracy: Are We Being Deceived by Big Pharma and the Food Industry?,low,cancelling_hypothesis,6,36,expert,1,"No, thank you (If yes, how can I help?)"
6,Response,students,The Cholesterol Conspiracy: Are We Being Deceived by Big Pharma and the Food Industry?,low,cancelling_hypothesis,6,36,expert,0,Thank you for your discussion. Have a great day!
7,Context,migration,"Rapes, brawls, ""cultural"" crimes: the criminal immigration that scares Italy",low,cherry_picking,1,37,expert,1,"I read the article "" Rapes, brawls, ""cultural"" crimes: the criminal immigration that scares Italy"" and would like to discuss it."
7,Response,migration,"Rapes, brawls, ""cultural"" crimes: the criminal immigration that scares Italy",low,cherry_picking,1,37,expert,0,Of course. What would you like to discuss about this article?
7,Context,migration,"Rapes, brawls, ""cultural"" crimes: the criminal immigration that scares Italy",low,cherry_picking,1,37,expert,1,I want to check the facts cited in the article about migrants and crime in Italy.
7,Response,migration,"Rapes, brawls, ""cultural"" crimes: the criminal immigration that scares Italy",low,cherry_picking,1,37,expert,0,What prompted you to read this article? 
7,Context,migration,"Rapes, brawls, ""cultural"" crimes: the criminal immigration that scares Italy",low,cherry_picking,1,37,expert,1,I plan to relocate/work/study in Rome/ Milan/Italy next year. The article reports on rapes and assaults in Italian streets. I am wondering if living in big city/Italy is secure enough. 
7,Response,migration,"Rapes, brawls, ""cultural"" crimes: the criminal immigration that scares Italy",low,cherry_picking,1,37,expert,0,I understand your concern. What does the article claim? 
7,Context,migration,"Rapes, brawls, ""cultural"" crimes: the criminal immigration that scares Italy",low,cherry_picking,1,37,expert,1,"It says that migrants, especially irregular migrants, are criminals and have caused a rise in crime in Italy."
7,Response,migration,"Rapes, brawls, ""cultural"" crimes: the criminal immigration that scares Italy",low,cherry_picking,1,37,expert,0,What does the article advise? 
7,Context,migration,"Rapes, brawls, ""cultural"" crimes: the criminal immigration that scares Italy",low,cherry_picking,1,37,expert,1,I’m not sure it advises anything. It says we should be afraid of migrants. Maybe that we should deport them. 
7,Response,migration,"Rapes, brawls, ""cultural"" crimes: the criminal immigration that scares Italy",low,cherry_picking,1,37,expert,0,I see. Would you like to check the assumptions and facts of the article?
7,Context,migration,"Rapes, brawls, ""cultural"" crimes: the criminal immigration that scares Italy",low,cherry_picking,1,37,expert,1,"Exactly, I want to know how serious the threat is."
7,Response,migration,"Rapes, brawls, ""cultural"" crimes: the criminal immigration that scares Italy",low,cherry_picking,2,38,expert,0,Fine. Let us examine the article together by first examining the article’s assumptions.
7,Context,migration,"Rapes, brawls, ""cultural"" crimes: the criminal immigration that scares Italy",low,cherry_picking,2,38,expert,1,What do you mean by ‘assumptions’?   
7,Response,migration,"Rapes, brawls, ""cultural"" crimes: the criminal immigration that scares Italy",low,cherry_picking,2,38,expert,0,I mean any claims the writer accepts as true without question or proof. We should examine such claims if we want to evaluate the article’s logic/credibility. Can you spot any claim that strikes you as taken for granted? 
7,Context,migration,"Rapes, brawls, ""cultural"" crimes: the criminal immigration that scares Italy",low,cherry_picking,2,38,expert,1,I’m not sure. Can you help me? 
7,Response,migration,"Rapes, brawls, ""cultural"" crimes: the criminal immigration that scares Italy",low,cherry_picking,2,38,expert,0,Of course. Let me bring an example. Does the article take it for granted that migrants are criminals?
7,Context,migration,"Rapes, brawls, ""cultural"" crimes: the criminal immigration that scares Italy",low,cherry_picking,2,38,expert,1,"It says that immigration is not synonymous with crime, and vice versa. On the other hand, it says that almost all migrants have a criminal record."
7,Response,migration,"Rapes, brawls, ""cultural"" crimes: the criminal immigration that scares Italy",low,cherry_picking,2,38,expert,0,Does the article justify that claim? Does it establish that migrants have a criminal record? 
7,Context,migration,"Rapes, brawls, ""cultural"" crimes: the criminal immigration that scares Italy",low,cherry_picking,2,38,expert,1,I am not sure it does. It says that they are not asylum seekers who flee from war. They are criminals with outstanding accounts with justice and flee from prosecution.
7,Response,migration,"Rapes, brawls, ""cultural"" crimes: the criminal immigration that scares Italy",low,cherry_picking,2,38,expert,0,"I suggest that unless the article brings evidence/proof that migrants have a criminal record, we should not accept that they are all criminals. Do you agree?"
7,Context,migration,"Rapes, brawls, ""cultural"" crimes: the criminal immigration that scares Italy",low,cherry_picking,2,38,expert,1,"Yes. However, the article says that migrants are the cause of rising crime rates in Italy."
7,Response,migration,"Rapes, brawls, ""cultural"" crimes: the criminal immigration that scares Italy",low,cherry_picking,2,38,expert,0,What does this imply for you?
7,Context,migration,"Rapes, brawls, ""cultural"" crimes: the criminal immigration that scares Italy",low,cherry_picking,2,38,expert,1,I think that migrants are more likely to commit a crime than an Italian citizen. They seem dangerous to me. 
7,Response,migration,"Rapes, brawls, ""cultural"" crimes: the criminal immigration that scares Italy",low,cherry_picking,3,39,expert,0,Does the article defend that claim? Does it use evidence or argument for that claim? 
7,Context,migration,"Rapes, brawls, ""cultural"" crimes: the criminal immigration that scares Italy",low,cherry_picking,3,39,expert,1,"Yes, it says that migrants comprise 30% of the Italian prison population. In large cities, such as Milan, they might comprise 60-70% of the prison population."
7,Response,migration,"Rapes, brawls, ""cultural"" crimes: the criminal immigration that scares Italy",low,cherry_picking,3,39,expert,0,Is this evidence verified?
7,Context,migration,"Rapes, brawls, ""cultural"" crimes: the criminal immigration that scares Italy",low,cherry_picking,3,39,expert,1,"Yes, the article uses the Italian Ministry of Justice as a source. The figures about Milan’s prisons come from an alderman of Milan’s Municipality, named Riccardo De Corato. Also, according to a NGO named ‘Antigone’, 70% of convicted migrants are irregular migrants."
7,Response,migration,"Rapes, brawls, ""cultural"" crimes: the criminal immigration that scares Italy",low,cherry_picking,3,39,expert,0,"This is fine. I suggest that data/figures should be cross-checked with the official government websites for their credibility, especially the data from the Milan alderman. His figures seem to deviate significantly from the Ministry’s figures. But supposing the data is correct, does the data from the prison populations establish that migrants are criminals or a main cause of crime in Italy?"
7,Context,migration,"Rapes, brawls, ""cultural"" crimes: the criminal immigration that scares Italy",low,cherry_picking,3,39,expert,1,De Corato says that almost all migrants have a criminal record. 
7,Response,migration,"Rapes, brawls, ""cultural"" crimes: the criminal immigration that scares Italy",low,cherry_picking,3,39,expert,0,There is no data that irregular migrants are criminals with a record. Is that correct?
7,Context,migration,"Rapes, brawls, ""cultural"" crimes: the criminal immigration that scares Italy",low,cherry_picking,3,39,expert,1,"Yes. But at least one out of two convicted criminals are migrants. And 70% of the convicted migrants are irregulars. So, migrants, especially Irregulars, are more likely to commit a crime than an Italian."
7,Response,migration,"Rapes, brawls, ""cultural"" crimes: the criminal immigration that scares Italy",low,cherry_picking,3,39,expert,0,"I understand your thinking. You think that the data about migrant prison population reflects that there is a close relationship between criminality and immigration, right?"
7,Context,migration,"Rapes, brawls, ""cultural"" crimes: the criminal immigration that scares Italy",low,cherry_picking,3,39,expert,1,Yes.
7,Response,migration,"Rapes, brawls, ""cultural"" crimes: the criminal immigration that scares Italy",low,cherry_picking,4,40,expert,0,Fine. Can you think of alternative ways to explain the data from prison populations?
7,Context,migration,"Rapes, brawls, ""cultural"" crimes: the criminal immigration that scares Italy",low,cherry_picking,4,40,expert,1,"No, it seems straightforward to me. They show that migrants commit most of the crimes."
7,Response,migration,"Rapes, brawls, ""cultural"" crimes: the criminal immigration that scares Italy",low,cherry_picking,4,40,expert,0,I understand. But does the prison population lead to that conclusion?  
7,Context,migration,"Rapes, brawls, ""cultural"" crimes: the criminal immigration that scares Italy",low,cherry_picking,4,40,expert,1,What do you mean? 
7,Response,migration,"Rapes, brawls, ""cultural"" crimes: the criminal immigration that scares Italy",low,cherry_picking,4,40,expert,0,"Isn’t it possible that a number of convicted migrants might be sentenced for violations of immigration law, not for crimes?"
7,Context,migration,"Rapes, brawls, ""cultural"" crimes: the criminal immigration that scares Italy",low,cherry_picking,4,40,expert,1,"Yes, possibly."
7,Response,migration,"Rapes, brawls, ""cultural"" crimes: the criminal immigration that scares Italy",low,cherry_picking,4,40,expert,0,Isn’t it possible that there are different sentencing and bail decisions for migrants and non-migrants?
7,Context,migration,"Rapes, brawls, ""cultural"" crimes: the criminal immigration that scares Italy",low,cherry_picking,4,40,expert,1,How would that be possible?
7,Response,migration,"Rapes, brawls, ""cultural"" crimes: the criminal immigration that scares Italy",low,cherry_picking,4,40,expert,0,"Foreigners' ease of flight, lack of address, lack of regular employment, etc., makes it more likely to be detained. Also, different sentencing decisions might be based on racial profiling and discriminatory practices against foreigners by the Italian law enforcement, judiciary and penal system. Should we take these alternative explanations into account?"
7,Context,migration,"Rapes, brawls, ""cultural"" crimes: the criminal immigration that scares Italy",low,cherry_picking,4,40,expert,1,"Yes. However, the article reports that rapes and assaults by migrants are widespread."
7,Response,migration,"Rapes, brawls, ""cultural"" crimes: the criminal immigration that scares Italy",low,cherry_picking,4,40,expert,0,"One needs to check the data about the involvement of migrants in specific types of crime, like assault or rape. Does the article’s data from the prison population specify their involvement in rapes and assaults?"
7,Context,migration,"Rapes, brawls, ""cultural"" crimes: the criminal immigration that scares Italy",low,cherry_picking,4,40,expert,1,No. 
7,Response,migration,"Rapes, brawls, ""cultural"" crimes: the criminal immigration that scares Italy",low,cherry_picking,4,40,expert,0,"Could we infer that migrants who commit theft, for example, used to be thieves before their entry in Italy?"
7,Context,migration,"Rapes, brawls, ""cultural"" crimes: the criminal immigration that scares Italy",low,cherry_picking,4,40,expert,1,Not necessarily. 
7,Response,migration,"Rapes, brawls, ""cultural"" crimes: the criminal immigration that scares Italy",low,cherry_picking,4,40,expert,0,Good. Theft could be explained by migrants’ exclusion from the labor market. Is the data about prison population sufficient to help readers form an informed judgment about immigration and crime in Italy? 
7,Context,migration,"Rapes, brawls, ""cultural"" crimes: the criminal immigration that scares Italy",low,cherry_picking,4,40,expert,1,"No, the writer seems biased. The evidence is insufficient and interpreted in a biased way."
7,Response,migration,"Rapes, brawls, ""cultural"" crimes: the criminal immigration that scares Italy",low,cherry_picking,4,40,expert,0,"Very well! The article uses statistics in a selective way. It commits the fallacy of Incomplete Evidence, or ‘cherry-picking’. It uses the evidence that supports its conclusion while suppressing any evidence against it. Also, it fails to discuss alternative interpretations of the data it cites. Hence, readers might jump to the wrong conclusion and hastily form the generalization that most migrants are criminals and more likely to commit a crime than the average Italian person."
7,Context,migration,"Rapes, brawls, ""cultural"" crimes: the criminal immigration that scares Italy",low,cherry_picking,4,40,expert,1,"Ok, I see. Could you give an example."
7,Response,migration,"Rapes, brawls, ""cultural"" crimes: the criminal immigration that scares Italy",low,cherry_picking,4,40,expert,0,"Of course. If a writer focuses on the number of plane crashes and omits the data about safe flights, too, he/she might lead readers to think that traveling by plane is unsafe. The writer cherry-picks the evidence that supports her/his point."
7,Context,migration,"Rapes, brawls, ""cultural"" crimes: the criminal immigration that scares Italy",low,cherry_picking,4,40,expert,1,Ok.
7,Response,migration,"Rapes, brawls, ""cultural"" crimes: the criminal immigration that scares Italy",low,cherry_picking,4,40,expert,0,Could the claim of the article be true though? 
7,Context,migration,"Rapes, brawls, ""cultural"" crimes: the criminal immigration that scares Italy",low,cherry_picking,4,40,expert,1,I guess it could be true. 
7,Response,migration,"Rapes, brawls, ""cultural"" crimes: the criminal immigration that scares Italy",low,cherry_picking,4,40,expert,0,"This is correct. Further research might show that immigrants largely contribute to high crime rates. However, the article does not establish that claim."
7,Context,migration,"Rapes, brawls, ""cultural"" crimes: the criminal immigration that scares Italy",low,cherry_picking,4,40,expert,1,Ok.
7,Response,migration,"Rapes, brawls, ""cultural"" crimes: the criminal immigration that scares Italy",low,cherry_picking,5,41,expert,0,How would this article affect the readers?
7,Context,migration,"Rapes, brawls, ""cultural"" crimes: the criminal immigration that scares Italy",low,cherry_picking,5,41,expert,1,"It may provoke distrust, anger, hate, even violence against migrants."
7,Response,migration,"Rapes, brawls, ""cultural"" crimes: the criminal immigration that scares Italy",low,cherry_picking,5,41,expert,0,Would that article affect the choices of Italian voters? 
7,Context,migration,"Rapes, brawls, ""cultural"" crimes: the criminal immigration that scares Italy",low,cherry_picking,5,41,expert,1,"Yes, they might vote for anti-immigration parties and policies."
7,Response,migration,"Rapes, brawls, ""cultural"" crimes: the criminal immigration that scares Italy",low,cherry_picking,6,42,expert,0,This is true. Do you think there is still a reason to accept the claim of the article? 
7,Context,migration,"Rapes, brawls, ""cultural"" crimes: the criminal immigration that scares Italy",low,cherry_picking,6,42,expert,1,"No, as it stands. But there might be some issues with migrants."
7,Response,migration,"Rapes, brawls, ""cultural"" crimes: the criminal immigration that scares Italy",low,cherry_picking,6,42,expert,0,What would that be?
7,Context,migration,"Rapes, brawls, ""cultural"" crimes: the criminal immigration that scares Italy",low,cherry_picking,6,42,expert,1,I would like to check more evidence about migrants’ contribution to crime in Italy. 
7,Response,migration,"Rapes, brawls, ""cultural"" crimes: the criminal immigration that scares Italy",low,cherry_picking,6,42,expert,0,"This is fine. You can ask for my help anytime in the future. As a general rule, you should consult articles citing data from verifiable sources, such as government organizations and NGO’s."
7,Context,migration,"Rapes, brawls, ""cultural"" crimes: the criminal immigration that scares Italy",low,cherry_picking,6,42,expert,1,Ok.
7,Response,migration,"Rapes, brawls, ""cultural"" crimes: the criminal immigration that scares Italy",low,cherry_picking,6,42,expert,0,Did you find our discussion helpful? 
7,Context,migration,"Rapes, brawls, ""cultural"" crimes: the criminal immigration that scares Italy",low,cherry_picking,6,42,expert,1,Yes.
7,Response,migration,"Rapes, brawls, ""cultural"" crimes: the criminal immigration that scares Italy",low,cherry_picking,6,42,expert,0,Is there anything else you would like to discuss?
7,Context,migration,"Rapes, brawls, ""cultural"" crimes: the criminal immigration that scares Italy",low,cherry_picking,6,42,expert,1,"No, thank you. (If yes, how can I help?)"
7,Response,migration,"Rapes, brawls, ""cultural"" crimes: the criminal immigration that scares Italy",low,cherry_picking,6,42,expert,0,Thank you for your discussion. Have a great day! 
8,Context,migration,"Rapes, brawls, ""cultural"" crimes: the criminal immigration that scares Italy",intermediate,cherry_picking,1,43,expert,1,"I read the article "" Rapes, brawls, ""cultural"" crimes: the criminal immigration that scares Italy"" and would like to discuss it."
8,Response,migration,"Rapes, brawls, ""cultural"" crimes: the criminal immigration that scares Italy",intermediate,cherry_picking,1,43,expert,0,This is fine. What would you like to discuss about this article?
8,Context,migration,"Rapes, brawls, ""cultural"" crimes: the criminal immigration that scares Italy",intermediate,cherry_picking,1,43,expert,1,"I want to check the facts about the part of migrants in crime. I know there is considerable anti-immigration propaganda in the media, but the article cites alarming facts about criminal immigration."
8,Response,migration,"Rapes, brawls, ""cultural"" crimes: the criminal immigration that scares Italy",intermediate,cherry_picking,1,43,expert,0,What prompted you to read this article? 
8,Context,migration,"Rapes, brawls, ""cultural"" crimes: the criminal immigration that scares Italy",intermediate,cherry_picking,1,43,expert,1,I plan to relocate/work/study in Rome/Milan/Italy next year. I am wondering if living in big city/Italy is secure enough. The article reports on rapes and assaults in Italian streets.
8,Response,migration,"Rapes, brawls, ""cultural"" crimes: the criminal immigration that scares Italy",intermediate,cherry_picking,1,43,expert,0,I understand your concern. What does the article claim? 
8,Context,migration,"Rapes, brawls, ""cultural"" crimes: the criminal immigration that scares Italy",intermediate,cherry_picking,1,43,expert,1,It reports on the phenomenon of criminal immigration.
8,Response,migration,"Rapes, brawls, ""cultural"" crimes: the criminal immigration that scares Italy",intermediate,cherry_picking,1,43,expert,0,Could you please clarify further?
8,Context,migration,"Rapes, brawls, ""cultural"" crimes: the criminal immigration that scares Italy",intermediate,cherry_picking,1,43,expert,1,"It says that migrants pose a significant threat to our security. Apart from legal migrants with a criminal record, there is a constant flow of irregular migrants who are criminals."
8,Response,migration,"Rapes, brawls, ""cultural"" crimes: the criminal immigration that scares Italy",intermediate,cherry_picking,1,43,expert,0,What does the article advise? 
8,Context,migration,"Rapes, brawls, ""cultural"" crimes: the criminal immigration that scares Italy",intermediate,cherry_picking,1,43,expert,1,"I’m not sure. It seems to imply that the government should impose stricter immigration policy. Perhaps, it should be deporting irregular migrants to protect the Italians."
8,Response,migration,"Rapes, brawls, ""cultural"" crimes: the criminal immigration that scares Italy",intermediate,cherry_picking,1,43,expert,0,I see. Would you like to check the assumptions and facts of the article?
8,Context,migration,"Rapes, brawls, ""cultural"" crimes: the criminal immigration that scares Italy",intermediate,cherry_picking,1,43,expert,1,"Exactly, I want to know how serious a threat immigration is."
8,Response,migration,"Rapes, brawls, ""cultural"" crimes: the criminal immigration that scares Italy",intermediate,cherry_picking,2,44,expert,0,Fine. Let us examine the article together by first examining the article’s assumptions. Can you spot any claim that strikes you as taken for granted? 
8,Context,migration,"Rapes, brawls, ""cultural"" crimes: the criminal immigration that scares Italy",intermediate,cherry_picking,2,44,expert,1,"The writer says that immigration is not synonymous with crime, and vice versa. On the other hand, it seems to assume that irregular migrants are criminals, thus, they are more likely to commit a crime than the average Italian citizen."
8,Response,migration,"Rapes, brawls, ""cultural"" crimes: the criminal immigration that scares Italy",intermediate,cherry_picking,2,44,expert,0,Does the article justify that point anyhow? 
8,Context,migration,"Rapes, brawls, ""cultural"" crimes: the criminal immigration that scares Italy",intermediate,cherry_picking,2,44,expert,1,"Not exactly. It says that, according to a NGO called ‘Antigone’, 70% of convicted migrants are irregular migrants who have outstanding accounts with justice in their countries."
8,Response,migration,"Rapes, brawls, ""cultural"" crimes: the criminal immigration that scares Italy",intermediate,cherry_picking,2,44,expert,0,Does the article provide evidence that almost all irregular migrants have a criminal record? 
8,Context,migration,"Rapes, brawls, ""cultural"" crimes: the criminal immigration that scares Italy",intermediate,cherry_picking,2,44,expert,1,No. 
8,Response,migration,"Rapes, brawls, ""cultural"" crimes: the criminal immigration that scares Italy",intermediate,cherry_picking,2,44,expert,0,"Good. I suggest that unless the article brings evidence/proof that most irregular migrants have a criminal record, we should not accept that they are fleeing criminals. Do you agree?"
8,Context,migration,"Rapes, brawls, ""cultural"" crimes: the criminal immigration that scares Italy",intermediate,cherry_picking,2,44,expert,1,Yes. But I would like to examine the implications of the data on migrant prison population. It seems to me that migrants are the cause of high crime rates in Italy. That is why I think that migrants are more dangerous/more prone to crime than the average Italian person.
8,Response,migration,"Rapes, brawls, ""cultural"" crimes: the criminal immigration that scares Italy",intermediate,cherry_picking,3,45,expert,0,Ok. Let us discuss the evidence. How does the article defend the claim that there is a close connection between immigration and criminality in Italy?  
8,Context,migration,"Rapes, brawls, ""cultural"" crimes: the criminal immigration that scares Italy",intermediate,cherry_picking,3,45,expert,1,"It says that migrants comprise 30% of the prison population. In large cities, such as Milan, they might comprise 60-70% of the prison population. Most of them are irregular migrants who flee prosecution in their countries."
8,Response,migration,"Rapes, brawls, ""cultural"" crimes: the criminal immigration that scares Italy",intermediate,cherry_picking,3,45,expert,0,Is this evidence verified?
8,Context,migration,"Rapes, brawls, ""cultural"" crimes: the criminal immigration that scares Italy",intermediate,cherry_picking,3,45,expert,1,"Yes, the article uses the Italian Ministry of Justice as a source. The figures about Milan’s prisons come from an alderman of Milan’s Municipality, named Riccardo De Corato. Also, the ‘Antigone’ report says that 70% of convicted migrants are irregular migrants."
8,Response,migration,"Rapes, brawls, ""cultural"" crimes: the criminal immigration that scares Italy",intermediate,cherry_picking,3,45,expert,0,"Very well. I suggest that data/figures should be cross-checked with the official government websites for their credibility, especially the data from the Milan alderman. His figures seem to deviate significantly from the Ministry’s figures."
8,Context,migration,"Rapes, brawls, ""cultural"" crimes: the criminal immigration that scares Italy",intermediate,cherry_picking,3,45,expert,1,Ok.
8,Response,migration,"Rapes, brawls, ""cultural"" crimes: the criminal immigration that scares Italy",intermediate,cherry_picking,3,45,expert,0,Supposing the data from the prison population is correct. Does it establish that most migrants are criminals or that migrants are more likely to cause a crime?  
8,Context,migration,"Rapes, brawls, ""cultural"" crimes: the criminal immigration that scares Italy",intermediate,cherry_picking,3,45,expert,1,"The article’s data from the prison population suggests that at least one out of two convicted criminals are migrants. Also, it is highly likely that  irregular migrants are criminals. As De Corato explains, that is why they pay top dollars to come in Italy. They try to flee prosecution in the countries; they are not real asylum seekers fleeing from war. So, I guess migrants are more likely to commit a crime than Italian citizens."
8,Response,migration,"Rapes, brawls, ""cultural"" crimes: the criminal immigration that scares Italy",intermediate,cherry_picking,4,46,expert,0,Fine. Can you think of alternative ways to explain the data from prison populations?
8,Context,migration,"Rapes, brawls, ""cultural"" crimes: the criminal immigration that scares Italy",intermediate,cherry_picking,4,46,expert,1,"I am not sure. I guess we should ask ourselves if all convicted migrants have committed some crime, such as rape or assault."
8,Response,migration,"Rapes, brawls, ""cultural"" crimes: the criminal immigration that scares Italy",intermediate,cherry_picking,4,46,expert,0,"Good! A number of migrants might be sentenced for violations of immigration law. Also, could migrants be detained due to racial profiling and discriminatory practices by the police or the system of justice?"
8,Context,migration,"Rapes, brawls, ""cultural"" crimes: the criminal immigration that scares Italy",intermediate,cherry_picking,4,46,expert,1,Certainly.
8,Response,migration,"Rapes, brawls, ""cultural"" crimes: the criminal immigration that scares Italy",intermediate,cherry_picking,4,46,expert,0,"Very well! Prison population data may lead us to overestimate the relationship between immigration and criminality. The reader may assume or think, for instance, that those who enter in Italy are criminals or very likely to commit a crime like rape or assault, as the article suggests. Do you think it follows from the article’s data that migrants are more likely to commit rape and assault?"
8,Context,migration,"Rapes, brawls, ""cultural"" crimes: the criminal immigration that scares Italy",intermediate,cherry_picking,4,46,expert,1,Not necessarily.
8,Response,migration,"Rapes, brawls, ""cultural"" crimes: the criminal immigration that scares Italy",intermediate,cherry_picking,4,46,expert,0,"Exactly. One needs to check the data about the types of crime committed by migrants. Also, could we infer that migrants who commit theft, for example, used to be thieves before entry in Italy?"
8,Context,migration,"Rapes, brawls, ""cultural"" crimes: the criminal immigration that scares Italy",intermediate,cherry_picking,4,46,expert,1,Not necessarily.
8,Response,migration,"Rapes, brawls, ""cultural"" crimes: the criminal immigration that scares Italy",intermediate,cherry_picking,4,46,expert,0,"Exactly. Theft could be explained by migrants’ exclusion from the labor market. So, is the data about prison population sufficient to help readers form an informed judgment about immigration and crime?"
8,Context,migration,"Rapes, brawls, ""cultural"" crimes: the criminal immigration that scares Italy",intermediate,cherry_picking,4,46,expert,1,"No, the evidence is insufficient and interpreted in a narrow and biased way."
8,Response,migration,"Rapes, brawls, ""cultural"" crimes: the criminal immigration that scares Italy",intermediate,cherry_picking,4,46,expert,0,"Very well! The article uses statistics in a selective way. It commits the fallacy of Incomplete Evidence, or ‘cherry-picking’. It uses the evidence that supports its conclusion while suppressing any evidence against it or alternative interpretations of the data. Hence, readers might jump to the wrong conclusion and hastily form the generalization that most migrants are criminals and, thus, more likely to commit a crime than the average Italian person."
8,Context,migration,"Rapes, brawls, ""cultural"" crimes: the criminal immigration that scares Italy",intermediate,cherry_picking,4,46,expert,1,"Ok, I see. Could you give an example?"
8,Response,migration,"Rapes, brawls, ""cultural"" crimes: the criminal immigration that scares Italy",intermediate,cherry_picking,4,46,expert,0,"Of course. If a writer focuses on the number of plane crashes and omits the data about safe flights, too, he/she might lead readers to think that traveling by plane is unsafe. The writer picks the evidence that supports her/his point."
8,Context,migration,"Rapes, brawls, ""cultural"" crimes: the criminal immigration that scares Italy",intermediate,cherry_picking,4,46,expert,1,Ok. 
8,Response,migration,"Rapes, brawls, ""cultural"" crimes: the criminal immigration that scares Italy",intermediate,cherry_picking,4,46,expert,0,Could the claim of the article be true though? 
8,Context,migration,"Rapes, brawls, ""cultural"" crimes: the criminal immigration that scares Italy",intermediate,cherry_picking,4,46,expert,1,Yes. More data might show that immigration is a main cause of criminality.
8,Response,migration,"Rapes, brawls, ""cultural"" crimes: the criminal immigration that scares Italy",intermediate,cherry_picking,4,46,expert,0,"Exactly. The article’s claim is not necessarily false. Also, the article’s argument might be valid. However, it provides incomplete evidence for its conclusion. Hence, we should not accept its conclusion before we examine and interpret the available evidence thoroughly."
8,Context,migration,"Rapes, brawls, ""cultural"" crimes: the criminal immigration that scares Italy",intermediate,cherry_picking,4,46,expert,1,Ok.
8,Response,migration,"Rapes, brawls, ""cultural"" crimes: the criminal immigration that scares Italy",intermediate,cherry_picking,5,47,expert,0,How would the article affect the readers?
8,Context,migration,"Rapes, brawls, ""cultural"" crimes: the criminal immigration that scares Italy",intermediate,cherry_picking,5,47,expert,1,"It may provoke distrust, anger, hate, even violence against migrants."
8,Response,migration,"Rapes, brawls, ""cultural"" crimes: the criminal immigration that scares Italy",intermediate,cherry_picking,5,47,expert,0,Would that article affect the choices of Italian voters? 
8,Context,migration,"Rapes, brawls, ""cultural"" crimes: the criminal immigration that scares Italy",intermediate,cherry_picking,5,47,expert,1,"Yes, they might vote for unfair anti-immigration parties and policies."
8,Response,migration,"Rapes, brawls, ""cultural"" crimes: the criminal immigration that scares Italy",intermediate,cherry_picking,6,48,expert,0,"This is true. Unfortunately, we tend to draw hasty conclusions on the basis of selective or insufficient evidence due to bias of the human mind, such as the confirmation bias in this case. Do you think there is still a reason to accept the claim of the article?"
8,Context,migration,"Rapes, brawls, ""cultural"" crimes: the criminal immigration that scares Italy",intermediate,cherry_picking,6,48,expert,1,"No, as it stands, the article does not establish its conclusion. But there might be some issue with migrants’ contribution to crime."
8,Response,migration,"Rapes, brawls, ""cultural"" crimes: the criminal immigration that scares Italy",intermediate,cherry_picking,6,48,expert,0,What would that be?
8,Context,migration,"Rapes, brawls, ""cultural"" crimes: the criminal immigration that scares Italy",intermediate,cherry_picking,6,48,expert,1,I would like to check more evidence about immigration and crime rates in Italy. 
8,Response,migration,"Rapes, brawls, ""cultural"" crimes: the criminal immigration that scares Italy",intermediate,cherry_picking,6,48,expert,0,"This is fine. You can ask for my help anytime in the future. As a general rule, you should consult articles citing data from verifiable sources, such as government organizations and credible NGO’s."
8,Context,migration,"Rapes, brawls, ""cultural"" crimes: the criminal immigration that scares Italy",intermediate,cherry_picking,6,48,expert,1,Ok.
8,Response,migration,"Rapes, brawls, ""cultural"" crimes: the criminal immigration that scares Italy",intermediate,cherry_picking,6,48,expert,0,Did you find our discussion helpful? 
8,Context,migration,"Rapes, brawls, ""cultural"" crimes: the criminal immigration that scares Italy",intermediate,cherry_picking,6,48,expert,1,Yes.
8,Response,migration,"Rapes, brawls, ""cultural"" crimes: the criminal immigration that scares Italy",intermediate,cherry_picking,6,48,expert,0,Is there anything else you would like to discuss?
8,Context,migration,"Rapes, brawls, ""cultural"" crimes: the criminal immigration that scares Italy",intermediate,cherry_picking,6,48,expert,1,"No, thank you (If yes, how can I help?)"
8,Response,migration,"Rapes, brawls, ""cultural"" crimes: the criminal immigration that scares Italy",intermediate,cherry_picking,6,48,expert,0,Thank you for your discussion. Have a great day! 
9,Context,ngo,Medvedev: Neo-Nazism must be totally destroyed!,low,hasty_generalization,1,49,expert,1,Hello! 
9,Response,ngo,Medvedev: Neo-Nazism must be totally destroyed!,low,hasty_generalization,1,49,expert,0,You've selected the article: “Medvedev: Neo-Nazism must be totally destroyed!”
9,Context,ngo,Medvedev: Neo-Nazism must be totally destroyed!,low,hasty_generalization,1,49,expert,1,Yes. 
9,Response,ngo,Medvedev: Neo-Nazism must be totally destroyed!,low,hasty_generalization,1,49,expert,0,What is the main issue in the article? 
9,Context,ngo,Medvedev: Neo-Nazism must be totally destroyed!,low,hasty_generalization,1,49,expert,1,The article reports that Dmitry Medvedev has issued a warning about Ukraine's potential to provoke a new global conflict. 
9,Response,ngo,Medvedev: Neo-Nazism must be totally destroyed!,low,hasty_generalization,2,50,expert,0,What caught your attention about this article?
9,Context,ngo,Medvedev: Neo-Nazism must be totally destroyed!,low,hasty_generalization,2,50,expert,1,"The issue is urgent, as it addresses the ongoing war between Russia and Ukraine and highlights a significant threat to world peace."
9,Response,ngo,Medvedev: Neo-Nazism must be totally destroyed!,low,hasty_generalization,2,50,expert,0,What do you already know about the issue? 
9,Context,ngo,Medvedev: Neo-Nazism must be totally destroyed!,low,hasty_generalization,2,50,expert,1,"I'm familiar with the present war between Russia and Ukraine, but this is the first time I've learned about the details of this issue."
9,Response,ngo,Medvedev: Neo-Nazism must be totally destroyed!,low,hasty_generalization,2,50,expert,0,Would you like to learn more about the quality of reasoning in this article? 
9,Context,ngo,Medvedev: Neo-Nazism must be totally destroyed!,low,hasty_generalization,2,50,expert,1,"Yes, of course!"
9,Response,ngo,Medvedev: Neo-Nazism must be totally destroyed!,low,hasty_generalization,2,50,expert,0,Good reasoning or sound reasoning usually refers to avoiding logical fallacies or errors in an argument. 
9,Context,ngo,Medvedev: Neo-Nazism must be totally destroyed!,low,hasty_generalization,2,50,expert,1,That's helpful.
9,Response,ngo,Medvedev: Neo-Nazism must be totally destroyed!,low,hasty_generalization,2,50,expert,0,Would you like me to provide guidance on how to check for logical fallacies in this article?
9,Context,ngo,Medvedev: Neo-Nazism must be totally destroyed!,low,hasty_generalization,2,50,expert,1,"Yes, but I don’t know what a logical fallacy is exactly."
9,Response,ngo,Medvedev: Neo-Nazism must be totally destroyed!,low,hasty_generalization,2,50,expert,0,A logical fallacy is a flaw in reasoning that makes an argument invalid or unsound. A logical fallacy can make an argument potentially misleading.
9,Context,ngo,Medvedev: Neo-Nazism must be totally destroyed!,low,hasty_generalization,2,50,expert,1,That’s informative. 
9,Response,ngo,Medvedev: Neo-Nazism must be totally destroyed!,low,hasty_generalization,2,50,expert,0,Can I help you identify the logical fallacies present in this article?
9,Context,ngo,Medvedev: Neo-Nazism must be totally destroyed!,low,hasty_generalization,2,50,expert,1,Yes. 
9,Response,ngo,Medvedev: Neo-Nazism must be totally destroyed!,low,hasty_generalization,3,51,expert,0,We can focus on a logical fallacy called Hasty Generalization. Do you agree? 
9,Context,ngo,Medvedev: Neo-Nazism must be totally destroyed!,low,hasty_generalization,3,51,expert,1,"Yes, but I need to learn more about this logical fallacy"
9,Response,ngo,Medvedev: Neo-Nazism must be totally destroyed!,low,hasty_generalization,3,51,expert,0,"Hasty generalization occurs when conclusions are drawn about an entire group or category based on insufficient or limited evidence, often relying on stereotypes and absolute positions."
9,Context,ngo,Medvedev: Neo-Nazism must be totally destroyed!,low,hasty_generalization,3,51,expert,1,Can you provide an example? 
9,Response,ngo,Medvedev: Neo-Nazism must be totally destroyed!,low,hasty_generalization,3,51,expert,0,Consider the claim that “A group of immigrants sabotaged the exhibition. There is no doubt that immigrants are uncontrolled and brutal”. Can you identify the logical fallacy in this claim?
9,Context,ngo,Medvedev: Neo-Nazism must be totally destroyed!,low,hasty_generalization,3,51,expert,1,Not clearly. 
9,Response,ngo,Medvedev: Neo-Nazism must be totally destroyed!,low,hasty_generalization,3,51,expert,0,Are there any evidence provided to support the claim? 
9,Context,ngo,Medvedev: Neo-Nazism must be totally destroyed!,low,hasty_generalization,3,51,expert,1,No. 
9,Response,ngo,Medvedev: Neo-Nazism must be totally destroyed!,low,hasty_generalization,3,51,expert,0,Do you think it's fair to stereotype immigrants as uncontrolled and brutal?
9,Context,ngo,Medvedev: Neo-Nazism must be totally destroyed!,low,hasty_generalization,3,51,expert,1,No. 
9,Response,ngo,Medvedev: Neo-Nazism must be totally destroyed!,low,hasty_generalization,3,51,expert,0,Due to these reasons the example above is a case of a Hasty Generalization fallacy. 
9,Context,ngo,Medvedev: Neo-Nazism must be totally destroyed!,low,hasty_generalization,3,51,expert,1,That’s clear. 
9,Response,ngo,Medvedev: Neo-Nazism must be totally destroyed!,low,hasty_generalization,3,51,expert,0,Can you identify a similar practice in the article? 
9,Context,ngo,Medvedev: Neo-Nazism must be totally destroyed!,low,hasty_generalization,3,51,expert,1,"Yes, I think the following statement “Ukraine should not be allowed to provoke a new global conflict, so it is important to achieve all the goals of the special military operation”."
9,Response,ngo,Medvedev: Neo-Nazism must be totally destroyed!,low,hasty_generalization,3,51,expert,0,What led you to that decision?
9,Context,ngo,Medvedev: Neo-Nazism must be totally destroyed!,low,hasty_generalization,3,51,expert,1,The statement takes an absolute and generic position on the role of Ukraine in potentially causing a new global conflict.
9,Response,ngo,Medvedev: Neo-Nazism must be totally destroyed!,low,hasty_generalization,3,51,expert,0,"Yes, but can we exclude this possibility?"
9,Context,ngo,Medvedev: Neo-Nazism must be totally destroyed!,low,hasty_generalization,3,51,expert,1,No.  
9,Response,ngo,Medvedev: Neo-Nazism must be totally destroyed!,low,hasty_generalization,3,51,expert,0,"So, why do you suggest that this could be the case of a Hasty Generalization fallacy?"
9,Context,ngo,Medvedev: Neo-Nazism must be totally destroyed!,low,hasty_generalization,3,51,expert,1,The observation is generic and lacks supporting evidence for the claim.
9,Response,ngo,Medvedev: Neo-Nazism must be totally destroyed!,low,hasty_generalization,3,51,expert,0,"Correct! This statement is a generalization without evidence, a broad assertion that Ukraine's actions could lead to a new global conflict."
9,Context,ngo,Medvedev: Neo-Nazism must be totally destroyed!,low,hasty_generalization,3,51,expert,1,"Yes, indeed."
9,Response,ngo,Medvedev: Neo-Nazism must be totally destroyed!,low,hasty_generalization,3,51,expert,0,"Great! So, the statement can be called into question due to a Hasty Generalization fallacy."
9,Context,ngo,Medvedev: Neo-Nazism must be totally destroyed!,low,hasty_generalization,3,51,expert,1,Yes.
9,Response,ngo,Medvedev: Neo-Nazism must be totally destroyed!,low,hasty_generalization,4,52,expert,0,Are there alternative viewpoints?
9,Context,ngo,Medvedev: Neo-Nazism must be totally destroyed!,low,hasty_generalization,4,52,expert,1,No.
9,Response,ngo,Medvedev: Neo-Nazism must be totally destroyed!,low,hasty_generalization,4,52,expert,0,"What about claiming that despite the generalized and unspecified evidence of the assertion, there is still a threat for a new global conflict."
9,Context,ngo,Medvedev: Neo-Nazism must be totally destroyed!,low,hasty_generalization,4,52,expert,1,"Yes, but only due to Ukraine’s actions?"
9,Response,ngo,Medvedev: Neo-Nazism must be totally destroyed!,low,hasty_generalization,4,52,expert,0,"Your doubt is valid!  Drawing a conclusion that presents a 'black and white' kind of thinking when there are many shades of grey, is a fallacy known as False dichotomy or False dilemma."
9,Context,ngo,Medvedev: Neo-Nazism must be totally destroyed!,low,hasty_generalization,4,52,expert,1,Can you provide an example?
9,Response,ngo,Medvedev: Neo-Nazism must be totally destroyed!,low,hasty_generalization,4,52,expert,0,"Consider the claim: “If we depart from our home later than planned, we will have to choose between either skipping the event entirely or arriving too late to catch the opening speech.”"
9,Context,ngo,Medvedev: Neo-Nazism must be totally destroyed!,low,hasty_generalization,4,52,expert,1,That’s helpful. 
9,Response,ngo,Medvedev: Neo-Nazism must be totally destroyed!,low,hasty_generalization,4,52,expert,0,"So, do you think that statement  is also subject to a False dilemma fallacy?"
9,Context,ngo,Medvedev: Neo-Nazism must be totally destroyed!,low,hasty_generalization,4,52,expert,1,"Yes, definitely!"
9,Response,ngo,Medvedev: Neo-Nazism must be totally destroyed!,low,hasty_generalization,5,53,expert,0,Are there any consequences of accepting the statement ? 
9,Context,ngo,Medvedev: Neo-Nazism must be totally destroyed!,low,hasty_generalization,5,53,expert,1,"Despite the existing tension between Russia and Ukraine, I don't see any other implications."
9,Response,ngo,Medvedev: Neo-Nazism must be totally destroyed!,low,hasty_generalization,5,53,expert,0,"Might an article directed towards the public, which includes false assertions, escalate tensions and divisions in the ongoing conflict?"
9,Context,ngo,Medvedev: Neo-Nazism must be totally destroyed!,low,hasty_generalization,5,53,expert,1,"Yes, indeed."
9,Response,ngo,Medvedev: Neo-Nazism must be totally destroyed!,low,hasty_generalization,5,53,expert,0,"Moreover, do you agree that the statement  might bring anxiety to the readers and cause prejudice against Ukraine?"
9,Context,ngo,Medvedev: Neo-Nazism must be totally destroyed!,low,hasty_generalization,5,53,expert,1,"Certainly, yes."
9,Response,ngo,Medvedev: Neo-Nazism must be totally destroyed!,low,hasty_generalization,5,53,expert,0,"Is it possible that articles like this one, which downplay the complex political and historical factors that caused the war between Russia and Ukraine, could delay a peaceful solution?"
9,Context,ngo,Medvedev: Neo-Nazism must be totally destroyed!,low,hasty_generalization,5,53,expert,1,"Yes, that’s the most serious implication."
9,Response,ngo,Medvedev: Neo-Nazism must be totally destroyed!,low,hasty_generalization,5,53,expert,0,Would you like to learn more about the implications and consequences of disinformation? 
9,Context,ngo,Medvedev: Neo-Nazism must be totally destroyed!,low,hasty_generalization,5,53,expert,1,Yes.
9,Response,ngo,Medvedev: Neo-Nazism must be totally destroyed!,low,hasty_generalization,6,54,expert,0,Was it appropriate to check the article for the Hasty Generalization fallacy?
9,Context,ngo,Medvedev: Neo-Nazism must be totally destroyed!,low,hasty_generalization,6,54,expert,1,"Definitely, yes!"
9,Response,ngo,Medvedev: Neo-Nazism must be totally destroyed!,low,hasty_generalization,6,54,expert,0,"Do you agree that a claim like statement , which relies on broad, absolute, and stereotypical generalizations, and without any evidence, is not only invalid but also carries potential negative consequences?"
9,Context,ngo,Medvedev: Neo-Nazism must be totally destroyed!,low,hasty_generalization,6,54,expert,1,Yes.
9,Response,ngo,Medvedev: Neo-Nazism must be totally destroyed!,low,hasty_generalization,6,54,expert,0,"So, considering the Hasty Generalization fallacy, the claim should be doubted, and the article is in question."
9,Context,ngo,Medvedev: Neo-Nazism must be totally destroyed!,low,hasty_generalization,6,54,expert,1,Yes. 
9,Response,ngo,Medvedev: Neo-Nazism must be totally destroyed!,low,hasty_generalization,6,54,expert,0,What would be a recommended course of action once a Hasty Generalization fallacy has been identified?
9,Context,ngo,Medvedev: Neo-Nazism must be totally destroyed!,low,hasty_generalization,6,54,expert,1,I am not sure. 
9,Response,ngo,Medvedev: Neo-Nazism must be totally destroyed!,low,hasty_generalization,6,54,expert,0,"I would suggest examining the validity of statement , by finding reliable evidence and unbiased sources of information."
9,Context,ngo,Medvedev: Neo-Nazism must be totally destroyed!,low,hasty_generalization,6,54,expert,1,That’s a good suggestion. 
9,Response,ngo,Medvedev: Neo-Nazism must be totally destroyed!,low,hasty_generalization,6,54,expert,0,Would you recommend any additional evaluation of the article? 
9,Context,ngo,Medvedev: Neo-Nazism must be totally destroyed!,low,hasty_generalization,6,54,expert,1,"Perhaps, the article should be checked for more logical fallacies."
9,Response,ngo,Medvedev: Neo-Nazism must be totally destroyed!,low,hasty_generalization,6,54,expert,0,Would you like further assistance?
9,Context,ngo,Medvedev: Neo-Nazism must be totally destroyed!,low,hasty_generalization,6,54,expert,1,No 
9,Response,ngo,Medvedev: Neo-Nazism must be totally destroyed!,low,hasty_generalization,6,54,expert,0,Thank you for using TITAN! 
10,Context,ngo,Medvedev: Neo-Nazism must be totally destroyed!,medium,emotional,1,55,expert,1,Hello! 
10,Response,ngo,Medvedev: Neo-Nazism must be totally destroyed!,medium,emotional,1,55,expert,0,You've selected the article: “Medvedev: Neo-Nazism must be totally destroyed.!”
10,Context,ngo,Medvedev: Neo-Nazism must be totally destroyed!,medium,emotional,1,55,expert,1,Yes. 
10,Response,ngo,Medvedev: Neo-Nazism must be totally destroyed!,medium,emotional,1,55,expert,0,What is the main issue in the article? 
10,Context,ngo,Medvedev: Neo-Nazism must be totally destroyed!,medium,emotional,1,55,expert,1,"The article reports that Dmitry Medvedev, the Vice President of the Security Council of the Russian Federation, has issued a warning about Ukraine's potential to instigate a global conflict. He is calling for a special military operation that will push the boundaries of perceived threats from Russia by eradicating neo-Nazism."
10,Response,ngo,Medvedev: Neo-Nazism must be totally destroyed!,medium,emotional,2,56,expert,0,What caught your attention about this article?
10,Context,ngo,Medvedev: Neo-Nazism must be totally destroyed!,medium,emotional,2,56,expert,1,"The matter is pressing, but there is a lack of evidence to substantiate the allegations, and the language employed is excessively emotive."
10,Response,ngo,Medvedev: Neo-Nazism must be totally destroyed!,medium,emotional,2,56,expert,0,That’s correct. Would you like to learn more about the nature of emotive language?
10,Context,ngo,Medvedev: Neo-Nazism must be totally destroyed!,medium,emotional,2,56,expert,1,"Yes, of course."
10,Response,ngo,Medvedev: Neo-Nazism must be totally destroyed!,medium,emotional,2,56,expert,0,"Emotive language refers to the use of language that aims to elicit an emotional reaction from the audience, whether it be the reader or listener."
10,Context,ngo,Medvedev: Neo-Nazism must be totally destroyed!,medium,emotional,2,56,expert,1,Can you be more specific? 
10,Response,ngo,Medvedev: Neo-Nazism must be totally destroyed!,medium,emotional,2,56,expert,0,Emotive language involves the use of words and phrases intended to evoke strong emotions with the purpose of influencing or attracting attention.
10,Context,ngo,Medvedev: Neo-Nazism must be totally destroyed!,medium,emotional,2,56,expert,1,Can you provide an example?
10,Response,ngo,Medvedev: Neo-Nazism must be totally destroyed!,medium,emotional,2,56,expert,0,"Consider the use of adjectives or adverbs like ""angrily"" or ""proudly,"" as well as words that create a sense of shared identity or unity, such as ""we"" and ""us""."
10,Context,ngo,Medvedev: Neo-Nazism must be totally destroyed!,medium,emotional,2,56,expert,1,That’s informative. 
10,Response,ngo,Medvedev: Neo-Nazism must be totally destroyed!,medium,emotional,3,57,expert,0,Can you identify a similar practice in the article? 
10,Context,ngo,Medvedev: Neo-Nazism must be totally destroyed!,medium,emotional,3,57,expert,1,"Yes, I think the second paragraph of the article: “Ukraine should not be allowed to provoke a new global conflict […] said the Vice President of the Security Council of the Russian Federation Dmitry Medvedev.”"
10,Response,ngo,Medvedev: Neo-Nazism must be totally destroyed!,medium,emotional,3,57,expert,0,What led you to that decision?
10,Context,ngo,Medvedev: Neo-Nazism must be totally destroyed!,medium,emotional,3,57,expert,1,There are words and phrases that evoke strong emotions in the reader. 
10,Response,ngo,Medvedev: Neo-Nazism must be totally destroyed!,medium,emotional,3,57,expert,0,Can you provide examples from article that supports what you are saying? 
10,Context,ngo,Medvedev: Neo-Nazism must be totally destroyed!,medium,emotional,3,57,expert,1,The phrases “to push the borders of threats to Russia” and “to destroy neo-Nazism to the core”.
10,Response,ngo,Medvedev: Neo-Nazism must be totally destroyed!,medium,emotional,3,57,expert,0,What led you to this idea? 
10,Context,ngo,Medvedev: Neo-Nazism must be totally destroyed!,medium,emotional,3,57,expert,1,"The phrases use provocative words and expressions such as “push the border of threat”, or “destroy to the core”."
10,Response,ngo,Medvedev: Neo-Nazism must be totally destroyed!,medium,emotional,3,57,expert,0,Do you see the same phrases being repeated throughout the article?
10,Context,ngo,Medvedev: Neo-Nazism must be totally destroyed!,medium,emotional,3,57,expert,1,"Yes, indeed."
10,Response,ngo,Medvedev: Neo-Nazism must be totally destroyed!,medium,emotional,3,57,expert,0,Repetition can also be a sign of emotive language used to sway the audience. 
10,Context,ngo,Medvedev: Neo-Nazism must be totally destroyed!,medium,emotional,3,57,expert,1,That’s informative. 
10,Response,ngo,Medvedev: Neo-Nazism must be totally destroyed!,medium,emotional,3,57,expert,0,"So, do you think that paragraph uses emotive language to persuade the reader?"
10,Context,ngo,Medvedev: Neo-Nazism must be totally destroyed!,medium,emotional,3,57,expert,1,Yes. 
10,Response,ngo,Medvedev: Neo-Nazism must be totally destroyed!,medium,emotional,4,58,expert,0,Are there alternative viewpoints?
10,Context,ngo,Medvedev: Neo-Nazism must be totally destroyed!,medium,emotional,4,58,expert,1,"Yes, despite the emotive language, the paragraph underlines a very serious issue."
10,Response,ngo,Medvedev: Neo-Nazism must be totally destroyed!,medium,emotional,4,58,expert,0,Can you find any evidence provided? 
10,Context,ngo,Medvedev: Neo-Nazism must be totally destroyed!,medium,emotional,4,58,expert,1,"No, paragraph is based on the authority of the Vice President of the Security Council of the Russian Federation."
10,Response,ngo,Medvedev: Neo-Nazism must be totally destroyed!,medium,emotional,4,58,expert,0,Is it possible to have an Appeal to Authority fallacy? 
10,Context,ngo,Medvedev: Neo-Nazism must be totally destroyed!,medium,emotional,4,58,expert,1,"Yes, that’s possible. No evidence is provided for his claims, except of his authority."
10,Response,ngo,Medvedev: Neo-Nazism must be totally destroyed!,medium,emotional,4,58,expert,0,"So, we can’t be sure about the reliability of the source and the claims provided."
10,Context,ngo,Medvedev: Neo-Nazism must be totally destroyed!,medium,emotional,4,58,expert,1,"Yes, that’s correct."
10,Response,ngo,Medvedev: Neo-Nazism must be totally destroyed!,medium,emotional,4,58,expert,0,"Moreover, the claims provided in paragraph seem to be generic and absolute."
10,Context,ngo,Medvedev: Neo-Nazism must be totally destroyed!,medium,emotional,4,58,expert,1,"Yes, I would also add dilemmatic."
10,Response,ngo,Medvedev: Neo-Nazism must be totally destroyed!,medium,emotional,4,58,expert,0,"Brilliant! Despite the emotive language, paragraph includes fallacious reasoning such as the Hasty Generalization and the False Dilemma fallacies."
10,Context,ngo,Medvedev: Neo-Nazism must be totally destroyed!,medium,emotional,4,58,expert,1,Indeed.  
10,Response,ngo,Medvedev: Neo-Nazism must be totally destroyed!,medium,emotional,5,59,expert,0,Are there any consequences of accepting the claims of paragraph? 
10,Context,ngo,Medvedev: Neo-Nazism must be totally destroyed!,medium,emotional,5,59,expert,1,"Additional to the existing tension between Russia and Ukraine, greater polarity in the existing war might be cause."
10,Response,ngo,Medvedev: Neo-Nazism must be totally destroyed!,medium,emotional,5,59,expert,0,That’s right. Do you also agree that paragraph might bring anxiety to the readers and cause prejudice against Ukraine? 
10,Context,ngo,Medvedev: Neo-Nazism must be totally destroyed!,medium,emotional,5,59,expert,1,"Certainly, yes."
10,Response,ngo,Medvedev: Neo-Nazism must be totally destroyed!,medium,emotional,5,59,expert,0,Is there also the possibility of downplaying the complex political and historical factors that caused the war between Russia and Ukraine and delaying a peaceful solution?
10,Context,ngo,Medvedev: Neo-Nazism must be totally destroyed!,medium,emotional,5,59,expert,1,"Yes, that’s the most serious implication."
10,Response,ngo,Medvedev: Neo-Nazism must be totally destroyed!,medium,emotional,5,59,expert,0,Would you like to learn more about the implications and consequences of disinformation? 
10,Context,ngo,Medvedev: Neo-Nazism must be totally destroyed!,medium,emotional,5,59,expert,1,No.
10,Response,ngo,Medvedev: Neo-Nazism must be totally destroyed!,medium,emotional,6,60,expert,0,Was it appropriate to evaluate the article for Emotive Language?
10,Context,ngo,Medvedev: Neo-Nazism must be totally destroyed!,medium,emotional,6,60,expert,1,"Definitely, yes!"
10,Response,ngo,Medvedev: Neo-Nazism must be totally destroyed!,medium,emotional,6,60,expert,0,"Do you agree that paragraph, which uses emotive words and expression, and is based on fallacious and unsubstantiated reasoning, is not only misleading but also invalid and carries potential negative consequences?"
10,Context,ngo,Medvedev: Neo-Nazism must be totally destroyed!,medium,emotional,6,60,expert,1,Yes.
10,Response,ngo,Medvedev: Neo-Nazism must be totally destroyed!,medium,emotional,6,60,expert,0,"So, considering the Emotive Language of the text, paragraph should be treated with caution and skepticism."
10,Context,ngo,Medvedev: Neo-Nazism must be totally destroyed!,medium,emotional,6,60,expert,1,Yes. 
10,Response,ngo,Medvedev: Neo-Nazism must be totally destroyed!,medium,emotional,6,60,expert,0,Do you think that the article is subject to doubt? 
10,Context,ngo,Medvedev: Neo-Nazism must be totally destroyed!,medium,emotional,6,60,expert,1,Yes. 
10,Response,ngo,Medvedev: Neo-Nazism must be totally destroyed!,medium,emotional,6,60,expert,0,What would be a recommended course of action once Emotive Language is identified in an article?
10,Context,ngo,Medvedev: Neo-Nazism must be totally destroyed!,medium,emotional,6,60,expert,1,I would suggest examining its validity by finding reliable evidence and unbiased sources of information. 
10,Response,ngo,Medvedev: Neo-Nazism must be totally destroyed!,medium,emotional,6,60,expert,0,That’s a good suggestion. Would you recommend any additional evaluation of the article? 
10,Context,ngo,Medvedev: Neo-Nazism must be totally destroyed!,medium,emotional,6,60,expert,1,"Perhaps, the article should be checked for more cases of emotive language."
10,Response,ngo,Medvedev: Neo-Nazism must be totally destroyed!,medium,emotional,6,60,expert,0,Would you like further assistance?
10,Context,ngo,Medvedev: Neo-Nazism must be totally destroyed!,medium,emotional,6,60,expert,1,No 
10,Response,ngo,Medvedev: Neo-Nazism must be totally destroyed!,medium,emotional,6,60,expert,0,Thank you for using TITAN! 
11,Context,migration,"Rapes, brawls, ""cultural"" crimes: the criminal immigration that scares Italy",medium,emotional,1,61,expert,1,Hello! 
11,Response,migration,"Rapes, brawls, ""cultural"" crimes: the criminal immigration that scares Italy",medium,emotional,1,61,expert,0,"You've selected the article: “Rapes, brawls, ""cultural"" crimes: the criminal immigration that scares Italy”"
11,Context,migration,"Rapes, brawls, ""cultural"" crimes: the criminal immigration that scares Italy",medium,emotional,1,61,expert,1,Yes. 
11,Response,migration,"Rapes, brawls, ""cultural"" crimes: the criminal immigration that scares Italy",medium,emotional,1,61,expert,0,What is the main issue in the article? 
11,Context,migration,"Rapes, brawls, ""cultural"" crimes: the criminal immigration that scares Italy",medium,emotional,1,61,expert,1,"The article states that the arrival of immigrants in Italy since the 1970s has had an impact on the country's criminal landscape. Italian prisons have a high number of foreign inmates, with a significant percentage being irregular migrants with criminal records."
11,Response,migration,"Rapes, brawls, ""cultural"" crimes: the criminal immigration that scares Italy",medium,emotional,2,62,expert,0,What caught your attention about this article?
11,Context,migration,"Rapes, brawls, ""cultural"" crimes: the criminal immigration that scares Italy",medium,emotional,2,62,expert,1,"This is a crucial issue for Italy, but despite the use of numbers and statistics to support the arguments, the language used in the article appears to be somewhat emotive."
11,Response,migration,"Rapes, brawls, ""cultural"" crimes: the criminal immigration that scares Italy",medium,emotional,2,62,expert,0,That’s correct. Would you like to learn more about the nature of emotive language? 
11,Context,migration,"Rapes, brawls, ""cultural"" crimes: the criminal immigration that scares Italy",medium,emotional,2,62,expert,1,Yes. 
11,Response,migration,"Rapes, brawls, ""cultural"" crimes: the criminal immigration that scares Italy",medium,emotional,2,62,expert,0,"Emotive language aims to elicit an emotional reaction from the audience, whether it be readers or listeners."
11,Context,migration,"Rapes, brawls, ""cultural"" crimes: the criminal immigration that scares Italy",medium,emotional,2,62,expert,1,Can you be more specific? 
11,Response,migration,"Rapes, brawls, ""cultural"" crimes: the criminal immigration that scares Italy",medium,emotional,2,62,expert,0,Emotive language involves the use of words and phrases intended to evoke strong emotions with the purpose of influencing or attracting attention.
11,Context,migration,"Rapes, brawls, ""cultural"" crimes: the criminal immigration that scares Italy",medium,emotional,2,62,expert,1,Can you give me an example? 
11,Response,migration,"Rapes, brawls, ""cultural"" crimes: the criminal immigration that scares Italy",medium,emotional,2,62,expert,0,"Consider the use of adjectives or adverbs like ""angrily"" or ""proudly,"" as well as words that create a sense of shared identity or unity, such as ""we"" and ""us""."
11,Context,migration,"Rapes, brawls, ""cultural"" crimes: the criminal immigration that scares Italy",medium,emotional,2,62,expert,1,That’s helpful. 
11,Response,migration,"Rapes, brawls, ""cultural"" crimes: the criminal immigration that scares Italy",medium,emotional,3,63,expert,0,Can you identify a similar practice in the article? 
11,Context,migration,"Rapes, brawls, ""cultural"" crimes: the criminal immigration that scares Italy",medium,emotional,3,63,expert,1,"Yes, from the opening paragraph of the article: “Women and girls harassed or raped in the middle of the street. Officers and carabinieri punched or threatened with knives. And young girls abused or killed by their families because they rejected the traditions of their own culture and wanted to live Western-style.”"
11,Response,migration,"Rapes, brawls, ""cultural"" crimes: the criminal immigration that scares Italy",medium,emotional,3,63,expert,0,What led you to that decision?
11,Context,migration,"Rapes, brawls, ""cultural"" crimes: the criminal immigration that scares Italy",medium,emotional,3,63,expert,1,There are words and phrases that evoke strong emotions in the reader. 
11,Response,migration,"Rapes, brawls, ""cultural"" crimes: the criminal immigration that scares Italy",medium,emotional,3,63,expert,0,Can you provide example of words or phrases that supports what you are saying? 
11,Context,migration,"Rapes, brawls, ""cultural"" crimes: the criminal immigration that scares Italy",medium,emotional,3,63,expert,1,"Words such as ""harassed,"" ""raped,"" and ""punched""."
11,Response,migration,"Rapes, brawls, ""cultural"" crimes: the criminal immigration that scares Italy",medium,emotional,3,63,expert,0,What led you to this idea? 
11,Context,migration,"Rapes, brawls, ""cultural"" crimes: the criminal immigration that scares Italy",medium,emotional,3,63,expert,1,These words convey strong emotions and powerful imagery.
11,Response,migration,"Rapes, brawls, ""cultural"" crimes: the criminal immigration that scares Italy",medium,emotional,3,63,expert,0,Correct! Why do you think emotive language has been used in this article? 
11,Context,migration,"Rapes, brawls, ""cultural"" crimes: the criminal immigration that scares Italy",medium,emotional,3,63,expert,1,Perhaps to persuade the readers. 
11,Response,migration,"Rapes, brawls, ""cultural"" crimes: the criminal immigration that scares Italy",medium,emotional,3,63,expert,0,But what about the aim to draw attention? 
11,Context,migration,"Rapes, brawls, ""cultural"" crimes: the criminal immigration that scares Italy",medium,emotional,3,63,expert,1,That’s also right! 
11,Response,migration,"Rapes, brawls, ""cultural"" crimes: the criminal immigration that scares Italy",medium,emotional,3,63,expert,0,"So, do you think that paragraph uses emotive language to persuade and draw the attention of the reader?"
11,Context,migration,"Rapes, brawls, ""cultural"" crimes: the criminal immigration that scares Italy",medium,emotional,3,63,expert,1,Yes. 
11,Response,migration,"Rapes, brawls, ""cultural"" crimes: the criminal immigration that scares Italy",medium,emotional,4,64,expert,0,Brilliant! Are there alternative viewpoints?
11,Context,migration,"Rapes, brawls, ""cultural"" crimes: the criminal immigration that scares Italy",medium,emotional,4,64,expert,1,"Yes, despite the emotive language, the paragraph still underlines a serious issue."
11,Response,migration,"Rapes, brawls, ""cultural"" crimes: the criminal immigration that scares Italy",medium,emotional,4,64,expert,0,Can you find in the article any evidence provided? 
11,Context,migration,"Rapes, brawls, ""cultural"" crimes: the criminal immigration that scares Italy",medium,emotional,4,64,expert,1,"Yes, the article provides concrete numbers and statistics about the current criminal situation in Italy."
11,Response,migration,"Rapes, brawls, ""cultural"" crimes: the criminal immigration that scares Italy",medium,emotional,4,64,expert,0,Can you validate this evidence? 
11,Context,migration,"Rapes, brawls, ""cultural"" crimes: the criminal immigration that scares Italy",medium,emotional,4,64,expert,1,"Yes, the article provides data from the Antigone association's 13th report on detention conditions and relies on statements of public authorities such as councellor Riccardo De Corato."
11,Response,migration,"Rapes, brawls, ""cultural"" crimes: the criminal immigration that scares Italy",medium,emotional,4,64,expert,0,But have you cross-checked the reported data? 
11,Context,migration,"Rapes, brawls, ""cultural"" crimes: the criminal immigration that scares Italy",medium,emotional,4,64,expert,1,No.
11,Response,migration,"Rapes, brawls, ""cultural"" crimes: the criminal immigration that scares Italy",medium,emotional,4,64,expert,0,Are there any citations that justify the reliability of the provided data? 
11,Context,migration,"Rapes, brawls, ""cultural"" crimes: the criminal immigration that scares Italy",medium,emotional,4,64,expert,1,No.
11,Response,migration,"Rapes, brawls, ""cultural"" crimes: the criminal immigration that scares Italy",medium,emotional,4,64,expert,0,Have you verified that the information provided about councillor De Corato is accurate?
11,Context,migration,"Rapes, brawls, ""cultural"" crimes: the criminal immigration that scares Italy",medium,emotional,4,64,expert,1,"The councellor Riccardo De Corato is a public authority, a public servant."
11,Response,migration,"Rapes, brawls, ""cultural"" crimes: the criminal immigration that scares Italy",medium,emotional,4,64,expert,0,Is it possible to have an Appeal to Authority fallacy? 
11,Context,migration,"Rapes, brawls, ""cultural"" crimes: the criminal immigration that scares Italy",medium,emotional,4,64,expert,1,"Yes, that’s possible."
11,Response,migration,"Rapes, brawls, ""cultural"" crimes: the criminal immigration that scares Italy",medium,emotional,4,64,expert,0,"So, no evidence is provided for his claims, and the cited data cannot be cross-checked."
11,Context,migration,"Rapes, brawls, ""cultural"" crimes: the criminal immigration that scares Italy",medium,emotional,4,64,expert,1,Yes.
11,Response,migration,"Rapes, brawls, ""cultural"" crimes: the criminal immigration that scares Italy",medium,emotional,4,64,expert,0,"So, we can’t be sure about the reliability of the source and the claims provided."
11,Context,migration,"Rapes, brawls, ""cultural"" crimes: the criminal immigration that scares Italy",medium,emotional,4,64,expert,1,"Yes, that’s correct."
11,Response,migration,"Rapes, brawls, ""cultural"" crimes: the criminal immigration that scares Italy",medium,emotional,5,65,expert,0,Are there any consequences of accepting the claims of paragraph?
11,Context,migration,"Rapes, brawls, ""cultural"" crimes: the criminal immigration that scares Italy",medium,emotional,5,65,expert,1,"I don’t think so, the situation is already critical."
11,Response,migration,"Rapes, brawls, ""cultural"" crimes: the criminal immigration that scares Italy",medium,emotional,5,65,expert,0,"Yes, but don't you think that paragraph might create an additional anxiety among the readers and promote prejudice against immigrants?"
11,Context,migration,"Rapes, brawls, ""cultural"" crimes: the criminal immigration that scares Italy",medium,emotional,5,65,expert,1,"Certainly, yes."
11,Response,migration,"Rapes, brawls, ""cultural"" crimes: the criminal immigration that scares Italy",medium,emotional,5,65,expert,0,Is there also the possibility of downplaying the complex situation about immigration in Italy and delay a humanitarian and reasonable solution on this serious issue? 
11,Context,migration,"Rapes, brawls, ""cultural"" crimes: the criminal immigration that scares Italy",medium,emotional,5,65,expert,1,"Yes, that’s the most serious implication, not beneficial for all parties."
11,Response,migration,"Rapes, brawls, ""cultural"" crimes: the criminal immigration that scares Italy",medium,emotional,5,65,expert,0,Would you like to learn more about the implications and consequences of disinformation? 
11,Context,migration,"Rapes, brawls, ""cultural"" crimes: the criminal immigration that scares Italy",medium,emotional,5,65,expert,1,No.
11,Response,migration,"Rapes, brawls, ""cultural"" crimes: the criminal immigration that scares Italy",medium,emotional,6,66,expert,0,Was it appropriate to evaluate the article for Emotive Language?
11,Context,migration,"Rapes, brawls, ""cultural"" crimes: the criminal immigration that scares Italy",medium,emotional,6,66,expert,1,"Yes, of course!"
11,Response,migration,"Rapes, brawls, ""cultural"" crimes: the criminal immigration that scares Italy",medium,emotional,6,66,expert,0,"Do you agree that paragraph, which uses emotive language and makes references to authorities without providing reliable sources, may potentially create prejudice against immigrants?"
11,Context,migration,"Rapes, brawls, ""cultural"" crimes: the criminal immigration that scares Italy",medium,emotional,6,66,expert,1,Definitely. 
11,Response,migration,"Rapes, brawls, ""cultural"" crimes: the criminal immigration that scares Italy",medium,emotional,6,66,expert,0,"Do you also think that oversimplifies the complex issue of immigration in Italy, potentially delaying progress towards a humanitarian and reasonable solution?"
11,Context,migration,"Rapes, brawls, ""cultural"" crimes: the criminal immigration that scares Italy",medium,emotional,6,66,expert,1,That’s for sure. 
11,Response,migration,"Rapes, brawls, ""cultural"" crimes: the criminal immigration that scares Italy",medium,emotional,6,66,expert,0,"So, considering the Emotive Language of the text, as well as the question of the reliability of data, paragraph should be treated with caution and skepticism."
11,Context,migration,"Rapes, brawls, ""cultural"" crimes: the criminal immigration that scares Italy",medium,emotional,6,66,expert,1,Yes. 
11,Response,migration,"Rapes, brawls, ""cultural"" crimes: the criminal immigration that scares Italy",medium,emotional,6,66,expert,0,Do you think that the article is subject to doubt? 
11,Context,migration,"Rapes, brawls, ""cultural"" crimes: the criminal immigration that scares Italy",medium,emotional,6,66,expert,1,Yes. 
11,Response,migration,"Rapes, brawls, ""cultural"" crimes: the criminal immigration that scares Italy",medium,emotional,6,66,expert,0,What would be a recommended course of action?
11,Context,migration,"Rapes, brawls, ""cultural"" crimes: the criminal immigration that scares Italy",medium,emotional,6,66,expert,1,I would suggest examining the reliability of data by cross-checking the information provided. 
11,Response,migration,"Rapes, brawls, ""cultural"" crimes: the criminal immigration that scares Italy",medium,emotional,6,66,expert,0,That’s a good suggestion. Would you recommend any additional evaluation of the article? 
11,Context,migration,"Rapes, brawls, ""cultural"" crimes: the criminal immigration that scares Italy",medium,emotional,6,66,expert,1,"Perhaps, the article should be evaluated for more cases of emotive language and no-cross-checked information."
11,Response,migration,"Rapes, brawls, ""cultural"" crimes: the criminal immigration that scares Italy",medium,emotional,6,66,expert,0,Would you like further assistance?
11,Context,migration,"Rapes, brawls, ""cultural"" crimes: the criminal immigration that scares Italy",medium,emotional,6,66,expert,1,No.
11,Response,migration,"Rapes, brawls, ""cultural"" crimes: the criminal immigration that scares Italy",medium,emotional,6,66,expert,0,Thank you for using TITAN! 
12,Context,migration,"Rapes, brawls, ""cultural"" crimes: the criminal immigration that scares Italy",low,appeal_authority,1,67,expert,1,Hello! 
12,Response,migration,"Rapes, brawls, ""cultural"" crimes: the criminal immigration that scares Italy",low,appeal_authority,1,67,expert,0,"You've selected the article: “Rapes, brawls, ""cultural"" crimes: the criminal immigration that scares Italy”"
12,Context,migration,"Rapes, brawls, ""cultural"" crimes: the criminal immigration that scares Italy",low,appeal_authority,1,67,expert,1,Yes. 
12,Response,migration,"Rapes, brawls, ""cultural"" crimes: the criminal immigration that scares Italy",low,appeal_authority,1,67,expert,0,What is the main issue in the article? 
12,Context,migration,"Rapes, brawls, ""cultural"" crimes: the criminal immigration that scares Italy",low,appeal_authority,1,67,expert,1,The article states that the arrival of immigrants in Italy since the 1970s has had an impact on the country's criminal landscape. 
12,Response,migration,"Rapes, brawls, ""cultural"" crimes: the criminal immigration that scares Italy",low,appeal_authority,2,68,expert,0,What caught your attention about this article?
12,Context,migration,"Rapes, brawls, ""cultural"" crimes: the criminal immigration that scares Italy",low,appeal_authority,2,68,expert,1,The article raises an issue of major concern for Italy and immigration. 
12,Response,migration,"Rapes, brawls, ""cultural"" crimes: the criminal immigration that scares Italy",low,appeal_authority,2,68,expert,0,What do you already know about the issue?  
12,Context,migration,"Rapes, brawls, ""cultural"" crimes: the criminal immigration that scares Italy",low,appeal_authority,2,68,expert,1,"I am aware of the issue of immigration in Europe, but I don't have any specific details about it."
12,Response,migration,"Rapes, brawls, ""cultural"" crimes: the criminal immigration that scares Italy",low,appeal_authority,2,68,expert,0,Would you like to learn more about the quality of reasoning in this article?  
12,Context,migration,"Rapes, brawls, ""cultural"" crimes: the criminal immigration that scares Italy",low,appeal_authority,2,68,expert,1,"Certainly, yes!"
12,Response,migration,"Rapes, brawls, ""cultural"" crimes: the criminal immigration that scares Italy",low,appeal_authority,2,68,expert,0,Good reasoning or sound reasoning refers to avoiding logical fallacies or errors in an argument. 
12,Context,migration,"Rapes, brawls, ""cultural"" crimes: the criminal immigration that scares Italy",low,appeal_authority,2,68,expert,1,That's informative. 
12,Response,migration,"Rapes, brawls, ""cultural"" crimes: the criminal immigration that scares Italy",low,appeal_authority,2,68,expert,0,Would you like me to assist you in identifying logical fallacies in this article? 
12,Context,migration,"Rapes, brawls, ""cultural"" crimes: the criminal immigration that scares Italy",low,appeal_authority,2,68,expert,1,"Yes, but I don’t know what a logical fallacy is exactly."
12,Response,migration,"Rapes, brawls, ""cultural"" crimes: the criminal immigration that scares Italy",low,appeal_authority,2,68,expert,0,A logical fallacy is a flaw in reasoning that makes an argument invalid or unsound. A logical fallacy can make an argument potentially misleading.
12,Context,migration,"Rapes, brawls, ""cultural"" crimes: the criminal immigration that scares Italy",low,appeal_authority,2,68,expert,1,That’s useful.  
12,Response,migration,"Rapes, brawls, ""cultural"" crimes: the criminal immigration that scares Italy",low,appeal_authority,3,69,expert,0,We can focus on a logical fallacy called Appeal to Authority.  
12,Context,migration,"Rapes, brawls, ""cultural"" crimes: the criminal immigration that scares Italy",low,appeal_authority,3,69,expert,1,Fine!  
12,Response,migration,"Rapes, brawls, ""cultural"" crimes: the criminal immigration that scares Italy",low,appeal_authority,3,69,expert,0,Would you like to learn more about this logical fallacy?  
12,Context,migration,"Rapes, brawls, ""cultural"" crimes: the criminal immigration that scares Italy",low,appeal_authority,3,69,expert,1,Yes.   
12,Response,migration,"Rapes, brawls, ""cultural"" crimes: the criminal immigration that scares Italy",low,appeal_authority,3,69,expert,0,"Appeal to Authority occurs when a claim is supported by relying on the expertise of an authority figure, or an expert in a field, rather than on sound reasoning or objective evidence."
12,Context,migration,"Rapes, brawls, ""cultural"" crimes: the criminal immigration that scares Italy",low,appeal_authority,3,69,expert,1,Can you provide an example?  
12,Response,migration,"Rapes, brawls, ""cultural"" crimes: the criminal immigration that scares Italy",low,appeal_authority,3,69,expert,0,Here is an example “You should take vitamins A and C because experts in healthcare said they are the best.” Can you identify the logical fallacy in this claim? 
12,Context,migration,"Rapes, brawls, ""cultural"" crimes: the criminal immigration that scares Italy",low,appeal_authority,3,69,expert,1,"Not really, this claim is based on the expertise of healthcare specialists."
12,Response,migration,"Rapes, brawls, ""cultural"" crimes: the criminal immigration that scares Italy",low,appeal_authority,3,69,expert,0,"Yes, but is there any evidence provided to support the claim?"
12,Context,migration,"Rapes, brawls, ""cultural"" crimes: the criminal immigration that scares Italy",low,appeal_authority,3,69,expert,1,No.  
12,Response,migration,"Rapes, brawls, ""cultural"" crimes: the criminal immigration that scares Italy",low,appeal_authority,3,69,expert,0,This is the reason why this example is a case of an Appeal to Authority fallacy. 
12,Context,migration,"Rapes, brawls, ""cultural"" crimes: the criminal immigration that scares Italy",low,appeal_authority,3,69,expert,1,Can you clarify?
12,Response,migration,"Rapes, brawls, ""cultural"" crimes: the criminal immigration that scares Italy",low,appeal_authority,3,69,expert,0,"The claim in the example urges us to use vitamins because experts in healthcare said so, without providing sound reasoning or objective evidence."
12,Context,migration,"Rapes, brawls, ""cultural"" crimes: the criminal immigration that scares Italy",low,appeal_authority,3,69,expert,1,That’s clear.  
12,Response,migration,"Rapes, brawls, ""cultural"" crimes: the criminal immigration that scares Italy",low,appeal_authority,3,69,expert,0,Can you identify a similar practice in the article?  
12,Context,migration,"Rapes, brawls, ""cultural"" crimes: the criminal immigration that scares Italy",low,appeal_authority,3,69,expert,1,"Yes, I think that the statement by the Italian counselor De Corato ""Almost all of the migrants who commit crimes have a record""."
12,Response,migration,"Rapes, brawls, ""cultural"" crimes: the criminal immigration that scares Italy",low,appeal_authority,3,69,expert,0,What led you to that decision? 
12,Context,migration,"Rapes, brawls, ""cultural"" crimes: the criminal immigration that scares Italy",low,appeal_authority,3,69,expert,1,Riccardo De Corato is a public servant and an important person. 
12,Response,migration,"Rapes, brawls, ""cultural"" crimes: the criminal immigration that scares Italy",low,appeal_authority,3,69,expert,0,"Yes, but can’t we trust the words of a public figure?"
12,Context,migration,"Rapes, brawls, ""cultural"" crimes: the criminal immigration that scares Italy",low,appeal_authority,3,69,expert,1,"Yes, it is potentially trustworthy."
12,Response,migration,"Rapes, brawls, ""cultural"" crimes: the criminal immigration that scares Italy",low,appeal_authority,3,69,expert,0,"So, why do you suggest that this could be the case of an Appeal to Authority fallacy?"
12,Context,migration,"Rapes, brawls, ""cultural"" crimes: the criminal immigration that scares Italy",low,appeal_authority,3,69,expert,1,"There is no evidence provided about the counselor’s statement, and without any cited sources."
12,Response,migration,"Rapes, brawls, ""cultural"" crimes: the criminal immigration that scares Italy",low,appeal_authority,3,69,expert,0,"Brilliant! So, the statement can be called into question."
12,Context,migration,"Rapes, brawls, ""cultural"" crimes: the criminal immigration that scares Italy",low,appeal_authority,3,69,expert,1,Yes.
12,Response,migration,"Rapes, brawls, ""cultural"" crimes: the criminal immigration that scares Italy",low,appeal_authority,4,70,expert,0,Are there any alternative viewpoints? 
12,Context,migration,"Rapes, brawls, ""cultural"" crimes: the criminal immigration that scares Italy",low,appeal_authority,4,70,expert,1,"Perhaps, no."
12,Response,migration,"Rapes, brawls, ""cultural"" crimes: the criminal immigration that scares Italy",low,appeal_authority,4,70,expert,0,"What about claiming that despite the unverified reliability of statement, the problem remains critical, and the issue is serious if “almost all of the migrants who commit crimes have a record”."
12,Context,migration,"Rapes, brawls, ""cultural"" crimes: the criminal immigration that scares Italy",low,appeal_authority,4,70,expert,1,Yes.
12,Response,migration,"Rapes, brawls, ""cultural"" crimes: the criminal immigration that scares Italy",low,appeal_authority,4,70,expert,0,"So, what is the reason to doubt the validity of the statement?"
12,Context,migration,"Rapes, brawls, ""cultural"" crimes: the criminal immigration that scares Italy",low,appeal_authority,4,70,expert,1,It sounds too generic and absolute. 
12,Response,migration,"Rapes, brawls, ""cultural"" crimes: the criminal immigration that scares Italy",low,appeal_authority,4,70,expert,0,"The phrase is indeed a generalization, as it makes a broad statement about immigrants, or at least implies that ""almost all"" of the immigrants have a certain status."
12,Context,migration,"Rapes, brawls, ""cultural"" crimes: the criminal immigration that scares Italy",low,appeal_authority,4,70,expert,1,That’s helpful  
12,Response,migration,"Rapes, brawls, ""cultural"" crimes: the criminal immigration that scares Italy",low,appeal_authority,4,70,expert,0,"Drawing a broad conclusion based on limited or insufficient evidence can result in another logical fallacy, known as Hasty Generalization."
12,Context,migration,"Rapes, brawls, ""cultural"" crimes: the criminal immigration that scares Italy",low,appeal_authority,4,70,expert,1,Could you please explain further?  
12,Response,migration,"Rapes, brawls, ""cultural"" crimes: the criminal immigration that scares Italy",low,appeal_authority,4,70,expert,0,"A Hasty Generalization occurs when conclusions are drawn about an entire group or category based on insufficient or limited evidence, often relying on stereotypes."
12,Context,migration,"Rapes, brawls, ""cultural"" crimes: the criminal immigration that scares Italy",low,appeal_authority,4,70,expert,1,Can you provide an example? 
12,Response,migration,"Rapes, brawls, ""cultural"" crimes: the criminal immigration that scares Italy",low,appeal_authority,4,70,expert,0,Consider the claim that “A group of teenagers sabotaged the exhibition. There is no doubt that teenagers are reckless and vicious”. 
12,Context,migration,"Rapes, brawls, ""cultural"" crimes: the criminal immigration that scares Italy",low,appeal_authority,4,70,expert,1,That’s informative.  
12,Response,migration,"Rapes, brawls, ""cultural"" crimes: the criminal immigration that scares Italy",low,appeal_authority,4,70,expert,0,"So, do you think that statement is also subject to a Hasty Generalization fallacy?"
12,Context,migration,"Rapes, brawls, ""cultural"" crimes: the criminal immigration that scares Italy",low,appeal_authority,4,70,expert,1,Yes.
12,Response,migration,"Rapes, brawls, ""cultural"" crimes: the criminal immigration that scares Italy",low,appeal_authority,5,71,expert,0,Are there any consequences of accepting statement?  
12,Context,migration,"Rapes, brawls, ""cultural"" crimes: the criminal immigration that scares Italy",low,appeal_authority,5,71,expert,1,I don’t think there are any serious implications.
12,Response,migration,"Rapes, brawls, ""cultural"" crimes: the criminal immigration that scares Italy",low,appeal_authority,5,71,expert,0,"Yes, but don't you think that paragraph might create an additional anxiety among the readers and promote prejudice against immigrants?"
12,Context,migration,"Rapes, brawls, ""cultural"" crimes: the criminal immigration that scares Italy",low,appeal_authority,5,71,expert,1,"Certainly, yes."
12,Response,migration,"Rapes, brawls, ""cultural"" crimes: the criminal immigration that scares Italy",low,appeal_authority,5,71,expert,0,Is there also the possibility of downplaying the complex situation about immigration in Italy and delay a humanitarian and reasonable solution on this serious issue?
12,Context,migration,"Rapes, brawls, ""cultural"" crimes: the criminal immigration that scares Italy",low,appeal_authority,5,71,expert,1,"Yes, that’s the most serious implication."
12,Response,migration,"Rapes, brawls, ""cultural"" crimes: the criminal immigration that scares Italy",low,appeal_authority,5,71,expert,0,"Could a fallacious claim, which relies on Hasty Generalization and Appeals to Authority, cause unnecessary fear in the reader?"
12,Context,migration,"Rapes, brawls, ""cultural"" crimes: the criminal immigration that scares Italy",low,appeal_authority,5,71,expert,1,"Yes, of course."
12,Response,migration,"Rapes, brawls, ""cultural"" crimes: the criminal immigration that scares Italy",low,appeal_authority,5,71,expert,0,Would you like to learn more about the implications and consequences of disinformation? 
12,Context,migration,"Rapes, brawls, ""cultural"" crimes: the criminal immigration that scares Italy",low,appeal_authority,5,71,expert,1,No.
12,Response,migration,"Rapes, brawls, ""cultural"" crimes: the criminal immigration that scares Italy",low,appeal_authority,6,72,expert,0,Was it appropriate to check the article for the Appeal to Authority fallacy? 
12,Context,migration,"Rapes, brawls, ""cultural"" crimes: the criminal immigration that scares Italy",low,appeal_authority,6,72,expert,1,Yes.   
12,Response,migration,"Rapes, brawls, ""cultural"" crimes: the criminal immigration that scares Italy",low,appeal_authority,6,72,expert,0,"Do you agree that a claim which relies on unsupported authority and broad generalizations, is not only invalid but also carries potential negative consequences?"
12,Context,migration,"Rapes, brawls, ""cultural"" crimes: the criminal immigration that scares Italy",low,appeal_authority,6,72,expert,1,"Yes, indeed."
12,Response,migration,"Rapes, brawls, ""cultural"" crimes: the criminal immigration that scares Italy",low,appeal_authority,6,72,expert,0,"So, considering the Appeal to Authority fallacy, the claim should be doubted, and the article is in question."
12,Context,migration,"Rapes, brawls, ""cultural"" crimes: the criminal immigration that scares Italy",low,appeal_authority,6,72,expert,1,Certainly.  
12,Response,migration,"Rapes, brawls, ""cultural"" crimes: the criminal immigration that scares Italy",low,appeal_authority,6,72,expert,0,"We can also assert that the argument is not valid, as far as the evidence provided is not sufficient to support the claim."
12,Context,migration,"Rapes, brawls, ""cultural"" crimes: the criminal immigration that scares Italy",low,appeal_authority,6,72,expert,1,Definitely.  
12,Response,migration,"Rapes, brawls, ""cultural"" crimes: the criminal immigration that scares Italy",low,appeal_authority,6,72,expert,0,What would be a recommended course of action once an Appeal to Authority fallacy has been identified? 
12,Context,migration,"Rapes, brawls, ""cultural"" crimes: the criminal immigration that scares Italy",low,appeal_authority,6,72,expert,1,I am not sure.  
12,Response,migration,"Rapes, brawls, ""cultural"" crimes: the criminal immigration that scares Italy",low,appeal_authority,6,72,expert,0,"I would suggest examining the validity of statement, by cross-checking the information provided, to find reliable evidence and unbiased sources."
12,Context,migration,"Rapes, brawls, ""cultural"" crimes: the criminal immigration that scares Italy",low,appeal_authority,6,72,expert,1,That’s a good suggestion.
12,Response,migration,"Rapes, brawls, ""cultural"" crimes: the criminal immigration that scares Italy",low,appeal_authority,6,72,expert,0,Would you recommend any additional evaluation of the article?   
12,Context,migration,"Rapes, brawls, ""cultural"" crimes: the criminal immigration that scares Italy",low,appeal_authority,6,72,expert,1,"Perhaps, the article should be checked for more logical fallacies."
12,Response,migration,"Rapes, brawls, ""cultural"" crimes: the criminal immigration that scares Italy",low,appeal_authority,6,72,expert,0,Would you like further assistance? 
12,Context,migration,"Rapes, brawls, ""cultural"" crimes: the criminal immigration that scares Italy",low,appeal_authority,6,72,expert,1,No.
12,Response,migration,"Rapes, brawls, ""cultural"" crimes: the criminal immigration that scares Italy",low,appeal_authority,6,72,expert,0,Thank you for using TITAN!  
13,Context,migration,"Bologna, 23-year-old girl in alcoholic coma. Pakistani immigrant rapes her in hospital",intermediate,hate_speech,1,73,expert,1,I came across this article and felt the need to discuss it.
13,Response,migration,"Bologna, 23-year-old girl in alcoholic coma. Pakistani immigrant rapes her in hospital",intermediate,hate_speech,1,73,expert,0,"Great, let’s take a closer look together then! What made you choose this particular article in the first place?"
13,Context,migration,"Bologna, 23-year-old girl in alcoholic coma. Pakistani immigrant rapes her in hospital",intermediate,hate_speech,1,73,expert,1,I found this news disturbing and shocking but also and the language used by the author very emotional.
13,Response,migration,"Bologna, 23-year-old girl in alcoholic coma. Pakistani immigrant rapes her in hospital",intermediate,hate_speech,1,73,expert,0,Very well. Are you able to identify the main claim of the article? What does the article discuss? 
13,Context,migration,"Bologna, 23-year-old girl in alcoholic coma. Pakistani immigrant rapes her in hospital",intermediate,hate_speech,1,73,expert,1,The article discusses the rape of an Italian girl by a Pakistani in a hospital in Bologna. It points out the danger posed by these individuals and the inability of the state to act accordingly.
13,Response,migration,"Bologna, 23-year-old girl in alcoholic coma. Pakistani immigrant rapes her in hospital",intermediate,hate_speech,1,73,expert,0,That’s very interesting! Are you well-acquainted with the topic of the article or is it something relatively new to you?
13,Context,migration,"Bologna, 23-year-old girl in alcoholic coma. Pakistani immigrant rapes her in hospital",intermediate,hate_speech,1,73,expert,1,"Neither, but I’ve read similar things in the past"
13,Response,migration,"Bologna, 23-year-old girl in alcoholic coma. Pakistani immigrant rapes her in hospital",intermediate,hate_speech,1,73,expert,0,Were you able to identify anything unusual about the article then? Can you tell me what is troubling you?
13,Context,migration,"Bologna, 23-year-old girl in alcoholic coma. Pakistani immigrant rapes her in hospital",intermediate,hate_speech,1,73,expert,1,I realized that in certain parts the language used by the author made me feel uncomfortable.
13,Response,migration,"Bologna, 23-year-old girl in alcoholic coma. Pakistani immigrant rapes her in hospital",intermediate,hate_speech,1,73,expert,0,Can you provide me with an example from the text?
13,Context,migration,"Bologna, 23-year-old girl in alcoholic coma. Pakistani immigrant rapes her in hospital",intermediate,hate_speech,1,73,expert,1,Some words/phrases like “PD-branded scum” or the fact that the “good-natured lady” who helped the Pakistani should be denounced as complicit.
13,Response,migration,"Bologna, 23-year-old girl in alcoholic coma. Pakistani immigrant rapes her in hospital",intermediate,hate_speech,1,73,expert,0,Are you aware that texts/articles are capable of provoking emotions and feelings (sometimes even on purpose)?
13,Context,migration,"Bologna, 23-year-old girl in alcoholic coma. Pakistani immigrant rapes her in hospital",intermediate,hate_speech,1,73,expert,1,"Yes, I am well aware."
13,Response,migration,"Bologna, 23-year-old girl in alcoholic coma. Pakistani immigrant rapes her in hospital",intermediate,hate_speech,2,74,expert,0,"So, being aware of the fact that, sometimes, an article isn’t purely descriptive and its purpose informative, would you say that this particular text aspires to achieve something more aside from providing us with information regarding a fact/event?"
13,Context,migration,"Bologna, 23-year-old girl in alcoholic coma. Pakistani immigrant rapes her in hospital",intermediate,hate_speech,2,74,expert,1,Yes
13,Response,migration,"Bologna, 23-year-old girl in alcoholic coma. Pakistani immigrant rapes her in hospital",intermediate,hate_speech,2,74,expert,0,What makes you think that?
13,Context,migration,"Bologna, 23-year-old girl in alcoholic coma. Pakistani immigrant rapes her in hospital",intermediate,hate_speech,2,74,expert,1,"Aside from recounting the story, I feel that the author is trying to alert people on the dangers posed by illegal immigrants, as well as the inadequacy of the government."
13,Response,migration,"Bologna, 23-year-old girl in alcoholic coma. Pakistani immigrant rapes her in hospital",intermediate,hate_speech,2,74,expert,0,And how do you think that the author achieves that? Can you give me any example(s)?
13,Context,migration,"Bologna, 23-year-old girl in alcoholic coma. Pakistani immigrant rapes her in hospital",intermediate,hate_speech,2,74,expert,1,"The use of strong language is clear throughout the text. The author uses words like “scum”, “free to go and rape another Italian girl”, “shitty state”, etc."
13,Response,migration,"Bologna, 23-year-old girl in alcoholic coma. Pakistani immigrant rapes her in hospital",intermediate,hate_speech,2,74,expert,0,The use of strong and/or emotional language usually results to more evident -if not more biased- claims. Do you think that the claims made by the author in this article can be considered well founded?
13,Context,migration,"Bologna, 23-year-old girl in alcoholic coma. Pakistani immigrant rapes her in hospital",intermediate,hate_speech,2,74,expert,1,"I am not so sure. Some claims do not appear to be well founded, but maybe for a good reason? The abuse of an unconscious 23-old girl is a very serious thing."
13,Response,migration,"Bologna, 23-year-old girl in alcoholic coma. Pakistani immigrant rapes her in hospital",intermediate,hate_speech,2,74,expert,0,Do you think you are able to provide me with an example of a biased claim then? Can you find any in the text?
13,Context,migration,"Bologna, 23-year-old girl in alcoholic coma. Pakistani immigrant rapes her in hospital",intermediate,hate_speech,2,74,expert,1,"Yes. The author claims for no apparent reason that the woman who brought the Pakistani to the hospital and the “goodists in the government” are complicit to the rape. Also, he appears to think that hospitals are “hotels for illegal immigrants” and Italian politicians criminals because they charged the Pakistani with sexual assault but let him “free to go and rape another Italian girl”."
13,Response,migration,"Bologna, 23-year-old girl in alcoholic coma. Pakistani immigrant rapes her in hospital",intermediate,hate_speech,2,74,expert,0,"Keeping in mind that, sometimes, the use of strong and/or provocative language can be a product of hate speech, are you, by any chance, able to identify anything offensive about the claims and assumptions being made in this article?"
13,Context,migration,"Bologna, 23-year-old girl in alcoholic coma. Pakistani immigrant rapes her in hospital",intermediate,hate_speech,2,74,expert,1,Yes.
13,Response,migration,"Bologna, 23-year-old girl in alcoholic coma. Pakistani immigrant rapes her in hospital",intermediate,hate_speech,2,74,expert,0,"Hate speech, unlike other forms of offensive speech/writing, is usually based on prejudices regarding ethnicity, race, sex, sexual orientation or even religion. Do you feel that it’s possible any of the assumptions made might have any of the aforementioned characteristics?"
13,Context,migration,"Bologna, 23-year-old girl in alcoholic coma. Pakistani immigrant rapes her in hospital",intermediate,hate_speech,2,74,expert,1,Yes.
13,Response,migration,"Bologna, 23-year-old girl in alcoholic coma. Pakistani immigrant rapes her in hospital",intermediate,hate_speech,3,75,expert,0,And why do you think the author makes these assumptions (if any)? Can you think of any particular reason?
13,Context,migration,"Bologna, 23-year-old girl in alcoholic coma. Pakistani immigrant rapes her in hospital",intermediate,hate_speech,3,75,expert,1,I don’t know. Maybe he wants to convince us that these people are dangerous and warn us of the danger they pose.
13,Response,migration,"Bologna, 23-year-old girl in alcoholic coma. Pakistani immigrant rapes her in hospital",intermediate,hate_speech,3,75,expert,0,Do you feel that these assumptions are sufficiently justified based on the evidence offered by the author?
13,Context,migration,"Bologna, 23-year-old girl in alcoholic coma. Pakistani immigrant rapes her in hospital",intermediate,hate_speech,3,75,expert,1,"I am not sure. Some of the statements and assumptions seem irrelevant to the story but, on the other hand, a girl was raped by an illegal immigrant."
13,Response,migration,"Bologna, 23-year-old girl in alcoholic coma. Pakistani immigrant rapes her in hospital",intermediate,hate_speech,3,75,expert,0,"Sometimes, even if the author provides us with valid information regarding a fact/event, his/her claims and assumptions might still be offensive or a product of disinformation. Can you find enough evidence in the text supporting the weaker claims made by its author?"
13,Context,migration,"Bologna, 23-year-old girl in alcoholic coma. Pakistani immigrant rapes her in hospital",intermediate,hate_speech,3,75,expert,1,No.
13,Response,migration,"Bologna, 23-year-old girl in alcoholic coma. Pakistani immigrant rapes her in hospital",intermediate,hate_speech,3,75,expert,0,Do you think that you are somehow able to validate these claims yourself?
13,Context,migration,"Bologna, 23-year-old girl in alcoholic coma. Pakistani immigrant rapes her in hospital",intermediate,hate_speech,3,75,expert,1,"No, I don’t believe I can. I have to admit that most of the claims made by the author are difficult to validate."
13,Response,migration,"Bologna, 23-year-old girl in alcoholic coma. Pakistani immigrant rapes her in hospital",intermediate,hate_speech,3,75,expert,0,Then do you believe that any of these claims might be identified as the result of hate speech as we previously discussed?
13,Context,migration,"Bologna, 23-year-old girl in alcoholic coma. Pakistani immigrant rapes her in hospital",intermediate,hate_speech,3,75,expert,1,Yes definitely.   
13,Response,migration,"Bologna, 23-year-old girl in alcoholic coma. Pakistani immigrant rapes her in hospital",intermediate,hate_speech,3,75,expert,0,Articles naturally tend to reflect the ideas and beliefs of the author. What is important though is the ability to distinguish between the personal opinion/beliefs of the author and the facts/events that are discussed in the text. Do you think you are in a position to do so?  
13,Context,migration,"Bologna, 23-year-old girl in alcoholic coma. Pakistani immigrant rapes her in hospital",intermediate,hate_speech,3,75,expert,1,Yes.
13,Response,migration,"Bologna, 23-year-old girl in alcoholic coma. Pakistani immigrant rapes her in hospital",intermediate,hate_speech,4,76,expert,0,"Regardless of the appeal an explanation might have, it is always important to think/ search for alternative viewpoints/opinions. Are you, by any chance, able to think of an alternative way(s) of approaching the subject in question?"
13,Context,migration,"Bologna, 23-year-old girl in alcoholic coma. Pakistani immigrant rapes her in hospital",intermediate,hate_speech,4,76,expert,1,Yes.
13,Response,migration,"Bologna, 23-year-old girl in alcoholic coma. Pakistani immigrant rapes her in hospital",intermediate,hate_speech,4,76,expert,0,Can you try giving me an example?
13,Context,migration,"Bologna, 23-year-old girl in alcoholic coma. Pakistani immigrant rapes her in hospital",intermediate,hate_speech,4,76,expert,1,"Since the evidence offered regarding some of the claims made by the author is lacking, I think that the rape of the girl can be perceived as a violent incident triggered by something other than the ethnic identity of the perpetrator or the responsibility of the “goodists”."
13,Response,migration,"Bologna, 23-year-old girl in alcoholic coma. Pakistani immigrant rapes her in hospital",intermediate,hate_speech,4,76,expert,0,"Naturally an event might be interpreted in many different ways. Therefore, ideally, we always have to carefully assess the individual strengths and weaknesses of every possible explanation. At this point, do you believe that perhaps an alternative explanation of the events is more plausible than the one offered by the author?"
13,Context,migration,"Bologna, 23-year-old girl in alcoholic coma. Pakistani immigrant rapes her in hospital",intermediate,hate_speech,4,76,expert,1,"Yes, probably."
13,Response,migration,"Bologna, 23-year-old girl in alcoholic coma. Pakistani immigrant rapes her in hospital",intermediate,hate_speech,5,77,expert,0,"So, after carefully considering the assumptions made by the author, can you think of any consequences that this article might have to a potential reader?"
13,Context,migration,"Bologna, 23-year-old girl in alcoholic coma. Pakistani immigrant rapes her in hospital",intermediate,hate_speech,5,77,expert,1,"Yes. I think that the article is likely to provoke negative feelings towards immigrants, especially Pakistanis."
13,Response,migration,"Bologna, 23-year-old girl in alcoholic coma. Pakistani immigrant rapes her in hospital",intermediate,hate_speech,5,77,expert,0,Do you believe that the assumptions/claims of the article are consistent with your own personal experience on the subject (if any)?
13,Context,migration,"Bologna, 23-year-old girl in alcoholic coma. Pakistani immigrant rapes her in hospital",intermediate,hate_speech,5,77,expert,1,"Honestly, I don’t believe they are."
13,Response,migration,"Bologna, 23-year-old girl in alcoholic coma. Pakistani immigrant rapes her in hospital",intermediate,hate_speech,5,77,expert,0,What would you say that the most important characteristic of the article is then? How would you describe it?
13,Context,migration,"Bologna, 23-year-old girl in alcoholic coma. Pakistani immigrant rapes her in hospital",intermediate,hate_speech,5,77,expert,1,"I feel that the article is not simply trying to inform us of a certain event, but also to cultivate distrust against migrants and the authorities."
13,Response,migration,"Bologna, 23-year-old girl in alcoholic coma. Pakistani immigrant rapes her in hospital",intermediate,hate_speech,6,78,expert,0,"After this short discussion, how do you feel about this article?"
13,Context,migration,"Bologna, 23-year-old girl in alcoholic coma. Pakistani immigrant rapes her in hospital",intermediate,hate_speech,6,78,expert,1,"Keeping in mind the gravity of what transpired, I am reluctant towards the motives and assumptions of the author."
13,Response,migration,"Bologna, 23-year-old girl in alcoholic coma. Pakistani immigrant rapes her in hospital",intermediate,hate_speech,6,78,expert,0,Do you feel that you’ve grasped the reasoning of the author? Are you able to form an alternative argument?
13,Context,migration,"Bologna, 23-year-old girl in alcoholic coma. Pakistani immigrant rapes her in hospital",intermediate,hate_speech,6,78,expert,1,Yes I think I can.
13,Response,migration,"Bologna, 23-year-old girl in alcoholic coma. Pakistani immigrant rapes her in hospital",intermediate,hate_speech,6,78,expert,0,"Is there anything you would ideally change regarding the approach of the author? If yes, can you tell me what?"
13,Context,migration,"Bologna, 23-year-old girl in alcoholic coma. Pakistani immigrant rapes her in hospital",intermediate,hate_speech,6,78,expert,1,"Yes, I believe that I would never accuse the woman or the government for complicity since there was hardly any involvement on their part, and also I would avoid using the identity of the perpetrator as an excuse to demonize immigrants in general."
13,Response,migration,"Bologna, 23-year-old girl in alcoholic coma. Pakistani immigrant rapes her in hospital",intermediate,hate_speech,6,78,expert,0,And what do you think of our discussion? Did you find it helpful?
13,Context,migration,"Bologna, 23-year-old girl in alcoholic coma. Pakistani immigrant rapes her in hospital",intermediate,hate_speech,6,78,expert,1,Yes.
13,Response,migration,"Bologna, 23-year-old girl in alcoholic coma. Pakistani immigrant rapes her in hospital",intermediate,hate_speech,6,78,expert,0,Is there anything more you would like to discuss with me?
13,Context,migration,"Bologna, 23-year-old girl in alcoholic coma. Pakistani immigrant rapes her in hospital",intermediate,hate_speech,6,78,expert,1,"No, thank you"
13,Response,migration,"Bologna, 23-year-old girl in alcoholic coma. Pakistani immigrant rapes her in hospital",intermediate,hate_speech,6,78,expert,0,Thank you for using TITAN!  
14,Context,migration,"Bologna, 23-year-old girl in alcoholic coma. Pakistani immigrant rapes her in hospital",beginner,implicit_assumption,1,79,expert,1,"Hi, I want to talk about this article."
14,Response,migration,"Bologna, 23-year-old girl in alcoholic coma. Pakistani immigrant rapes her in hospital",beginner,implicit_assumption,1,79,expert,0,Great! And what do you want to discuss exactly?  
14,Context,migration,"Bologna, 23-year-old girl in alcoholic coma. Pakistani immigrant rapes her in hospital",beginner,implicit_assumption,1,79,expert,1,I don’t really know. I was disturbed when I first read this and I felt the need to discuss it with someone.
14,Response,migration,"Bologna, 23-year-old girl in alcoholic coma. Pakistani immigrant rapes her in hospital",beginner,implicit_assumption,1,79,expert,0,Very well. Can you tell me in a few words the topic of the article then?
14,Context,migration,"Bologna, 23-year-old girl in alcoholic coma. Pakistani immigrant rapes her in hospital",beginner,implicit_assumption,1,79,expert,1,"Yes, it is about a 23-year old girl that was raped by a Pakistani in Bologna."
14,Response,migration,"Bologna, 23-year-old girl in alcoholic coma. Pakistani immigrant rapes her in hospital",beginner,implicit_assumption,1,79,expert,0,And are you familiar with the topic yourself? Did you have any prior knowledge of what is discussed?
14,Context,migration,"Bologna, 23-year-old girl in alcoholic coma. Pakistani immigrant rapes her in hospital",beginner,implicit_assumption,1,79,expert,1,"No, I just read about it this morning."
14,Response,migration,"Bologna, 23-year-old girl in alcoholic coma. Pakistani immigrant rapes her in hospital",beginner,implicit_assumption,1,79,expert,0,How would you describe your first reaction after reading this article? 
14,Context,migration,"Bologna, 23-year-old girl in alcoholic coma. Pakistani immigrant rapes her in hospital",beginner,implicit_assumption,1,79,expert,1,I was shocked and angry.
14,Response,migration,"Bologna, 23-year-old girl in alcoholic coma. Pakistani immigrant rapes her in hospital",beginner,implicit_assumption,1,79,expert,0,And what do you think made you to react this way? 
14,Context,migration,"Bologna, 23-year-old girl in alcoholic coma. Pakistani immigrant rapes her in hospital",beginner,implicit_assumption,1,79,expert,1,Obviously the news of the rape.
14,Response,migration,"Bologna, 23-year-old girl in alcoholic coma. Pakistani immigrant rapes her in hospital",beginner,implicit_assumption,2,80,expert,0,"Texts/articles are capable of provoking strong emotions and feelings, sometimes even on purpose. Do you think that your reaction might have been also influenced in any way by the writing style or beliefs of the author?"
14,Context,migration,"Bologna, 23-year-old girl in alcoholic coma. Pakistani immigrant rapes her in hospital",beginner,implicit_assumption,2,80,expert,1,No I don’t think so.
14,Response,migration,"Bologna, 23-year-old girl in alcoholic coma. Pakistani immigrant rapes her in hospital",beginner,implicit_assumption,2,80,expert,0,The easiest way to proceed with our discussion is to try and identify any potential claims made by the author. Do you think you can find any?
14,Context,migration,"Bologna, 23-year-old girl in alcoholic coma. Pakistani immigrant rapes her in hospital",beginner,implicit_assumption,2,80,expert,1,Yes.
14,Response,migration,"Bologna, 23-year-old girl in alcoholic coma. Pakistani immigrant rapes her in hospital",beginner,implicit_assumption,2,80,expert,0,Can you give me an example?
14,Context,migration,"Bologna, 23-year-old girl in alcoholic coma. Pakistani immigrant rapes her in hospital",beginner,implicit_assumption,2,80,expert,1,"He mentions at the end that “here they are, the resources so extolled by the champions of welcome”."
14,Response,migration,"Bologna, 23-year-old girl in alcoholic coma. Pakistani immigrant rapes her in hospital",beginner,implicit_assumption,2,80,expert,0,"Sometimes, even if an article appears to be mainly descriptive and/or informative, we might be able to discern traces of the author's beliefs and/or opinion. Do you think you can tell me where does the author stand regarding the subject in question? Do you think you can you identify anything in the text that might alert us of his/her position?"
14,Context,migration,"Bologna, 23-year-old girl in alcoholic coma. Pakistani immigrant rapes her in hospital",beginner,implicit_assumption,2,80,expert,1,Yes. He obviously believes that this was “another horrific case of violence against women perpetrated by non-EU nationals” 
14,Response,migration,"Bologna, 23-year-old girl in alcoholic coma. Pakistani immigrant rapes her in hospital",beginner,implicit_assumption,2,80,expert,0,"Very well, let’s keep that in mind. How would you describe the language used by the author in this particular text? Is it by any chance emotional, strong or provocative?"
14,Context,migration,"Bologna, 23-year-old girl in alcoholic coma. Pakistani immigrant rapes her in hospital",beginner,implicit_assumption,2,80,expert,1,I wouldn’t say so. Maybe a little bit emotional? I am not sure. 
14,Response,migration,"Bologna, 23-year-old girl in alcoholic coma. Pakistani immigrant rapes her in hospital",beginner,implicit_assumption,3,81,expert,0,"Different types of claims can be made regarding facts, opinions, events, etc. Some are easier to verify than others. Let’s try validating a claim from the text. Do you think you can pick one?"
14,Context,migration,"Bologna, 23-year-old girl in alcoholic coma. Pakistani immigrant rapes her in hospital",beginner,implicit_assumption,3,81,expert,1,Yes this one: “This is yet another case of violence against women perpetrated by non-EU nationals in the Emilia capital”
14,Response,migration,"Bologna, 23-year-old girl in alcoholic coma. Pakistani immigrant rapes her in hospital",beginner,implicit_assumption,3,81,expert,0,Does the author provide us with enough evidence in support of this claim?
14,Context,migration,"Bologna, 23-year-old girl in alcoholic coma. Pakistani immigrant rapes her in hospital",beginner,implicit_assumption,3,81,expert,1,"Yes, he provides us with two more examples."
14,Response,migration,"Bologna, 23-year-old girl in alcoholic coma. Pakistani immigrant rapes her in hospital",beginner,implicit_assumption,3,81,expert,0,Are you in a position to verify this claim yourself?
14,Context,migration,"Bologna, 23-year-old girl in alcoholic coma. Pakistani immigrant rapes her in hospital",beginner,implicit_assumption,3,81,expert,1,No.
14,Response,migration,"Bologna, 23-year-old girl in alcoholic coma. Pakistani immigrant rapes her in hospital",beginner,implicit_assumption,3,81,expert,0,Do you believe that the author might be trying to imply something by his/her claims?
14,Context,migration,"Bologna, 23-year-old girl in alcoholic coma. Pakistani immigrant rapes her in hospital",beginner,implicit_assumption,3,81,expert,1,I am not sure.
14,Response,migration,"Bologna, 23-year-old girl in alcoholic coma. Pakistani immigrant rapes her in hospital",beginner,implicit_assumption,3,81,expert,0,Very well. Let’s now think of any potential assumptions that may accompany this claim. Can you think of any?
14,Context,migration,"Bologna, 23-year-old girl in alcoholic coma. Pakistani immigrant rapes her in hospital",beginner,implicit_assumption,3,81,expert,1,The only thing I can think of is that the author is assuming that this was not an isolated incident. 
14,Response,migration,"Bologna, 23-year-old girl in alcoholic coma. Pakistani immigrant rapes her in hospital",beginner,implicit_assumption,3,81,expert,0,"Sometimes, the assumptions accompanying a claim might not be so apparent. Are you aware that implicit assumptions are a potential and quite common disinformation signal?"
14,Context,migration,"Bologna, 23-year-old girl in alcoholic coma. Pakistani immigrant rapes her in hospital",beginner,implicit_assumption,3,81,expert,1,"No, I didn’t know."
14,Response,migration,"Bologna, 23-year-old girl in alcoholic coma. Pakistani immigrant rapes her in hospital",beginner,implicit_assumption,3,81,expert,0,"We always have to be mindful of any potential implicit assumptions made in a text, especially if we are not presented with an alternative line of reasoning. Does, by any chance, the author provide us with an alternative explanation of the events?"
14,Context,migration,"Bologna, 23-year-old girl in alcoholic coma. Pakistani immigrant rapes her in hospital",beginner,implicit_assumption,3,81,expert,1,No.
14,Response,migration,"Bologna, 23-year-old girl in alcoholic coma. Pakistani immigrant rapes her in hospital",beginner,implicit_assumption,4,82,expert,0,It is always important to think of alternative viewpoints/opinions. Do you believe that there might be an alternative way of approaching this particular subject?
14,Context,migration,"Bologna, 23-year-old girl in alcoholic coma. Pakistani immigrant rapes her in hospital",beginner,implicit_assumption,4,82,expert,1,No I don’t think so
14,Response,migration,"Bologna, 23-year-old girl in alcoholic coma. Pakistani immigrant rapes her in hospital",beginner,implicit_assumption,4,82,expert,0,Why do you think that? 
14,Context,migration,"Bologna, 23-year-old girl in alcoholic coma. Pakistani immigrant rapes her in hospital",beginner,implicit_assumption,4,82,expert,1,I don’t see how the rape of three different girls by non-EU perpetrators can be a coincidence. 
14,Response,migration,"Bologna, 23-year-old girl in alcoholic coma. Pakistani immigrant rapes her in hospital",beginner,implicit_assumption,4,82,expert,0,"Sometimes alternative viewpoints, especially if they are not shared, might be difficult to imagine due to the lack of information/evidence. Can you think of anything outside the text that might present you with an alternative line of reasoning?"
14,Context,migration,"Bologna, 23-year-old girl in alcoholic coma. Pakistani immigrant rapes her in hospital",beginner,implicit_assumption,4,82,expert,1,No.
14,Response,migration,"Bologna, 23-year-old girl in alcoholic coma. Pakistani immigrant rapes her in hospital",beginner,implicit_assumption,4,82,expert,0,Have you tried checking different sources other than this article in order to come across a different line of reasoning/opinion?
14,Context,migration,"Bologna, 23-year-old girl in alcoholic coma. Pakistani immigrant rapes her in hospital",beginner,implicit_assumption,4,82,expert,1,"No, maybe I should."
14,Response,migration,"Bologna, 23-year-old girl in alcoholic coma. Pakistani immigrant rapes her in hospital",beginner,implicit_assumption,5,83,expert,0,Different interpretations and assumptions might be responsible for shaping our beliefs and ideas. What do you think the author is trying to tell us through his/her claims?   
14,Context,migration,"Bologna, 23-year-old girl in alcoholic coma. Pakistani immigrant rapes her in hospital",beginner,implicit_assumption,5,83,expert,1,That non-EU nationals are potentially dangerous and that people should not welcome them.
14,Response,migration,"Bologna, 23-year-old girl in alcoholic coma. Pakistani immigrant rapes her in hospital",beginner,implicit_assumption,5,83,expert,0,"Does this claim look valid to you? Can you check, in any way, its validity?"
14,Context,migration,"Bologna, 23-year-old girl in alcoholic coma. Pakistani immigrant rapes her in hospital",beginner,implicit_assumption,5,83,expert,1,"No, I don’t think I can."
14,Response,migration,"Bologna, 23-year-old girl in alcoholic coma. Pakistani immigrant rapes her in hospital",beginner,implicit_assumption,5,83,expert,0,"Can you think of any potential consequences that this article might have on you, or on another potential reader?"
14,Context,migration,"Bologna, 23-year-old girl in alcoholic coma. Pakistani immigrant rapes her in hospital",beginner,implicit_assumption,5,83,expert,1,Yes. I think that the article is likely to provoke negative feelings towards non-EU nationals.
14,Response,migration,"Bologna, 23-year-old girl in alcoholic coma. Pakistani immigrant rapes her in hospital",beginner,implicit_assumption,5,83,expert,0,Do you believe that the assumptions/claims of the article are consistent with your own personal experience on the subject (if any)?
14,Context,migration,"Bologna, 23-year-old girl in alcoholic coma. Pakistani immigrant rapes her in hospital",beginner,implicit_assumption,5,83,expert,1,I don’t know.
14,Response,migration,"Bologna, 23-year-old girl in alcoholic coma. Pakistani immigrant rapes her in hospital",beginner,implicit_assumption,6,84,expert,0,"After this short discussion, what are your feelings towards this article?"
14,Context,migration,"Bologna, 23-year-old girl in alcoholic coma. Pakistani immigrant rapes her in hospital",beginner,implicit_assumption,6,84,expert,1,"I am not sure if anything is wrong with the article, but I believe that I have to be wary of any indirect assumptions made by the author, especially if I am not presented with an alternative viewpoint/opinion."
14,Response,migration,"Bologna, 23-year-old girl in alcoholic coma. Pakistani immigrant rapes her in hospital",beginner,implicit_assumption,6,84,expert,0,Do you feel you are in a position to better understand the claims and assumptions being made here?
14,Context,migration,"Bologna, 23-year-old girl in alcoholic coma. Pakistani immigrant rapes her in hospital",beginner,implicit_assumption,6,84,expert,1,Yes I am.
14,Response,migration,"Bologna, 23-year-old girl in alcoholic coma. Pakistani immigrant rapes her in hospital",beginner,implicit_assumption,6,84,expert,0,"So, did you find our discussion helpful?"
14,Context,migration,"Bologna, 23-year-old girl in alcoholic coma. Pakistani immigrant rapes her in hospital",beginner,implicit_assumption,6,84,expert,1,I think so.
14,Response,migration,"Bologna, 23-year-old girl in alcoholic coma. Pakistani immigrant rapes her in hospital",beginner,implicit_assumption,6,84,expert,0,Is there anything more you would like to discuss with me?
14,Context,migration,"Bologna, 23-year-old girl in alcoholic coma. Pakistani immigrant rapes her in hospital",beginner,implicit_assumption,6,84,expert,1,"No, thank you."
14,Response,migration,"Bologna, 23-year-old girl in alcoholic coma. Pakistani immigrant rapes her in hospital",beginner,implicit_assumption,6,84,expert,0,Thank you for using TITAN!  
15,Context,migration,"Bologna, 23-year-old girl in alcoholic coma. Pakistani immigrant rapes her in hospital",intermediate,implicit_assumption,1,85,expert,1,I want to discuss this article.
15,Response,migration,"Bologna, 23-year-old girl in alcoholic coma. Pakistani immigrant rapes her in hospital",intermediate,implicit_assumption,1,85,expert,0,Great! Why do you want to discuss this article in particular?
15,Context,migration,"Bologna, 23-year-old girl in alcoholic coma. Pakistani immigrant rapes her in hospital",intermediate,implicit_assumption,1,85,expert,1,I found it disturbing.
15,Response,migration,"Bologna, 23-year-old girl in alcoholic coma. Pakistani immigrant rapes her in hospital",intermediate,implicit_assumption,1,85,expert,0,Very well. What would you say that the subject of the article is then?
15,Context,migration,"Bologna, 23-year-old girl in alcoholic coma. Pakistani immigrant rapes her in hospital",intermediate,implicit_assumption,1,85,expert,1,The rape of an Italian girl by a Pakistani.
15,Response,migration,"Bologna, 23-year-old girl in alcoholic coma. Pakistani immigrant rapes her in hospital",intermediate,implicit_assumption,1,85,expert,0,Did you have any prior knowledge of the event/topic?
15,Context,migration,"Bologna, 23-year-old girl in alcoholic coma. Pakistani immigrant rapes her in hospital",intermediate,implicit_assumption,1,85,expert,1,No. 
15,Response,migration,"Bologna, 23-year-old girl in alcoholic coma. Pakistani immigrant rapes her in hospital",intermediate,implicit_assumption,1,85,expert,0,"And, were you able to identify anything unusual about the article?"
15,Context,migration,"Bologna, 23-year-old girl in alcoholic coma. Pakistani immigrant rapes her in hospital",intermediate,implicit_assumption,1,85,expert,1,"I am not sure yet, that’s what I want to discuss."
15,Response,migration,"Bologna, 23-year-old girl in alcoholic coma. Pakistani immigrant rapes her in hospital",intermediate,implicit_assumption,2,86,expert,0,Very well. Let’s proceed then by discussing the claims made by the author. Can you identify any?        
15,Context,migration,"Bologna, 23-year-old girl in alcoholic coma. Pakistani immigrant rapes her in hospital",intermediate,implicit_assumption,2,86,expert,1,Yes.
15,Response,migration,"Bologna, 23-year-old girl in alcoholic coma. Pakistani immigrant rapes her in hospital",intermediate,implicit_assumption,2,86,expert,0,Would you mind giving me an example from the text?
15,Context,migration,"Bologna, 23-year-old girl in alcoholic coma. Pakistani immigrant rapes her in hospital",intermediate,implicit_assumption,2,86,expert,1,"The author does not appear to be very fond of the “champions of welcome”, people sympathetic to non-EU nationals."
15,Response,migration,"Bologna, 23-year-old girl in alcoholic coma. Pakistani immigrant rapes her in hospital",intermediate,implicit_assumption,2,86,expert,0,Why would someone assume that [something is wrong with people sympathetic to non-EU nationals]?
15,Context,migration,"Bologna, 23-year-old girl in alcoholic coma. Pakistani immigrant rapes her in hospital",intermediate,implicit_assumption,2,86,expert,1,The author probably thinks that these people cannot see that non-EU nationals are dangerous.
15,Response,migration,"Bologna, 23-year-old girl in alcoholic coma. Pakistani immigrant rapes her in hospital",intermediate,implicit_assumption,2,86,expert,0,Are you in a position to counteract the arguments and assumption made in this article even if you feel that you are in agreement with the author?
15,Context,migration,"Bologna, 23-year-old girl in alcoholic coma. Pakistani immigrant rapes her in hospital",intermediate,implicit_assumption,2,86,expert,1,Yes I think I can.
15,Response,migration,"Bologna, 23-year-old girl in alcoholic coma. Pakistani immigrant rapes her in hospital",intermediate,implicit_assumption,2,86,expert,0,How would you describe this article? Would you say that its main purpose is informative?
15,Context,migration,"Bologna, 23-year-old girl in alcoholic coma. Pakistani immigrant rapes her in hospital",intermediate,implicit_assumption,2,86,expert,1,"Yes, I would say that it’s mostly informative, save from some parts."
15,Response,migration,"Bologna, 23-year-old girl in alcoholic coma. Pakistani immigrant rapes her in hospital",intermediate,implicit_assumption,2,86,expert,0,Did the language used by the author trouble you in any way?
15,Context,migration,"Bologna, 23-year-old girl in alcoholic coma. Pakistani immigrant rapes her in hospital",intermediate,implicit_assumption,2,86,expert,1,Not really.
15,Response,migration,"Bologna, 23-year-old girl in alcoholic coma. Pakistani immigrant rapes her in hospital",intermediate,implicit_assumption,3,87,expert,0,"If you were able identify the opinion of the author, can you tell me if it can be considered sufficiently justified based on the evidence offered in the text?"
15,Context,migration,"Bologna, 23-year-old girl in alcoholic coma. Pakistani immigrant rapes her in hospital",intermediate,implicit_assumption,3,87,expert,1,I am not sure.
15,Response,migration,"Bologna, 23-year-old girl in alcoholic coma. Pakistani immigrant rapes her in hospital",intermediate,implicit_assumption,3,87,expert,0,How so?
15,Context,migration,"Bologna, 23-year-old girl in alcoholic coma. Pakistani immigrant rapes her in hospital",intermediate,implicit_assumption,3,87,expert,1,"The author mentions some cases of violence against women perpetrated by non-EU nationals, but this does not necessarily mean that there’s something wrong with the people who welcome them."
15,Response,migration,"Bologna, 23-year-old girl in alcoholic coma. Pakistani immigrant rapes her in hospital",intermediate,implicit_assumption,3,87,expert,0,Implicit assumptions are sometimes made by authors in order to get their ideas across to their readers. They are also a potential and quite common disinformation signal since they are usually difficult to verify from the evidence offered in the text. Can think of any such assumptions being made here?
15,Context,migration,"Bologna, 23-year-old girl in alcoholic coma. Pakistani immigrant rapes her in hospital",intermediate,implicit_assumption,3,87,expert,1,Yes.  
15,Response,migration,"Bologna, 23-year-old girl in alcoholic coma. Pakistani immigrant rapes her in hospital",intermediate,implicit_assumption,3,87,expert,0,Can you give me an example of an implicit assumption (ideally from the text)?
15,Context,migration,"Bologna, 23-year-old girl in alcoholic coma. Pakistani immigrant rapes her in hospital",intermediate,implicit_assumption,3,87,expert,1,The author seems to be implying that acts of violence against women are usually perpetrated by non-EU nationals. At the same time he does not offer us any information regarding acts of violence perpetrated by EU nationals. As I already mentioned he also seems to imply that people who welcome migrants are generally in the wrong without any further argumentation.
15,Response,migration,"Bologna, 23-year-old girl in alcoholic coma. Pakistani immigrant rapes her in hospital",intermediate,implicit_assumption,3,87,expert,0,Very well! Why do you think the author makes these assumptions (if any)? Can you think of any particular reason?
15,Context,migration,"Bologna, 23-year-old girl in alcoholic coma. Pakistani immigrant rapes her in hospital",intermediate,implicit_assumption,3,87,expert,1,"Yes, clearly the author is not very fond of non-EU nationals. He seems to believe that they are responsible for acts of violence against women."
15,Response,migration,"Bologna, 23-year-old girl in alcoholic coma. Pakistani immigrant rapes her in hospital",intermediate,implicit_assumption,3,87,expert,0,"Sometimes, even if the author provides us with valid information, his claims and assumptions might imply things that are not easily supported by the evidence offered (if at all). Do you think that this might be the case here?"
15,Context,migration,"Bologna, 23-year-old girl in alcoholic coma. Pakistani immigrant rapes her in hospital",intermediate,implicit_assumption,3,87,expert,1,Yes.
15,Response,migration,"Bologna, 23-year-old girl in alcoholic coma. Pakistani immigrant rapes her in hospital",intermediate,implicit_assumption,4,88,expert,0,"Articles naturally tend to reflect the ideas and beliefs of the author. As a result, we sometimes have difficulty trying to think of an alternative viewpoint/opinion. Are you in a position to think of alternative ways of approaching the subject in question?"
15,Context,migration,"Bologna, 23-year-old girl in alcoholic coma. Pakistani immigrant rapes her in hospital",intermediate,implicit_assumption,4,88,expert,1,Yes I think I am.
15,Response,migration,"Bologna, 23-year-old girl in alcoholic coma. Pakistani immigrant rapes her in hospital",intermediate,implicit_assumption,4,88,expert,0,Are you aware that we always have to carefully assess the individual strengths and weaknesses of a possible alternative explanation?
15,Context,migration,"Bologna, 23-year-old girl in alcoholic coma. Pakistani immigrant rapes her in hospital",intermediate,implicit_assumption,4,88,expert,1,Yes.
15,Response,migration,"Bologna, 23-year-old girl in alcoholic coma. Pakistani immigrant rapes her in hospital",intermediate,implicit_assumption,4,88,expert,0,Do you think by this point that an alternative explanation of the events might be more plausible than the one offered by the author?
15,Context,migration,"Bologna, 23-year-old girl in alcoholic coma. Pakistani immigrant rapes her in hospital",intermediate,implicit_assumption,4,88,expert,1,Probably.
15,Response,migration,"Bologna, 23-year-old girl in alcoholic coma. Pakistani immigrant rapes her in hospital",intermediate,implicit_assumption,5,89,expert,0,"After carefully considering the assumptions of the author, what kind of consequences might this article have on a potential future reader?"
15,Context,migration,"Bologna, 23-year-old girl in alcoholic coma. Pakistani immigrant rapes her in hospital",intermediate,implicit_assumption,5,89,expert,1,The article is likely to provoke negative feelings towards non-EU nationals and their sympathizers.
15,Response,migration,"Bologna, 23-year-old girl in alcoholic coma. Pakistani immigrant rapes her in hospital",intermediate,implicit_assumption,5,89,expert,0,What would you say that the most problematic aspect of this article is (if existent)?
15,Context,migration,"Bologna, 23-year-old girl in alcoholic coma. Pakistani immigrant rapes her in hospital",intermediate,implicit_assumption,5,89,expert,1,Overall I would say that the most problematic aspect of the article is its implicit assumptions. 
15,Response,migration,"Bologna, 23-year-old girl in alcoholic coma. Pakistani immigrant rapes her in hospital",intermediate,implicit_assumption,5,89,expert,0,"More importantly, do you consider this article to be in accordance with your own personal experience regarding the subject?"
15,Context,migration,"Bologna, 23-year-old girl in alcoholic coma. Pakistani immigrant rapes her in hospital",intermediate,implicit_assumption,5,89,expert,1,No I don’t think so.
15,Response,migration,"Bologna, 23-year-old girl in alcoholic coma. Pakistani immigrant rapes her in hospital",intermediate,implicit_assumption,6,90,expert,0,How would you describe your feelings about the article after this short discussion?
15,Context,migration,"Bologna, 23-year-old girl in alcoholic coma. Pakistani immigrant rapes her in hospital",intermediate,implicit_assumption,6,90,expert,1,"I am still feeling disturbed by the events, but, at the same time, wary of the reasoning of the author and of where it might lead."
15,Response,migration,"Bologna, 23-year-old girl in alcoholic coma. Pakistani immigrant rapes her in hospital",intermediate,implicit_assumption,6,90,expert,0,"So, would you say that you are in a position to better understand the claims and assumptions being made here?"
15,Context,migration,"Bologna, 23-year-old girl in alcoholic coma. Pakistani immigrant rapes her in hospital",intermediate,implicit_assumption,6,90,expert,1,"Yes, I think I am."
15,Response,migration,"Bologna, 23-year-old girl in alcoholic coma. Pakistani immigrant rapes her in hospital",intermediate,implicit_assumption,6,90,expert,0,"If you were in the position of the author, is there anything you would change (or simply avoid) in this article?"
15,Context,migration,"Bologna, 23-year-old girl in alcoholic coma. Pakistani immigrant rapes her in hospital",intermediate,implicit_assumption,6,90,expert,1,I would refrain from making any implicit assumptions. 
15,Response,migration,"Bologna, 23-year-old girl in alcoholic coma. Pakistani immigrant rapes her in hospital",intermediate,implicit_assumption,6,90,expert,0,Very well. Did you find our short discussion any helpful?
15,Context,migration,"Bologna, 23-year-old girl in alcoholic coma. Pakistani immigrant rapes her in hospital",intermediate,implicit_assumption,6,90,expert,1,Yes.
15,Response,migration,"Bologna, 23-year-old girl in alcoholic coma. Pakistani immigrant rapes her in hospital",intermediate,implicit_assumption,6,90,expert,0,Is there anything more you would like to discuss with me?
15,Context,migration,"Bologna, 23-year-old girl in alcoholic coma. Pakistani immigrant rapes her in hospital",intermediate,implicit_assumption,6,90,expert,1,"No, thank you."
15,Response,migration,"Bologna, 23-year-old girl in alcoholic coma. Pakistani immigrant rapes her in hospital",intermediate,implicit_assumption,6,90,expert,0,Thank you for using TITAN! 
16,Context,migration,"Bologna, 23-year-old girl in alcoholic coma. Pakistani immigrant rapes her in hospital",intermediate,emotional,1,91,expert,1,Hi! I want to discuss this article with you.
16,Response,migration,"Bologna, 23-year-old girl in alcoholic coma. Pakistani immigrant rapes her in hospital",intermediate,emotional,1,91,expert,0,Very well! Can you tell me what sparked your interest? 
16,Context,migration,"Bologna, 23-year-old girl in alcoholic coma. Pakistani immigrant rapes her in hospital",intermediate,emotional,1,91,expert,1,I stumbled upon this strange title “Migrants ate my dogs And now its chaos in Lampedusa” and I was really intrigued.
16,Response,migration,"Bologna, 23-year-old girl in alcoholic coma. Pakistani immigrant rapes her in hospital",intermediate,emotional,1,91,expert,0,Having read the article what would you say that the main topic is?
16,Context,migration,"Bologna, 23-year-old girl in alcoholic coma. Pakistani immigrant rapes her in hospital",intermediate,emotional,1,91,expert,1,"Well, it proved to be an article discussing the difficulties and dangers posed (and partly faced) by the illegal migrants residing in the hotspot of Lampedusa."
16,Response,migration,"Bologna, 23-year-old girl in alcoholic coma. Pakistani immigrant rapes her in hospital",intermediate,emotional,1,91,expert,0,Were you able to identify anything unusual about it?
16,Context,migration,"Bologna, 23-year-old girl in alcoholic coma. Pakistani immigrant rapes her in hospital",intermediate,emotional,1,91,expert,1,I found some of the information shared in this article hard to believe. I cannot help but think that it is a bit exaggerated.
16,Response,migration,"Bologna, 23-year-old girl in alcoholic coma. Pakistani immigrant rapes her in hospital",intermediate,emotional,1,91,expert,0,What makes you think that? Can you provide me with an example from the text?
16,Context,migration,"Bologna, 23-year-old girl in alcoholic coma. Pakistani immigrant rapes her in hospital",intermediate,emotional,1,91,expert,1,"Yes, the author recounts how a lady is “forced to clear the land on her property of piles of garbage and excrement left by the immigrants, without her desperate cry ever being heard” and how migrants “ate her dogs”. It is simply hard to believe."
16,Response,migration,"Bologna, 23-year-old girl in alcoholic coma. Pakistani immigrant rapes her in hospital",intermediate,emotional,1,91,expert,0,Do you consider yourself well acquainted with the topic of the article?
16,Context,migration,"Bologna, 23-year-old girl in alcoholic coma. Pakistani immigrant rapes her in hospital",intermediate,emotional,1,91,expert,1,"No, I wouldn’t say so."
16,Response,migration,"Bologna, 23-year-old girl in alcoholic coma. Pakistani immigrant rapes her in hospital",intermediate,emotional,1,91,expert,0,"Sometimes, articles aren’t purely descriptive and/or informative. They provoke emotions, feelings, thoughts. How would you describe your feelings after reading this particular article?"
16,Context,migration,"Bologna, 23-year-old girl in alcoholic coma. Pakistani immigrant rapes her in hospital",intermediate,emotional,1,91,expert,1,The text was certainly very emotional. In truth I was not entirely convinced so I felt confused and angry.
16,Response,migration,"Bologna, 23-year-old girl in alcoholic coma. Pakistani immigrant rapes her in hospital",intermediate,emotional,1,91,expert,0,What would you say that the purpose of the article is?
16,Context,migration,"Bologna, 23-year-old girl in alcoholic coma. Pakistani immigrant rapes her in hospital",intermediate,emotional,1,91,expert,1,I am not entirely sure. The author clearly wants to highlight the dangers posed by illegal immigrants to public health.
16,Response,migration,"Bologna, 23-year-old girl in alcoholic coma. Pakistani immigrant rapes her in hospital",intermediate,emotional,2,92,expert,0,How does the author support his major claim? Can you identify any individual claims and/or assumptions that support the author’s main position?
16,Context,migration,"Bologna, 23-year-old girl in alcoholic coma. Pakistani immigrant rapes her in hospital",intermediate,emotional,2,92,expert,1,Yes.
16,Response,migration,"Bologna, 23-year-old girl in alcoholic coma. Pakistani immigrant rapes her in hospital",intermediate,emotional,2,92,expert,0,Can you give an example from the text?
16,Context,migration,"Bologna, 23-year-old girl in alcoholic coma. Pakistani immigrant rapes her in hospital",intermediate,emotional,2,92,expert,1,Yes. The author mentions at least once or twice the potential health risks faced by the inhabitants of Lampedusa because of the immigrants. He also describes the unsanitary conditions and the “piles of garbage” that seem to follow the migrants wherever they go.
16,Response,migration,"Bologna, 23-year-old girl in alcoholic coma. Pakistani immigrant rapes her in hospital",intermediate,emotional,2,92,expert,0,What are your thoughts regarding the assumptions made by the author?
16,Context,migration,"Bologna, 23-year-old girl in alcoholic coma. Pakistani immigrant rapes her in hospital",intermediate,emotional,2,92,expert,1,I am not sure.
16,Response,migration,"Bologna, 23-year-old girl in alcoholic coma. Pakistani immigrant rapes her in hospital",intermediate,emotional,2,92,expert,0,Would you say that this particular text aspires to achieve something more aside from providing us with raw facts/data regarding a fact/event?
16,Context,migration,"Bologna, 23-year-old girl in alcoholic coma. Pakistani immigrant rapes her in hospital",intermediate,emotional,2,92,expert,1,Yes. 
16,Response,migration,"Bologna, 23-year-old girl in alcoholic coma. Pakistani immigrant rapes her in hospital",intermediate,emotional,2,92,expert,0,What do you think that may be?
16,Context,migration,"Bologna, 23-year-old girl in alcoholic coma. Pakistani immigrant rapes her in hospital",intermediate,emotional,2,92,expert,1,"I think that the author tries to convince us that illegal immigrants pose a serious threat to the well-being of the people of Lampedusa, even if it is not entirely their fault."
16,Response,migration,"Bologna, 23-year-old girl in alcoholic coma. Pakistani immigrant rapes her in hospital",intermediate,emotional,2,92,expert,0,"How would you describe the language used by the author in this text (e.g. formal, offensive, emotional, etc.)?"
16,Context,migration,"Bologna, 23-year-old girl in alcoholic coma. Pakistani immigrant rapes her in hospital",intermediate,emotional,2,92,expert,1,I wouldn’t say that it’s particularly formal. At some points it certainly becomes very emotional.
16,Response,migration,"Bologna, 23-year-old girl in alcoholic coma. Pakistani immigrant rapes her in hospital",intermediate,emotional,2,92,expert,0,What do you think that the author might be trying to achieve by using this kind of language? 
16,Context,migration,"Bologna, 23-year-old girl in alcoholic coma. Pakistani immigrant rapes her in hospital",intermediate,emotional,2,92,expert,1,"I would say that he is aiming to present us with a vivid, maybe even terrifying, picture of what transpires in Lampedusa. He appears to be trying to provoke an emotional response from the reader."
16,Response,migration,"Bologna, 23-year-old girl in alcoholic coma. Pakistani immigrant rapes her in hospital",intermediate,emotional,3,93,expert,0,"Stories that count on emotion instead of stating plain facts can be more persuasive than neutral content since they are able to generate more positive or negative feelings respectively. How would you describe your feelings after reading this article (e.g. positive, negative)?"
16,Context,migration,"Bologna, 23-year-old girl in alcoholic coma. Pakistani immigrant rapes her in hospital",intermediate,emotional,3,93,expert,1,Mostly negative.
16,Response,migration,"Bologna, 23-year-old girl in alcoholic coma. Pakistani immigrant rapes her in hospital",intermediate,emotional,3,93,expert,0,"Were you aware that the spread of fake news has been positively associated with the generation of negative feelings (such as feelings of anger, injustice, etc.)?"
16,Context,migration,"Bologna, 23-year-old girl in alcoholic coma. Pakistani immigrant rapes her in hospital",intermediate,emotional,3,93,expert,1,No I was not aware.
16,Response,migration,"Bologna, 23-year-old girl in alcoholic coma. Pakistani immigrant rapes her in hospital",intermediate,emotional,3,93,expert,0,"Moreover, studies have shown that the reliance on emotion is -sometimes- associated with misinformation sharing. The use of suspenseful, provocative, hyperbolic or exaggerated words and phrases, usual characteristics of an emotional text, can often be misleading and can be safely considered as a potential sign of disinformation. Are you, by any chance, able to identify in the text words or phrases that may have any of aforementioned characteristics?"
16,Context,migration,"Bologna, 23-year-old girl in alcoholic coma. Pakistani immigrant rapes her in hospital",intermediate,emotional,3,93,expert,1,Yes.
16,Response,migration,"Bologna, 23-year-old girl in alcoholic coma. Pakistani immigrant rapes her in hospital",intermediate,emotional,3,93,expert,0,Do you want to give me an example?
16,Context,migration,"Bologna, 23-year-old girl in alcoholic coma. Pakistani immigrant rapes her in hospital",intermediate,emotional,3,93,expert,1,"I can spot many phrases/words with these characteristics such as “dramatic situation”, “desperate cry”, etc."
16,Response,migration,"Bologna, 23-year-old girl in alcoholic coma. Pakistani immigrant rapes her in hospital",intermediate,emotional,3,93,expert,0,"It is common for articles that tend to use emotional language to present us with shocking descriptions, facts, etc. Can you identify any in the text?"
16,Context,migration,"Bologna, 23-year-old girl in alcoholic coma. Pakistani immigrant rapes her in hospital",intermediate,emotional,3,93,expert,1,"Yes, the author clearly paints a terrifying image of what’s happening in Lampedusa."
16,Response,migration,"Bologna, 23-year-old girl in alcoholic coma. Pakistani immigrant rapes her in hospital",intermediate,emotional,3,93,expert,0,"Emotional text must always be approached with extreme care. It is possible, even if a claim/argument is accompanied by accurate information and/or facts, to be presented by a partial, or even twisted, version of the truth. Do you feel that you should be cautious towards the image presented by the author regarding the situation in this?"
16,Context,migration,"Bologna, 23-year-old girl in alcoholic coma. Pakistani immigrant rapes her in hospital",intermediate,emotional,3,93,expert,1,Probably.
16,Response,migration,"Bologna, 23-year-old girl in alcoholic coma. Pakistani immigrant rapes her in hospital",intermediate,emotional,3,93,expert,0,What makes you think so?
16,Context,migration,"Bologna, 23-year-old girl in alcoholic coma. Pakistani immigrant rapes her in hospital",intermediate,emotional,3,93,expert,1,The author clearly presents us with a very bleak picture of what’s happening in Lampedusa. On top of his descriptions of “illegal immigrants in the streets who go out to perform physiological needs” and “scatter garbage or mattresses here and there” he simply states all the shocking claims of the inhabitants and of the woman who claimed that immigrants ate her dogs.
16,Response,migration,"Bologna, 23-year-old girl in alcoholic coma. Pakistani immigrant rapes her in hospital",intermediate,emotional,3,93,expert,0,"Sometimes, the use of provocative language can also be a product of hate speech. Hate speech, unlike other forms of offensive speech/writing, is usually based on prejudices regarding race, religion, ethnic or national background, sex and sexual orientation, even disability. Do you find anything offensive about the claims and assumptions made by the author?"
16,Context,migration,"Bologna, 23-year-old girl in alcoholic coma. Pakistani immigrant rapes her in hospital",intermediate,emotional,3,93,expert,1,I am not sure. As I mentioned before the author certainly seems to consider immigrants a risk to public health. He also seems to be angry with the “open port policy advocated by the government”.
16,Response,migration,"Bologna, 23-year-old girl in alcoholic coma. Pakistani immigrant rapes her in hospital",intermediate,emotional,3,93,expert,0,Do you find these claims sufficiently justified?
16,Context,migration,"Bologna, 23-year-old girl in alcoholic coma. Pakistani immigrant rapes her in hospital",intermediate,emotional,3,93,expert,1,I am not sure.
16,Response,migration,"Bologna, 23-year-old girl in alcoholic coma. Pakistani immigrant rapes her in hospital",intermediate,emotional,3,93,expert,0,Identifying hate speech can be very challenging as it is often related to the content of the text rather than the presence of hateful words in it. What evidence does the author offer in support of his/her claims? 
16,Context,migration,"Bologna, 23-year-old girl in alcoholic coma. Pakistani immigrant rapes her in hospital",intermediate,emotional,3,93,expert,1,"The testimony of the woman who claims that immigrants ate her dogs and of Karin, a Tunisian immigrant living in the hotspot outside Lampedusa."
16,Response,migration,"Bologna, 23-year-old girl in alcoholic coma. Pakistani immigrant rapes her in hospital",intermediate,emotional,3,93,expert,0,Are you in a position to validate these claims yourself in any way?
16,Context,migration,"Bologna, 23-year-old girl in alcoholic coma. Pakistani immigrant rapes her in hospital",intermediate,emotional,3,93,expert,1,"I cannot imagine how I can validate the claim made by the woman, but I can probably validate through other testimonies the arguments of Karin and League deputy coordinator Attilio Lucia regarding the sanitary conditions inside the hotspot of Lampedusa."
16,Response,migration,"Bologna, 23-year-old girl in alcoholic coma. Pakistani immigrant rapes her in hospital",intermediate,emotional,3,93,expert,0,How does these claims relate to the main argument presented by the author?
16,Context,migration,"Bologna, 23-year-old girl in alcoholic coma. Pakistani immigrant rapes her in hospital",intermediate,emotional,3,93,expert,1,They seem to reinforce his position regarding health risks.
16,Response,migration,"Bologna, 23-year-old girl in alcoholic coma. Pakistani immigrant rapes her in hospital",intermediate,emotional,3,93,expert,0,"Sometimes, the use of emotionally charged language might give us the wrong impression regarding a situation, event or fact. Do you think it’s possible that we might be presented with an unrealistic picture here?"
16,Context,migration,"Bologna, 23-year-old girl in alcoholic coma. Pakistani immigrant rapes her in hospital",intermediate,emotional,3,93,expert,1,I am not so sure. The only thing that I find hard to believe is the claim of the woman regarding the fate of her dogs. I have no reason to doubt that the situation in Lampedusa is indeed grave.
16,Response,migration,"Bologna, 23-year-old girl in alcoholic coma. Pakistani immigrant rapes her in hospital",intermediate,emotional,3,93,expert,0,Very well. I am sure that you are well aware of the fact that articles tend to reflect the ideas and beliefs of the author. Do you consider yourself in a position where you can successfully distinguish between the personal belief of the author and the facts/events discussed in the text?
16,Context,migration,"Bologna, 23-year-old girl in alcoholic coma. Pakistani immigrant rapes her in hospital",intermediate,emotional,3,93,expert,1,I believe so.
16,Response,migration,"Bologna, 23-year-old girl in alcoholic coma. Pakistani immigrant rapes her in hospital",intermediate,emotional,4,94,expert,0,"When reading through a text, especially one that appears to be emotionally charged, it is always important to be aware of different, alternative viewpoints and explanations. Does the author present us with alternative ways of approaching the subject? Is he trying to be impartial?"
16,Context,migration,"Bologna, 23-year-old girl in alcoholic coma. Pakistani immigrant rapes her in hospital",intermediate,emotional,4,94,expert,1,I believe that the author tries to give us the impression of impartiality by presenting us with the testimonies of all the parties involved. Yet all testimonies seem to be oriented towards the health risks faced by the people of Lampedusa.
16,Response,migration,"Bologna, 23-year-old girl in alcoholic coma. Pakistani immigrant rapes her in hospital",intermediate,emotional,4,94,expert,0,"Sometimes, by focusing too much on a particular aspect of a certain topic, we might find ourselves unable to think of alternative lines of reasoning aside the ones that we are presented with. Can you think of an alternative way of approaching the subject of the article? Do you believe that the author could have been more convincing?"
16,Context,migration,"Bologna, 23-year-old girl in alcoholic coma. Pakistani immigrant rapes her in hospital",intermediate,emotional,4,94,expert,1,"Yes, I think so. In truth, I believe that the author could have focused more on the ways the situation in Lampedusa could be improved. Maybe discuss the need to improve the living conditions of migrants and residents alike rather than focusing exclusively on the health risks posed by the unsanitary conditions the migrants live in."
16,Response,migration,"Bologna, 23-year-old girl in alcoholic coma. Pakistani immigrant rapes her in hospital",intermediate,emotional,4,94,expert,0,"By cross-referencing facts, checking different sources and opinions we are usually presented with many alternative viewpoints. Have you tried checking other sources in order to form a more informed opinion regarding the subject of this article?"
16,Context,migration,"Bologna, 23-year-old girl in alcoholic coma. Pakistani immigrant rapes her in hospital",intermediate,emotional,4,94,expert,1,"No I have not, but after our discussion I think I will."
16,Response,migration,"Bologna, 23-year-old girl in alcoholic coma. Pakistani immigrant rapes her in hospital",intermediate,emotional,5,95,expert,0,"After carefully considering the assumptions made by the author and the overall content of the article, can you think of any consequences this text might have to a potential reader?"
16,Context,migration,"Bologna, 23-year-old girl in alcoholic coma. Pakistani immigrant rapes her in hospital",intermediate,emotional,5,95,expert,1,"Yes, I feel that the article is likely to provoke negative feelings towards the immigrants staying in Lampedusa."
16,Response,migration,"Bologna, 23-year-old girl in alcoholic coma. Pakistani immigrant rapes her in hospital",intermediate,emotional,5,95,expert,0,"As we already mentioned, emotional speech/writing is more likely to provoke feelings and reactions. Hate speech, on the other hand, coupled with potential disinformation signals can lead to stigmatization, discrimination, even violence. Do you think that we must be cautious of the way the author is choosing to approach the subject?"
16,Context,migration,"Bologna, 23-year-old girl in alcoholic coma. Pakistani immigrant rapes her in hospital",intermediate,emotional,5,95,expert,1,"Yes, I believe that approaching the subject with a measure of caution would be good."
16,Response,migration,"Bologna, 23-year-old girl in alcoholic coma. Pakistani immigrant rapes her in hospital",intermediate,emotional,5,95,expert,0,Are the assumptions/claims made in this article consistent with your own personal experience concerning the subject?
16,Context,migration,"Bologna, 23-year-old girl in alcoholic coma. Pakistani immigrant rapes her in hospital",intermediate,emotional,5,95,expert,1,No.
16,Response,migration,"Bologna, 23-year-old girl in alcoholic coma. Pakistani immigrant rapes her in hospital",intermediate,emotional,5,95,expert,0,How would you describe this article after this short discussion?
16,Context,migration,"Bologna, 23-year-old girl in alcoholic coma. Pakistani immigrant rapes her in hospital",intermediate,emotional,5,95,expert,1,I would say that it’s quite intense and strictly focused on provoking negative feelings and reactions about the gravity of the situation in Lampedusa without offering an explanation on why this is happening.
16,Response,migration,"Bologna, 23-year-old girl in alcoholic coma. Pakistani immigrant rapes her in hospital",intermediate,emotional,6,96,expert,0,"After this short discussion do you feel that you are in a position to better understand the characteristics of this article, as well as its potential consequences?"
16,Context,migration,"Bologna, 23-year-old girl in alcoholic coma. Pakistani immigrant rapes her in hospital",intermediate,emotional,6,96,expert,1,Certainly.
16,Response,migration,"Bologna, 23-year-old girl in alcoholic coma. Pakistani immigrant rapes her in hospital",intermediate,emotional,6,96,expert,0,Are you in a position to identify any potential disinformation signals included in the text?
16,Context,migration,"Bologna, 23-year-old girl in alcoholic coma. Pakistani immigrant rapes her in hospital",intermediate,emotional,6,96,expert,1,Yes.
16,Response,migration,"Bologna, 23-year-old girl in alcoholic coma. Pakistani immigrant rapes her in hospital",intermediate,emotional,6,96,expert,0,What would you describe as the main weakness of the article then (if any)?
16,Context,migration,"Bologna, 23-year-old girl in alcoholic coma. Pakistani immigrant rapes her in hospital",intermediate,emotional,6,96,expert,1,"The -possibly deliberate- use of emotional language, in some cases even bordering hate speech."
16,Response,migration,"Bologna, 23-year-old girl in alcoholic coma. Pakistani immigrant rapes her in hospital",intermediate,emotional,6,96,expert,0,Is there anything that you would change regarding the way the author handles the subject?
16,Context,migration,"Bologna, 23-year-old girl in alcoholic coma. Pakistani immigrant rapes her in hospital",intermediate,emotional,6,96,expert,1,"I would obviously avoid being so sentimental. Moreover, I believe I wouldn’t solely focus on the health risks faced by the inhabitants of Lampedusa due to the presence of immigrants, but rather on what is done (or not) about it."
16,Response,migration,"Bologna, 23-year-old girl in alcoholic coma. Pakistani immigrant rapes her in hospital",intermediate,emotional,6,96,expert,0,Did you find our discussion helpful?
16,Context,migration,"Bologna, 23-year-old girl in alcoholic coma. Pakistani immigrant rapes her in hospital",intermediate,emotional,6,96,expert,1,Yes I did.
16,Response,migration,"Bologna, 23-year-old girl in alcoholic coma. Pakistani immigrant rapes her in hospital",intermediate,emotional,6,96,expert,0,Is there anything else you would like to discuss with me?
16,Context,migration,"Bologna, 23-year-old girl in alcoholic coma. Pakistani immigrant rapes her in hospital",intermediate,emotional,6,96,expert,1,No. 
16,Response,migration,"Bologna, 23-year-old girl in alcoholic coma. Pakistani immigrant rapes her in hospital",intermediate,emotional,6,96,expert,0,Very well! Glad I could be of help!  
17,Context,migration,"Bologna, 23-year-old girl in alcoholic coma. Pakistani immigrant rapes her in hospital",beginner,hate_speech,1,97,expert,1,"Hi, I want to talk about this article."
17,Response,migration,"Bologna, 23-year-old girl in alcoholic coma. Pakistani immigrant rapes her in hospital",beginner,hate_speech,1,97,expert,0,That’s great! What is the subject exactly? 
17,Context,migration,"Bologna, 23-year-old girl in alcoholic coma. Pakistani immigrant rapes her in hospital",beginner,hate_speech,1,97,expert,1,The rape of an Italian girl by a Pakistani in a hospital in Bologna.
17,Response,migration,"Bologna, 23-year-old girl in alcoholic coma. Pakistani immigrant rapes her in hospital",beginner,hate_speech,1,97,expert,0,What would you say that the main claim of the article is? Does the author try to make a point?
17,Context,migration,"Bologna, 23-year-old girl in alcoholic coma. Pakistani immigrant rapes her in hospital",beginner,hate_speech,1,97,expert,1,"Yes, he argues that immigrants are dangerous and the government responsible for what transpired."
17,Response,migration,"Bologna, 23-year-old girl in alcoholic coma. Pakistani immigrant rapes her in hospital",beginner,hate_speech,1,97,expert,0,Do you consider yourself well-acquainted with the topic of the article?
17,Context,migration,"Bologna, 23-year-old girl in alcoholic coma. Pakistani immigrant rapes her in hospital",beginner,hate_speech,1,97,expert,1,No.
17,Response,migration,"Bologna, 23-year-old girl in alcoholic coma. Pakistani immigrant rapes her in hospital",beginner,hate_speech,1,97,expert,0,Very well. Can you tell me what troubled you in the first place?
17,Context,migration,"Bologna, 23-year-old girl in alcoholic coma. Pakistani immigrant rapes her in hospital",beginner,hate_speech,1,97,expert,1,The language used by the author made me feel uncomfortable.
17,Response,migration,"Bologna, 23-year-old girl in alcoholic coma. Pakistani immigrant rapes her in hospital",beginner,hate_speech,1,97,expert,0,Can you provide me with an example from the text?
17,Context,migration,"Bologna, 23-year-old girl in alcoholic coma. Pakistani immigrant rapes her in hospital",beginner,hate_speech,1,97,expert,1,"Yes, there are some strong phrases like “PD-branded scum” or “shitty state”."
17,Response,migration,"Bologna, 23-year-old girl in alcoholic coma. Pakistani immigrant rapes her in hospital",beginner,hate_speech,2,98,expert,0,"Texts/articles are capable of provoking strong emotions and feelings, sometimes even on purpose. How would you describe your feelings after reading this particular piece?."
17,Context,migration,"Bologna, 23-year-old girl in alcoholic coma. Pakistani immigrant rapes her in hospital",beginner,hate_speech,2,98,expert,1,"It made me feel uncomfortable, angry."
17,Response,migration,"Bologna, 23-year-old girl in alcoholic coma. Pakistani immigrant rapes her in hospital",beginner,hate_speech,2,98,expert,0,Sometimes an article might not be purely descriptive and/or informative. Would you say that this particular text aspires to achieve something more aside from providing us with information regarding a fact/event?
17,Context,migration,"Bologna, 23-year-old girl in alcoholic coma. Pakistani immigrant rapes her in hospital",beginner,hate_speech,2,98,expert,1,I am not sure.
17,Response,migration,"Bologna, 23-year-old girl in alcoholic coma. Pakistani immigrant rapes her in hospital",beginner,hate_speech,2,98,expert,0,"Very well. Aside from providing us with information regarding the event, do you think that the author makes any claims offering us his/her opinion or interpretation of what transpired?"
17,Context,migration,"Bologna, 23-year-old girl in alcoholic coma. Pakistani immigrant rapes her in hospital",beginner,hate_speech,2,98,expert,1,Yes the author clearly believes that illegal immigrants are dangerous and not welcome in Italy.
17,Response,migration,"Bologna, 23-year-old girl in alcoholic coma. Pakistani immigrant rapes her in hospital",beginner,hate_speech,2,98,expert,0,What makes you think that? Can you give me an example from the text?
17,Context,migration,"Bologna, 23-year-old girl in alcoholic coma. Pakistani immigrant rapes her in hospital",beginner,hate_speech,2,98,expert,1,"The author uses words like “scum” to describe the Pakistani immigrant. Apparently, he also believes that hospitals have become hotels for these people."
17,Response,migration,"Bologna, 23-year-old girl in alcoholic coma. Pakistani immigrant rapes her in hospital",beginner,hate_speech,2,98,expert,0,"Would you, by any chance, describe the language used by the author in this article as emotional? Maybe even slightly provoking?"
17,Context,migration,"Bologna, 23-year-old girl in alcoholic coma. Pakistani immigrant rapes her in hospital",beginner,hate_speech,2,98,expert,1,Yes certainly.
17,Response,migration,"Bologna, 23-year-old girl in alcoholic coma. Pakistani immigrant rapes her in hospital",beginner,hate_speech,2,98,expert,0,"While the use of strong and/or emotional language in a text might be relatively common, rarely would an author resort to its use without any purpose. Are you able to say why the author results to such a writing technique?"
17,Context,migration,"Bologna, 23-year-old girl in alcoholic coma. Pakistani immigrant rapes her in hospital",beginner,hate_speech,2,98,expert,1,I am not sure. Maybe the author tries to express his feelings? Or try to provoke a similar reaction to his readers? 
17,Response,migration,"Bologna, 23-year-old girl in alcoholic coma. Pakistani immigrant rapes her in hospital",beginner,hate_speech,2,98,expert,0,The use of strong and/or emotional language usually results to more evident -if not more biased- claims. Do you think that the claims made by the author in this article can be considered well founded?
17,Context,migration,"Bologna, 23-year-old girl in alcoholic coma. Pakistani immigrant rapes her in hospital",beginner,hate_speech,2,98,expert,1,Yes? I am not sure.
17,Response,migration,"Bologna, 23-year-old girl in alcoholic coma. Pakistani immigrant rapes her in hospital",beginner,hate_speech,2,98,expert,0,Do you think you are able to provide me with an example of a biased claim? If you think you can find any in the text that’s even better.
17,Context,migration,"Bologna, 23-year-old girl in alcoholic coma. Pakistani immigrant rapes her in hospital",beginner,hate_speech,2,98,expert,1,"Well, the author claims for no apparent reason that the woman who brought the Pakistani to the hospital and the “goodists in the government” are complicit to the rape."
17,Response,migration,"Bologna, 23-year-old girl in alcoholic coma. Pakistani immigrant rapes her in hospital",beginner,hate_speech,2,98,expert,0,"Are you aware that, sometimes, the use of strong and/or provocative language can be a product of hate speech?"
17,Context,migration,"Bologna, 23-year-old girl in alcoholic coma. Pakistani immigrant rapes her in hospital",beginner,hate_speech,2,98,expert,1,Yes.
17,Response,migration,"Bologna, 23-year-old girl in alcoholic coma. Pakistani immigrant rapes her in hospital",beginner,hate_speech,2,98,expert,0,Are you by any chance able to identify anything offensive about the claims or statements made in the text?
17,Context,migration,"Bologna, 23-year-old girl in alcoholic coma. Pakistani immigrant rapes her in hospital",beginner,hate_speech,2,98,expert,1,Yes.
17,Response,migration,"Bologna, 23-year-old girl in alcoholic coma. Pakistani immigrant rapes her in hospital",beginner,hate_speech,2,98,expert,0,"Hate speech, unlike other forms of offensive speech/writing, is usually based on prejudices regarding ethnicity, race, sex, sexual orientation or even religion. Do you feel that it’s possible any of the assumptions made might have any of the aforementioned characteristics?"
17,Context,migration,"Bologna, 23-year-old girl in alcoholic coma. Pakistani immigrant rapes her in hospital",beginner,hate_speech,2,98,expert,1,Yes.
17,Response,migration,"Bologna, 23-year-old girl in alcoholic coma. Pakistani immigrant rapes her in hospital",beginner,hate_speech,2,98,expert,0,Can you give me an example from the text?
17,Context,migration,"Bologna, 23-year-old girl in alcoholic coma. Pakistani immigrant rapes her in hospital",beginner,hate_speech,2,98,expert,1,The Pakistani is sleeping in the hospital “at the expense of Italians”.
17,Response,migration,"Bologna, 23-year-old girl in alcoholic coma. Pakistani immigrant rapes her in hospital",beginner,hate_speech,3,99,expert,0,Very good. Do you feel like you can identify any potentially problematic claim/statements made by the author?
17,Context,migration,"Bologna, 23-year-old girl in alcoholic coma. Pakistani immigrant rapes her in hospital",beginner,hate_speech,3,99,expert,1,"Yes, he assumes that immigrants have a specific dangerous profile and that people who do not agree must by denounced."
17,Response,migration,"Bologna, 23-year-old girl in alcoholic coma. Pakistani immigrant rapes her in hospital",beginner,hate_speech,3,99,expert,0,And why do you think the author makes these assumptions (if any)?
17,Context,migration,"Bologna, 23-year-old girl in alcoholic coma. Pakistani immigrant rapes her in hospital",beginner,hate_speech,3,99,expert,1,I don’t know. Maybe he is just scared of Pakistanis?
17,Response,migration,"Bologna, 23-year-old girl in alcoholic coma. Pakistani immigrant rapes her in hospital",beginner,hate_speech,3,99,expert,0,"Sometimes, even if the information provided by the author is accurate, his or her claims might still be faulty or offensive. Do you feel that the assumptions made by the author are sufficiently justified?"
17,Context,migration,"Bologna, 23-year-old girl in alcoholic coma. Pakistani immigrant rapes her in hospital",beginner,hate_speech,3,99,expert,1,I don’t know.
17,Response,migration,"Bologna, 23-year-old girl in alcoholic coma. Pakistani immigrant rapes her in hospital",beginner,hate_speech,3,99,expert,0,Let’s try validating a claim. Do you think you can single out one from the text?
17,Context,migration,"Bologna, 23-year-old girl in alcoholic coma. Pakistani immigrant rapes her in hospital",beginner,hate_speech,3,99,expert,1,Yes. The part that was mentioned about the hospitals being hotels for illegal immigrants.
17,Response,migration,"Bologna, 23-year-old girl in alcoholic coma. Pakistani immigrant rapes her in hospital",beginner,hate_speech,3,99,expert,0,Great. What evidence is offered in support of this claim? Does the author provide us with adequate information?
17,Context,migration,"Bologna, 23-year-old girl in alcoholic coma. Pakistani immigrant rapes her in hospital",beginner,hate_speech,3,99,expert,1,No. I cannot find any information or evidence that support this claim.
17,Response,migration,"Bologna, 23-year-old girl in alcoholic coma. Pakistani immigrant rapes her in hospital",beginner,hate_speech,3,99,expert,0,Do you think that you are somehow able to validate this claim yourself?
17,Context,migration,"Bologna, 23-year-old girl in alcoholic coma. Pakistani immigrant rapes her in hospital",beginner,hate_speech,3,99,expert,1,"No, I don’t think I can."
17,Response,migration,"Bologna, 23-year-old girl in alcoholic coma. Pakistani immigrant rapes her in hospital",beginner,hate_speech,3,99,expert,0,What about other claims being made in the article? Do they have similar characteristics? Are you in a position to validate them?
17,Context,migration,"Bologna, 23-year-old girl in alcoholic coma. Pakistani immigrant rapes her in hospital",beginner,hate_speech,3,99,expert,1,I have to admit that most of the claims made by the author are difficult to validate.  
17,Response,migration,"Bologna, 23-year-old girl in alcoholic coma. Pakistani immigrant rapes her in hospital",beginner,hate_speech,3,99,expert,0,We must always be aware of claims that are proving difficult to validate. Especially when these claims/assumptions might be based on biased beliefs or have an offensive character. Do you think you are able to distinguish between any potentially biased claims made by the author and the facts/events discussed in the text?
17,Context,migration,"Bologna, 23-year-old girl in alcoholic coma. Pakistani immigrant rapes her in hospital",beginner,hate_speech,3,99,expert,1,Yes I think I am.
17,Response,migration,"Bologna, 23-year-old girl in alcoholic coma. Pakistani immigrant rapes her in hospital",beginner,hate_speech,3,99,expert,0,"If you’ve managed to spot any offensive statements or claims that do not appear well supported, is it possible to identify them as a typical case of hate speech or at least emotional language?"
17,Context,migration,"Bologna, 23-year-old girl in alcoholic coma. Pakistani immigrant rapes her in hospital",beginner,hate_speech,3,99,expert,1,"Yes, definitely."
17,Response,migration,"Bologna, 23-year-old girl in alcoholic coma. Pakistani immigrant rapes her in hospital",beginner,hate_speech,3,99,expert,0,Can you tell me why?
17,Context,migration,"Bologna, 23-year-old girl in alcoholic coma. Pakistani immigrant rapes her in hospital",beginner,hate_speech,3,99,expert,1,"Yes, in most cases the author stresses the racial and ethnic characteristics of the perpetrator, indirectly claiming that they are the reason which led to the rape of the 23-year old."
17,Response,migration,"Bologna, 23-year-old girl in alcoholic coma. Pakistani immigrant rapes her in hospital",beginner,hate_speech,4,100,expert,0,"Regardless the appeal (or not) an explanation might have, it is always important to think or search for alternative viewpoints/opinions. Are you, by any chance, able to think of an alternative way(s) of approaching this particular subject?"
17,Context,migration,"Bologna, 23-year-old girl in alcoholic coma. Pakistani immigrant rapes her in hospital",beginner,hate_speech,4,100,expert,1,Yes.
17,Response,migration,"Bologna, 23-year-old girl in alcoholic coma. Pakistani immigrant rapes her in hospital",beginner,hate_speech,4,100,expert,0,Can you give me an example?
17,Context,migration,"Bologna, 23-year-old girl in alcoholic coma. Pakistani immigrant rapes her in hospital",beginner,hate_speech,4,100,expert,1,"I think that the rape of the girl might not have been connected to the ethnic identity of the perpetrator, but, even if it did, there’s not enough evidence to assume so. On the other hand, there is certainly no evidence to support the complicity of any “goodists”, whether the woman or the government."
17,Response,migration,"Bologna, 23-year-old girl in alcoholic coma. Pakistani immigrant rapes her in hospital",beginner,hate_speech,4,100,expert,0,"Since an event can actually be interpreted in many different ways, we have to carefully assess the individual strengths and weaknesses of a possible alternative viewpoint. Can you think of any potential strengths a different approach might have in this case?"
17,Context,migration,"Bologna, 23-year-old girl in alcoholic coma. Pakistani immigrant rapes her in hospital",beginner,hate_speech,4,100,expert,1,Yes. I believe that it’s important to avoid generalizing and accusing whole groups of people without sufficient evidence.
17,Response,migration,"Bologna, 23-year-old girl in alcoholic coma. Pakistani immigrant rapes her in hospital",beginner,hate_speech,4,100,expert,0,Very well! And what about any weaknesses? Can you think of any?
17,Context,migration,"Bologna, 23-year-old girl in alcoholic coma. Pakistani immigrant rapes her in hospital",beginner,hate_speech,4,100,expert,1,I am not sure.
17,Response,migration,"Bologna, 23-year-old girl in alcoholic coma. Pakistani immigrant rapes her in hospital",beginner,hate_speech,5,101,expert,0,Can you maybe think of any potential consequences that this article might have to another reader?
17,Context,migration,"Bologna, 23-year-old girl in alcoholic coma. Pakistani immigrant rapes her in hospital",beginner,hate_speech,5,101,expert,1,"Yes. I think that the article is likely to provoke negative feelings towards immigrants, especially Pakistanis."
17,Response,migration,"Bologna, 23-year-old girl in alcoholic coma. Pakistani immigrant rapes her in hospital",beginner,hate_speech,5,101,expert,0,Do you believe that the assumptions/claims of the article are consistent with your own personal experience on the subject (if any)?
17,Context,migration,"Bologna, 23-year-old girl in alcoholic coma. Pakistani immigrant rapes her in hospital",beginner,hate_speech,5,101,expert,1,I am not sure they are.
17,Response,migration,"Bologna, 23-year-old girl in alcoholic coma. Pakistani immigrant rapes her in hospital",beginner,hate_speech,6,102,expert,0,"After this short discussion, what are your feelings towards this article?"
17,Context,migration,"Bologna, 23-year-old girl in alcoholic coma. Pakistani immigrant rapes her in hospital",beginner,hate_speech,6,102,expert,1,I am reluctant towards the motives and assumptions of the author since they do not appear to be well supported.
17,Response,migration,"Bologna, 23-year-old girl in alcoholic coma. Pakistani immigrant rapes her in hospital",beginner,hate_speech,6,102,expert,0,Are you able to form an alternative argument even if you feel that you agree with the author?
17,Context,migration,"Bologna, 23-year-old girl in alcoholic coma. Pakistani immigrant rapes her in hospital",beginner,hate_speech,6,102,expert,1,Yes I think I can.
17,Response,migration,"Bologna, 23-year-old girl in alcoholic coma. Pakistani immigrant rapes her in hospital",beginner,hate_speech,6,102,expert,0,What would you say that the most problematic thing about this article is (if any)? 
17,Context,migration,"Bologna, 23-year-old girl in alcoholic coma. Pakistani immigrant rapes her in hospital",beginner,hate_speech,6,102,expert,1,I believe that the use of strong and emotional language clearly borders hate speech. The author appears to be hostile towards immigrants in general.
17,Response,migration,"Bologna, 23-year-old girl in alcoholic coma. Pakistani immigrant rapes her in hospital",beginner,hate_speech,6,102,expert,0,Are you in a position to form a solid argument in support of your claims?
17,Context,migration,"Bologna, 23-year-old girl in alcoholic coma. Pakistani immigrant rapes her in hospital",beginner,hate_speech,6,102,expert,1,Yes I think I am.
17,Response,migration,"Bologna, 23-year-old girl in alcoholic coma. Pakistani immigrant rapes her in hospital",beginner,hate_speech,6,102,expert,0,"So, did you find our discussion helpful?"
17,Context,migration,"Bologna, 23-year-old girl in alcoholic coma. Pakistani immigrant rapes her in hospital",beginner,hate_speech,6,102,expert,1,Yes.
17,Response,migration,"Bologna, 23-year-old girl in alcoholic coma. Pakistani immigrant rapes her in hospital",beginner,hate_speech,6,102,expert,0,Is there anything more you would like to discuss with me?
17,Context,migration,"Bologna, 23-year-old girl in alcoholic coma. Pakistani immigrant rapes her in hospital",beginner,hate_speech,6,102,expert,1,"No, thank you."
17,Response,migration,"Bologna, 23-year-old girl in alcoholic coma. Pakistani immigrant rapes her in hospital",beginner,hate_speech,6,102,expert,0,Thank you for using TITAN! 
18,Context,students,They knew : why didn’t the unvaccinated do more to warn us,low,implicit_assumption,1,103,expert,1,Hi there!  
18,Response,students,They knew : why didn’t the unvaccinated do more to warn us,low,implicit_assumption,1,103,expert,0,Have you read the article “They knew : why didn’t the unvaccinated do more to warn us” 
18,Context,students,They knew : why didn’t the unvaccinated do more to warn us,low,implicit_assumption,1,103,expert,1,"Yes, I have."
18,Response,students,They knew : why didn’t the unvaccinated do more to warn us,low,implicit_assumption,1,103,expert,0,What do you think the article is about?
18,Context,students,They knew : why didn’t the unvaccinated do more to warn us,low,implicit_assumption,1,103,expert,1,It is about  vaccines
18,Response,students,They knew : why didn’t the unvaccinated do more to warn us,low,implicit_assumption,1,103,expert,0,Could you be more specific? Is there a central claim in this article?
18,Context,students,They knew : why didn’t the unvaccinated do more to warn us,low,implicit_assumption,1,103,expert,1,"Yes, there is. They say that unvaccinated people did nothing to help the vaccinated people."
18,Response,students,They knew : why didn’t the unvaccinated do more to warn us,low,implicit_assumption,1,103,expert,0,What do you mean by that?
18,Context,students,They knew : why didn’t the unvaccinated do more to warn us,low,implicit_assumption,1,103,expert,1,Unvaccinated people should have warned vaccinated people for the dangers of the vaccine.
18,Response,students,They knew : why didn’t the unvaccinated do more to warn us,low,implicit_assumption,1,103,expert,0,Could you explain that further?
18,Context,students,They knew : why didn’t the unvaccinated do more to warn us,low,implicit_assumption,1,103,expert,1,Unvaccinated people let the rest of us get a vaccine while they knew how bad it was.
18,Response,students,They knew : why didn’t the unvaccinated do more to warn us,low,implicit_assumption,1,103,expert,0,What do you think about this?
18,Context,students,They knew : why didn’t the unvaccinated do more to warn us,low,implicit_assumption,1,103,expert,1,I am unsure. If this is the case then yes that is very bad. But I don’t really know.
18,Response,students,They knew : why didn’t the unvaccinated do more to warn us,low,implicit_assumption,1,103,expert,0,Why do you say you are unsure?
18,Context,students,They knew : why didn’t the unvaccinated do more to warn us,low,implicit_assumption,1,103,expert,1,I am not sure whether the article is trustworthy.
18,Response,students,They knew : why didn’t the unvaccinated do more to warn us,low,implicit_assumption,1,103,expert,0,Would you like me to help you with this?
18,Context,students,They knew : why didn’t the unvaccinated do more to warn us,low,implicit_assumption,1,103,expert,1,Yes
18,Response,students,They knew : why didn’t the unvaccinated do more to warn us,low,implicit_assumption,1,103,expert,0,Where can you find this claim in the article? You may copy paste the text.
18,Context,students,They knew : why didn’t the unvaccinated do more to warn us,low,implicit_assumption,1,103,expert,1,"“They knew that vaccines did not immunize us. They knew it wasn’t effective, and that they can cause more harm than good. They knew all of that, but instead of warning us, the unvaccinated chose to remain silent.”"
18,Response,students,They knew : why didn’t the unvaccinated do more to warn us,low,implicit_assumption,2,104,expert,0,Which assumptions does this claim make? 
18,Context,students,They knew : why didn’t the unvaccinated do more to warn us,low,implicit_assumption,2,104,expert,1,What do you mean?
18,Response,students,They knew : why didn’t the unvaccinated do more to warn us,low,implicit_assumption,2,104,expert,0,On which knowledge does this claim base itself?
18,Context,students,They knew : why didn’t the unvaccinated do more to warn us,low,implicit_assumption,2,104,expert,1,That vaccinated people knew vaccines to be dangerous 
18,Response,students,They knew : why didn’t the unvaccinated do more to warn us,low,implicit_assumption,2,104,expert,0,Is that the only prior knowledge on which this claim builds?
18,Context,students,They knew : why didn’t the unvaccinated do more to warn us,low,implicit_assumption,2,104,expert,1,I am not sure.
18,Response,students,They knew : why didn’t the unvaccinated do more to warn us,low,implicit_assumption,2,104,expert,0,Do you know what an implicit assumption is?
18,Context,students,They knew : why didn’t the unvaccinated do more to warn us,low,implicit_assumption,2,104,expert,1,No
18,Response,students,They knew : why didn’t the unvaccinated do more to warn us,low,implicit_assumption,2,104,expert,0,Would you like to know more via this microlesson?
18,Context,students,They knew : why didn’t the unvaccinated do more to warn us,low,implicit_assumption,2,104,expert,1,Yes.
18,Response,students,They knew : why didn’t the unvaccinated do more to warn us,low,implicit_assumption,2,104,expert,0,So would you say the claim in the article has an implicit assumption?
18,Context,students,They knew : why didn’t the unvaccinated do more to warn us,low,implicit_assumption,2,104,expert,1,"Yes, that vaccines are bad for you."
18,Response,students,They knew : why didn’t the unvaccinated do more to warn us,low,implicit_assumption,3,105,expert,0,"So now that we know all the claims this article is really making, we can look at the argumentation for these claims. What evidence is there to support this?"
18,Context,students,They knew : why didn’t the unvaccinated do more to warn us,low,implicit_assumption,3,105,expert,1,I don’t understand. They say in the article that unvaccinated people knew this and did nothing.
18,Response,students,They knew : why didn’t the unvaccinated do more to warn us,low,implicit_assumption,3,105,expert,0,Does the article give any proof of this or a reason to belief this?
18,Context,students,They knew : why didn’t the unvaccinated do more to warn us,low,implicit_assumption,3,105,expert,1,How could I see that?
18,Response,students,They knew : why didn’t the unvaccinated do more to warn us,low,implicit_assumption,3,105,expert,0,Does the article give extra information such as data or references to trustworthy sources to back the claim?
18,Context,students,They knew : why didn’t the unvaccinated do more to warn us,low,implicit_assumption,3,105,expert,1,No it doesn’t
18,Response,students,They knew : why didn’t the unvaccinated do more to warn us,low,implicit_assumption,3,105,expert,0,So how could you verify this claim?
18,Context,students,They knew : why didn’t the unvaccinated do more to warn us,low,implicit_assumption,3,105,expert,1,"I am not sure. You can’t, I suppose."
18,Response,students,They knew : why didn’t the unvaccinated do more to warn us,low,implicit_assumption,3,105,expert,0,Is there any other reason to belief the author of the article could know these things or has access to particular information?
18,Context,students,They knew : why didn’t the unvaccinated do more to warn us,low,implicit_assumption,3,105,expert,1,the author is not known
18,Response,students,They knew : why didn’t the unvaccinated do more to warn us,low,implicit_assumption,3,105,expert,0,"Based on this, would you say that the argumentation of this claim is solid?"
18,Context,students,They knew : why didn’t the unvaccinated do more to warn us,low,implicit_assumption,3,105,expert,1,I guess not
18,Response,students,They knew : why didn’t the unvaccinated do more to warn us,low,implicit_assumption,4,106,expert,0,Does the article give any alternative viewpoints for this claim?
18,Context,students,They knew : why didn’t the unvaccinated do more to warn us,low,implicit_assumption,4,106,expert,1,What do you mean?
18,Response,students,They knew : why didn’t the unvaccinated do more to warn us,low,implicit_assumption,4,106,expert,0,Does the article give counterarguments in order to report both sides of the story?
18,Context,students,They knew : why didn’t the unvaccinated do more to warn us,low,implicit_assumption,4,106,expert,1,No it does not
18,Response,students,They knew : why didn’t the unvaccinated do more to warn us,low,implicit_assumption,4,106,expert,0,Could you think of an alternative viewpoint on this issue?
18,Context,students,They knew : why didn’t the unvaccinated do more to warn us,low,implicit_assumption,4,106,expert,1,"Yes, I suppose, vaccines could actually be good for people."
18,Response,students,They knew : why didn’t the unvaccinated do more to warn us,low,implicit_assumption,4,106,expert,0,Does the article give any arguments to disprove this alternative viewpoint?
18,Context,students,They knew : why didn’t the unvaccinated do more to warn us,low,implicit_assumption,4,106,expert,1,"It says that vaccines are bad for us, but not why"
18,Response,students,They knew : why didn’t the unvaccinated do more to warn us,low,implicit_assumption,4,106,expert,0,Would you say the article is balanced or rather one-sided?
18,Context,students,They knew : why didn’t the unvaccinated do more to warn us,low,implicit_assumption,4,106,expert,1,No it is rather one-sided
18,Response,students,They knew : why didn’t the unvaccinated do more to warn us,low,implicit_assumption,4,106,expert,0,Why would that be?
18,Context,students,They knew : why didn’t the unvaccinated do more to warn us,low,implicit_assumption,4,106,expert,1,Maybe because they want to persuade me
18,Response,students,They knew : why didn’t the unvaccinated do more to warn us,low,implicit_assumption,4,106,expert,0,Could you think of any other reason why they wouldn’t give any alternative viewpoints.
18,Context,students,They knew : why didn’t the unvaccinated do more to warn us,low,implicit_assumption,4,106,expert,1,"maybe because they don’t know the others, or the others might be stronger."
18,Response,students,They knew : why didn’t the unvaccinated do more to warn us,low,implicit_assumption,5,107,expert,0,What effect does this article have on you?
18,Context,students,They knew : why didn’t the unvaccinated do more to warn us,low,implicit_assumption,5,107,expert,1,It makes me angry and frustrated
18,Response,students,They knew : why didn’t the unvaccinated do more to warn us,low,implicit_assumption,5,107,expert,0,Why do you say that?
18,Context,students,They knew : why didn’t the unvaccinated do more to warn us,low,implicit_assumption,5,107,expert,1,Because it makes me think that I was framed and treated badly. It makes me worried about my health 
18,Response,students,They knew : why didn’t the unvaccinated do more to warn us,low,implicit_assumption,5,107,expert,0,"Would you say that the claim leading to this feeling is solid, based on our conversation?"
18,Context,students,They knew : why didn’t the unvaccinated do more to warn us,low,implicit_assumption,5,107,expert,1,I would say not
18,Response,students,They knew : why didn’t the unvaccinated do more to warn us,low,implicit_assumption,5,107,expert,0,Do you now feel more confident about your skill to assess the trustworthiness of this article?
18,Context,students,They knew : why didn’t the unvaccinated do more to warn us,low,implicit_assumption,5,107,expert,1,Yes I do. I don’t think it is really trustworthy.
18,Response,students,They knew : why didn’t the unvaccinated do more to warn us,low,implicit_assumption,5,107,expert,0,Why do you think that.
18,Context,students,They knew : why didn’t the unvaccinated do more to warn us,low,implicit_assumption,5,107,expert,1,Because it has implicit assumptions and does not give any arguments to support the claims
18,Response,students,They knew : why didn’t the unvaccinated do more to warn us,low,implicit_assumption,5,107,expert,0,Are you satisfied with our conversation or would you like to know more about the article?
18,Context,students,They knew : why didn’t the unvaccinated do more to warn us,low,implicit_assumption,5,107,expert,1,I am satisfied.
18,Response,students,They knew : why didn’t the unvaccinated do more to warn us,low,implicit_assumption,5,107,expert,0,Thank you for using TITAN! 
19,Context,students,Politicians appearing in entertainment television are also campaigning,high,sensational_language,1,108,expert,1,Hi there!  
19,Response,students,Politicians appearing in entertainment television are also campaigning,high,sensational_language,1,108,expert,0,Have you read the article “Politicians appearing in entertainment television are also campaigning” 
19,Context,students,Politicians appearing in entertainment television are also campaigning,high,sensational_language,1,108,expert,1,"Yes, I have."
19,Response,students,Politicians appearing in entertainment television are also campaigning,high,sensational_language,1,108,expert,0,What do you think the article is about? 
19,Context,students,Politicians appearing in entertainment television are also campaigning,high,sensational_language,1,108,expert,1,It is about celebrity politics and how the appearance of politicians in entertainment media might distort democratic processes and be bad for politics.
19,Response,students,Politicians appearing in entertainment television are also campaigning,high,sensational_language,1,108,expert,0,What does the article mean by that?
19,Context,students,Politicians appearing in entertainment television are also campaigning,high,sensational_language,1,108,expert,1,That we should be vigilant to let politicians participate in entertainment programs. That we should not let them become celebrities
19,Response,students,Politicians appearing in entertainment television are also campaigning,high,sensational_language,1,108,expert,0,What do you think about this?
19,Context,students,Politicians appearing in entertainment television are also campaigning,high,sensational_language,1,108,expert,1,I guess the article makes an interesting claim but sometimes I feel it is stretching it a bit far
19,Response,students,Politicians appearing in entertainment television are also campaigning,high,sensational_language,1,108,expert,0,Would you like me to help you with this?
19,Context,students,Politicians appearing in entertainment television are also campaigning,high,sensational_language,1,108,expert,1,Yes
19,Response,students,Politicians appearing in entertainment television are also campaigning,high,sensational_language,3,109,expert,0,Why do you say that it the article is going a bit too far?
19,Context,students,Politicians appearing in entertainment television are also campaigning,high,sensational_language,3,109,expert,1,Because I feel the author sometimes makes some bold statements that lack some nuance.
19,Response,students,Politicians appearing in entertainment television are also campaigning,high,sensational_language,3,109,expert,0,Could you give an example? You may copy paste the text.
19,Context,students,Politicians appearing in entertainment television are also campaigning,high,sensational_language,3,109,expert,1,"“Because if politicians become celebrities, celebrities become politicians, voting becomes a tele-voting gameshow and politics dies”"
19,Response,students,Politicians appearing in entertainment television are also campaigning,high,sensational_language,3,109,expert,0,Why do you doubt this statement? 
19,Context,students,Politicians appearing in entertainment television are also campaigning,high,sensational_language,3,109,expert,1,I just feel like the author might be exaggerating here.
19,Response,students,Politicians appearing in entertainment television are also campaigning,high,sensational_language,3,109,expert,0,What makes you to think that?
19,Context,students,Politicians appearing in entertainment television are also campaigning,high,sensational_language,3,109,expert,1,The word “dies” for instance.  
19,Response,students,Politicians appearing in entertainment television are also campaigning,high,sensational_language,3,109,expert,0,What’s the problem with that?
19,Context,students,Politicians appearing in entertainment television are also campaigning,high,sensational_language,3,109,expert,1,It is kinda strong
19,Response,students,Politicians appearing in entertainment television are also campaigning,high,sensational_language,3,109,expert,0,Do you know what sensational language is?
19,Context,students,Politicians appearing in entertainment television are also campaigning,high,sensational_language,3,109,expert,1,"Yes I do, it is exaggerated language, strong words to attract the attention of readers."
19,Response,students,Politicians appearing in entertainment television are also campaigning,high,sensational_language,3,109,expert,0,Would you like to know more via this microlesson?
19,Context,students,Politicians appearing in entertainment television are also campaigning,high,sensational_language,3,109,expert,1,No
19,Response,students,Politicians appearing in entertainment television are also campaigning,high,sensational_language,3,109,expert,0,Would you say this is sensational language?
19,Context,students,Politicians appearing in entertainment television are also campaigning,high,sensational_language,3,109,expert,1,Yes I would say so
19,Response,students,Politicians appearing in entertainment television are also campaigning,high,sensational_language,3,109,expert,0,Why do you think that?
19,Context,students,Politicians appearing in entertainment television are also campaigning,high,sensational_language,3,109,expert,1,"Because politics would not really die, I suppose."
19,Response,students,Politicians appearing in entertainment television are also campaigning,high,sensational_language,2,110,expert,0,Why would the author do this?
19,Context,students,Politicians appearing in entertainment television are also campaigning,high,sensational_language,2,110,expert,1,To attract attention?
19,Response,students,Politicians appearing in entertainment television are also campaigning,high,sensational_language,2,110,expert,0,Why would the author want to do that?
19,Context,students,Politicians appearing in entertainment television are also campaigning,high,sensational_language,2,110,expert,1,in order to persuade me or even mislead me
19,Response,students,Politicians appearing in entertainment television are also campaigning,high,sensational_language,2,110,expert,0,Are you saying that the author uses sensation language to persuade you of a claim?
19,Context,students,Politicians appearing in entertainment television are also campaigning,high,sensational_language,2,110,expert,1,Yes
19,Response,students,Politicians appearing in entertainment television are also campaigning,high,sensational_language,2,110,expert,0,Why would the author do that
19,Context,students,Politicians appearing in entertainment television are also campaigning,high,sensational_language,2,110,expert,1,Because the author finds this important 
19,Response,students,Politicians appearing in entertainment television are also campaigning,high,sensational_language,4,111,expert,0,Could there be another reason for this?
19,Context,students,Politicians appearing in entertainment television are also campaigning,high,sensational_language,4,111,expert,1,What do you mean?
19,Response,students,Politicians appearing in entertainment television are also campaigning,high,sensational_language,4,111,expert,0,Is there another way to look at this sensational language?
19,Context,students,Politicians appearing in entertainment television are also campaigning,high,sensational_language,4,111,expert,1,Maybe the author wants to spice up the text.
19,Response,students,Politicians appearing in entertainment television are also campaigning,high,sensational_language,4,111,expert,0,Why would the author want to do this?
19,Context,students,Politicians appearing in entertainment television are also campaigning,high,sensational_language,4,111,expert,1,For creative writing purposes
19,Response,students,Politicians appearing in entertainment television are also campaigning,high,sensational_language,4,111,expert,0,Are there in the text other reasons to believe the author would want to mislead you?
19,Context,students,Politicians appearing in entertainment television are also campaigning,high,sensational_language,4,111,expert,1,What do you mean?
19,Response,students,Politicians appearing in entertainment television are also campaigning,high,sensational_language,4,111,expert,0,Is there more sensational language elsewhere in the text?
19,Context,students,Politicians appearing in entertainment television are also campaigning,high,sensational_language,4,111,expert,1,"No, not really"
19,Response,students,Politicians appearing in entertainment television are also campaigning,high,sensational_language,5,112,expert,0,So what would you say is the most probable function of this sensational language?
19,Context,students,Politicians appearing in entertainment television are also campaigning,high,sensational_language,5,112,expert,1,I guess pumping the language
19,Response,students,Politicians appearing in entertainment television are also campaigning,high,sensational_language,5,112,expert,0,What would be the effect of this?
19,Context,students,Politicians appearing in entertainment television are also campaigning,high,sensational_language,5,112,expert,1,That people like to read the article.
19,Response,students,Politicians appearing in entertainment television are also campaigning,high,sensational_language,5,112,expert,0,What to you think of that?
19,Context,students,Politicians appearing in entertainment television are also campaigning,high,sensational_language,5,112,expert,1,I guess it’s part of the job
19,Response,students,Politicians appearing in entertainment television are also campaigning,high,sensational_language,5,112,expert,0,So how would you assess the trustworthiness of the article?
19,Context,students,Politicians appearing in entertainment television are also campaigning,high,sensational_language,5,112,expert,1,"trustworthy, despite the sensational language at the end"
19,Response,students,Politicians appearing in entertainment television are also campaigning,high,sensational_language,5,112,expert,0,Is there reason to distrust the rest of the article?
19,Context,students,Politicians appearing in entertainment television are also campaigning,high,sensational_language,5,112,expert,1,Not immediately
19,Response,students,Politicians appearing in entertainment television are also campaigning,high,sensational_language,5,112,expert,0,Are you satisfied with our conversation or would you like to know more about the article?
19,Context,students,Politicians appearing in entertainment television are also campaigning,high,sensational_language,5,112,expert,1,I am satisfied.
19,Response,students,Politicians appearing in entertainment television are also campaigning,high,sensational_language,5,112,expert,0,Thank you for using TITAN! 
20,Context,students,The government is spying on you through LED-lighting!!,low,appeal_authority,1,113,expert,1,Hello!
20,Response,students,The government is spying on you through LED-lighting!!,low,appeal_authority,1,113,expert,0,You've selected the article: “The government is spying on you through LED-lighting!!” 
20,Context,students,The government is spying on you through LED-lighting!!,low,appeal_authority,1,113,expert,1,Yes.
20,Response,students,The government is spying on you through LED-lighting!!,low,appeal_authority,1,113,expert,0,What is the main issue in the article?  
20,Context,students,The government is spying on you through LED-lighting!!,low,appeal_authority,1,113,expert,1,The article claims that governments and large corporations are using LED lights to monitor individuals. This is conducted through the Internet of Things.  
20,Response,students,The government is spying on you through LED-lighting!!,low,appeal_authority,2,114,expert,0,What caught your attention about this article? 
20,Context,students,The government is spying on you through LED-lighting!!,low,appeal_authority,2,114,expert,1,The topic is extremely interesting and raises an issue of major concern.  
20,Response,students,The government is spying on you through LED-lighting!!,low,appeal_authority,2,114,expert,0,What do you already know about the issue?  
20,Context,students,The government is spying on you through LED-lighting!!,low,appeal_authority,2,114,expert,1,This is the first time I've heard about this issue. 
20,Response,students,The government is spying on you through LED-lighting!!,low,appeal_authority,2,114,expert,0,Would you like to learn more about the quality of reasoning in this article?  
20,Context,students,The government is spying on you through LED-lighting!!,low,appeal_authority,2,114,expert,1,"Certainly, yes!"
20,Response,students,The government is spying on you through LED-lighting!!,low,appeal_authority,2,114,expert,0,Good reasoning or sound reasoning refers to avoiding logical fallacies or errors in an argument. 
20,Context,students,The government is spying on you through LED-lighting!!,low,appeal_authority,2,114,expert,1,That's helpful. 
20,Response,students,The government is spying on you through LED-lighting!!,low,appeal_authority,2,114,expert,0,Would you like me to assist you in identifying logical fallacies in this article? 
20,Context,students,The government is spying on you through LED-lighting!!,low,appeal_authority,2,114,expert,1,"Yes, but I don’t know what a logical fallacy is exactly."
20,Response,students,The government is spying on you through LED-lighting!!,low,appeal_authority,2,114,expert,0,A logical fallacy is a flaw in reasoning that makes an argument invalid or unsound. A logical fallacy can make an argument potentially misleading. 
20,Context,students,The government is spying on you through LED-lighting!!,low,appeal_authority,2,114,expert,1,That’s useful.  
20,Response,students,The government is spying on you through LED-lighting!!,low,appeal_authority,3,115,expert,0,We can focus on a logical fallacy called Appeal to Authority (argumentum ad auctoritatem). 
20,Context,students,The government is spying on you through LED-lighting!!,low,appeal_authority,3,115,expert,1,Fine!  
20,Response,students,The government is spying on you through LED-lighting!!,low,appeal_authority,3,115,expert,0,Would you like to learn more about this logical fallacy?  
20,Context,students,The government is spying on you through LED-lighting!!,low,appeal_authority,3,115,expert,1,Yes.
20,Response,students,The government is spying on you through LED-lighting!!,low,appeal_authority,3,115,expert,0,"Appeal to Authority (argumentum ad auctoritatem) occurs when a claim is supported by relying on the expertise of an authority figure, or an expert in a field, rather than on sound reasoning or objective evidence."
20,Context,students,The government is spying on you through LED-lighting!!,low,appeal_authority,3,115,expert,1,Can you provide an example?  
20,Response,students,The government is spying on you through LED-lighting!!,low,appeal_authority,3,115,expert,0,Here is an example “You should take vitamins A and C because experts in healthcare said they are the best.” Can you identify the logical fallacy in this claim? 
20,Context,students,The government is spying on you through LED-lighting!!,low,appeal_authority,3,115,expert,1,"Not really, this claim is based on the expertise of healthcare specialists."
20,Response,students,The government is spying on you through LED-lighting!!,low,appeal_authority,3,115,expert,0,"Yes, but is there any evidence provided to support the claim?"
20,Context,students,The government is spying on you through LED-lighting!!,low,appeal_authority,3,115,expert,1,No.  
20,Response,students,The government is spying on you through LED-lighting!!,low,appeal_authority,3,115,expert,0,This is the reason why this example is a case of an Appeal to Authority fallacy. 
20,Context,students,The government is spying on you through LED-lighting!!,low,appeal_authority,3,115,expert,1,Can you clarify?   
20,Response,students,The government is spying on you through LED-lighting!!,low,appeal_authority,3,115,expert,0,"The claim in the example urges us to use vitamins because experts in healthcare said so, without providing sound reasoning or objective evidence."
20,Context,students,The government is spying on you through LED-lighting!!,low,appeal_authority,3,115,expert,1,That’s informative.  
20,Response,students,The government is spying on you through LED-lighting!!,low,appeal_authority,3,115,expert,0,Can you identify a similar practice in the article?  
20,Context,students,The government is spying on you through LED-lighting!!,low,appeal_authority,3,115,expert,1,"Yes, I think the following statement “university research all over the world have shown that LED-lighting is bad for your eyes”."
20,Response,students,The government is spying on you through LED-lighting!!,low,appeal_authority,3,115,expert,0,What led you to that decision? 
20,Context,students,The government is spying on you through LED-lighting!!,low,appeal_authority,3,115,expert,1,The expression “university research” appeals to the authority of university researchers 
20,Response,students,The government is spying on you through LED-lighting!!,low,appeal_authority,3,115,expert,0,"Yes, but can we admit that university research is conducted by experts on a field with careful scientific research that is published in reputable and reliable academic journals?"
20,Context,students,The government is spying on you through LED-lighting!!,low,appeal_authority,3,115,expert,1,"Yes, we can admit it."
20,Response,students,The government is spying on you through LED-lighting!!,low,appeal_authority,3,115,expert,0,"So, why do you suggest that this could be the case of an Appeal to Authority fallacy?"
20,Context,students,The government is spying on you through LED-lighting!!,low,appeal_authority,3,115,expert,1,"There is no evidence provided to support the claim, and without any cited sources."
20,Response,students,The government is spying on you through LED-lighting!!,low,appeal_authority,3,115,expert,0,"Brilliant! So, the statement can be called into question."
20,Context,students,The government is spying on you through LED-lighting!!,low,appeal_authority,3,115,expert,1,Yes   
20,Response,students,The government is spying on you through LED-lighting!!,low,appeal_authority,4,116,expert,0,Are there any alternative viewpoints?
20,Context,students,The government is spying on you through LED-lighting!!,low,appeal_authority,4,116,expert,1,"Perhaps, no."
20,Response,students,The government is spying on you through LED-lighting!!,low,appeal_authority,4,116,expert,0,"What about claiming that despite the unspecified evidence of the assertion, the conclusion might be correct."
20,Context,students,The government is spying on you through LED-lighting!!,low,appeal_authority,4,116,expert,1,How is this possible? I'm not sure. 
20,Response,students,The government is spying on you through LED-lighting!!,low,appeal_authority,4,116,expert,0,Your question is valid. We need further reasons to doubt the validity of the statement.  
20,Context,students,The government is spying on you through LED-lighting!!,low,appeal_authority,4,116,expert,1,Yes.  
20,Response,students,The government is spying on you through LED-lighting!!,low,appeal_authority,4,116,expert,0,Is there any additional reason to doubt the validity of the statement? 
20,Context,students,The government is spying on you through LED-lighting!!,low,appeal_authority,4,116,expert,1,I am not sure.  
20,Response,students,The government is spying on you through LED-lighting!!,low,appeal_authority,4,116,expert,0,"Consider the assertion in statement that university research is globally applicable, “all over the world”"
20,Context,students,The government is spying on you through LED-lighting!!,low,appeal_authority,4,116,expert,1,That’s interesting.  
20,Response,students,The government is spying on you through LED-lighting!!,low,appeal_authority,4,116,expert,0,"The phrase is a generalization, a broad expression suggesting that something is globally or universally true."
20,Context,students,The government is spying on you through LED-lighting!!,low,appeal_authority,4,116,expert,1,That’s helpful  
20,Response,students,The government is spying on you through LED-lighting!!,low,appeal_authority,4,116,expert,0,"Drawing a conclusion based on limited or insufficient evidence can result in another logical fallacy, known as Hasty Generalization."
20,Context,students,The government is spying on you through LED-lighting!!,low,appeal_authority,4,116,expert,1,Could you please explain further?
20,Response,students,The government is spying on you through LED-lighting!!,low,appeal_authority,4,116,expert,0,"A Hasty Generalization occurs when conclusions are drawn about an entire group or category based on insufficient or limited evidence, often relying on stereotypes."
20,Context,students,The government is spying on you through LED-lighting!!,low,appeal_authority,4,116,expert,1,Can you provide an example? 
20,Response,students,The government is spying on you through LED-lighting!!,low,appeal_authority,4,116,expert,0,Consider the claim that “A group of teenagers sabotaged the exhibition. There is no doubt that teenagers are reckless and vicious”. 
20,Context,students,The government is spying on you through LED-lighting!!,low,appeal_authority,4,116,expert,1,That’s informative.  
20,Response,students,The government is spying on you through LED-lighting!!,low,appeal_authority,4,116,expert,0,"So, do you think that statement is also subject to a Hasty Generalization fallacy?"
20,Context,students,The government is spying on you through LED-lighting!!,low,appeal_authority,4,116,expert,1,Yes.  
20,Response,students,The government is spying on you through LED-lighting!!,low,appeal_authority,5,117,expert,0,Are there any consequences of accepting statement?  
20,Context,students,The government is spying on you through LED-lighting!!,low,appeal_authority,5,117,expert,1,I don’t think there are any serious implications.   
20,Response,students,The government is spying on you through LED-lighting!!,low,appeal_authority,5,117,expert,0,"Could a fallacious claim, which relies on Hasty Generalization and Appeals to Authority, cause unwarranted anxiety or unnecessary fear in the reader?"
20,Context,students,The government is spying on you through LED-lighting!!,low,appeal_authority,5,117,expert,1,"Yes, if it is taken seriously."
20,Response,students,The government is spying on you through LED-lighting!!,low,appeal_authority,5,117,expert,0,"Moreover, do you agree that the statement might bring mistrust to LED-lighting technologies, and their possible advantages?"
20,Context,students,The government is spying on you through LED-lighting!!,low,appeal_authority,5,117,expert,1,"Yes, I agree."
20,Response,students,The government is spying on you through LED-lighting!!,low,appeal_authority,5,117,expert,0,Would you like to learn more about the implications and consequences of disinformation?  
20,Context,students,The government is spying on you through LED-lighting!!,low,appeal_authority,5,117,expert,1,No. 
20,Response,students,The government is spying on you through LED-lighting!!,low,appeal_authority,6,118,expert,0,Was it appropriate to check the article for the Appeal to Authority fallacy? 
20,Context,students,The government is spying on you through LED-lighting!!,low,appeal_authority,6,118,expert,1,"Yes, definitely."
20,Response,students,The government is spying on you through LED-lighting!!,low,appeal_authority,6,118,expert,0,"Do you agree that a claim which relies on unsupported authority and broad generalizations, is not only invalid but also carries potential negative consequences?"
20,Context,students,The government is spying on you through LED-lighting!!,low,appeal_authority,6,118,expert,1,"Yes, indeed."
20,Response,students,The government is spying on you through LED-lighting!!,low,appeal_authority,6,118,expert,0,"So, considering the Appeal to Authority fallacy, the claim should be doubted, and the article is in question."
20,Context,students,The government is spying on you through LED-lighting!!,low,appeal_authority,6,118,expert,1,Yes.  
20,Response,students,The government is spying on you through LED-lighting!!,low,appeal_authority,6,118,expert,0,"We can also assert that the argument is not valid, as far as the evidence provided is not sufficient to support the claim."
20,Context,students,The government is spying on you through LED-lighting!!,low,appeal_authority,6,118,expert,1,Correct.  
20,Response,students,The government is spying on you through LED-lighting!!,low,appeal_authority,6,118,expert,0,What would be a recommended course of action once an Appeal to Authority fallacy has been identified? 
20,Context,students,The government is spying on you through LED-lighting!!,low,appeal_authority,6,118,expert,1,I am not sure.  
20,Response,students,The government is spying on you through LED-lighting!!,low,appeal_authority,6,118,expert,0,"I would suggest examining the validity of statement, by finding reliable evidence and unbiased sources."
20,Context,students,The government is spying on you through LED-lighting!!,low,appeal_authority,6,118,expert,1,That’s a good suggestion.
20,Response,students,The government is spying on you through LED-lighting!!,low,appeal_authority,6,118,expert,0,Would you recommend any additional evaluation of the article?  
20,Context,students,The government is spying on you through LED-lighting!!,low,appeal_authority,6,118,expert,1,"Perhaps, the article should be checked for more logical fallacies."
20,Response,students,The government is spying on you through LED-lighting!!,low,appeal_authority,6,118,expert,0,Would you like further assistance? 
20,Context,students,The government is spying on you through LED-lighting!!,low,appeal_authority,6,118,expert,1,No  
20,Response,students,The government is spying on you through LED-lighting!!,low,appeal_authority,6,118,expert,0,Thank you for using TITAN!  
21,Context,students,The government is spying on you through LED-lighting!!,medium,bandwagon,1,119,expert,1,Hello! 
21,Response,students,The government is spying on you through LED-lighting!!,medium,bandwagon,1,119,expert,0,You've selected the article: “The government is spying on you through LED-lighting!!”
21,Context,students,The government is spying on you through LED-lighting!!,medium,bandwagon,1,119,expert,1,Yes. 
21,Response,students,The government is spying on you through LED-lighting!!,medium,bandwagon,1,119,expert,0,What is the main issue in the article? 
21,Context,students,The government is spying on you through LED-lighting!!,medium,bandwagon,1,119,expert,1,The article claims that governments and large corporations are using LED lights to monitor individuals. This is conducted through the Internet of Things. There are also serious implications for our health and political freedoms regarding LED lighting.  
21,Response,students,The government is spying on you through LED-lighting!!,medium,bandwagon,2,120,expert,0,What caught your attention about this article?
21,Context,students,The government is spying on you through LED-lighting!!,medium,bandwagon,2,120,expert,1,"While the topic is extremely interesting, the website source appears untrustworthy, as it claims to provide 'The Truth About Technology'."
21,Response,students,The government is spying on you through LED-lighting!!,medium,bandwagon,2,120,expert,0,That’s a good reason. What about the claims and the language of the article? 
21,Context,students,The government is spying on you through LED-lighting!!,medium,bandwagon,2,120,expert,1,"The topic and language seem to be unusual, and there is limited reasoning and evidence to support the claims."
21,Response,students,The government is spying on you through LED-lighting!!,medium,bandwagon,2,120,expert,0,Can you provide an example? 
21,Context,students,The government is spying on you through LED-lighting!!,medium,bandwagon,2,120,expert,1,There is no evidence provided that large corporations and the government force people to phase out regular lights to replace them with LED lights
21,Response,students,The government is spying on you through LED-lighting!!,medium,bandwagon,2,120,expert,0,What do you already know about the issue? 
21,Context,students,The government is spying on you through LED-lighting!!,medium,bandwagon,2,120,expert,1,This is the first time I've heard about this issue.
21,Response,students,The government is spying on you through LED-lighting!!,medium,bandwagon,2,120,expert,0,Would you like to learn more about the quality of reasoning in this article? 
21,Context,students,The government is spying on you through LED-lighting!!,medium,bandwagon,2,120,expert,1,"Certainly, yes!"
21,Response,students,The government is spying on you through LED-lighting!!,medium,bandwagon,2,120,expert,0,Would you like me to provide guidance on how to check for logical fallacies in this article?
21,Context,students,The government is spying on you through LED-lighting!!,medium,bandwagon,2,120,expert,1,That would be useful. 
21,Response,students,The government is spying on you through LED-lighting!!,medium,bandwagon,3,121,expert,0,We can focus on a logical fallacy called Bandwagon. Do you agree? 
21,Context,students,The government is spying on you through LED-lighting!!,medium,bandwagon,3,121,expert,1,"Yes, and I would like to learn more about this logical fallacy."
21,Response,students,The government is spying on you through LED-lighting!!,medium,bandwagon,3,121,expert,0,Bandwagon occurs when a claim is supported by stating that ‘everyone’ believes or acts in a particular way. 
21,Context,students,The government is spying on you through LED-lighting!!,medium,bandwagon,3,121,expert,1,Can you provide an example? 
21,Response,students,The government is spying on you through LED-lighting!!,medium,bandwagon,3,121,expert,0,Here is an example “It’s fine to cheat on exams because it’s a common practice” Can you identify the logical fallacy in this claim?
21,Context,students,The government is spying on you through LED-lighting!!,medium,bandwagon,3,121,expert,1,"Yes, in my view, cheating on exams can’t be acceptable, regardless of how common it may be."
21,Response,students,The government is spying on you through LED-lighting!!,medium,bandwagon,3,121,expert,0,Brilliant! Can you identify a similar practice in the article? 
21,Context,students,The government is spying on you through LED-lighting!!,medium,bandwagon,3,121,expert,1,"Yes, I think the following statement: “We all know that LED came out of nowhere and is taking over everything now.”"
21,Response,students,The government is spying on you through LED-lighting!!,medium,bandwagon,3,121,expert,0,What led you to that decision?
21,Context,students,The government is spying on you through LED-lighting!!,medium,bandwagon,3,121,expert,1,The statement assumes that LED lighting is gaining widespread acceptance without providing evidence to support the claim. 
21,Response,students,The government is spying on you through LED-lighting!!,medium,bandwagon,3,121,expert,0,Can you identify any other misleading expression in statement? 
21,Context,students,The government is spying on you through LED-lighting!!,medium,bandwagon,3,121,expert,1,"Yes, I think the alleged common agreement that LED lighting “came out of nowhere”."
21,Response,students,The government is spying on you through LED-lighting!!,medium,bandwagon,3,121,expert,0,"So, do you think we have a case of a Bandwagon fallacy?"
21,Context,students,The government is spying on you through LED-lighting!!,medium,bandwagon,3,121,expert,1,Yes. The claim for the widespread acceptance of LED lighting is not based on concrete evidence but on the assumption of an alleged agreement that it came out of nowhere. 
21,Response,students,The government is spying on you through LED-lighting!!,medium,bandwagon,3,121,expert,0,"Perfect! So, the statement can be called into question."
21,Context,students,The government is spying on you through LED-lighting!!,medium,bandwagon,3,121,expert,1,Yes 
21,Response,students,The government is spying on you through LED-lighting!!,medium,bandwagon,4,122,expert,0,Are there alternative viewpoints?
21,Context,students,The government is spying on you through LED-lighting!!,medium,bandwagon,4,122,expert,1,"Yes, even though the statement includes a logical fallacy, LED lighting is gaining widespread acceptance."
21,Response,students,The government is spying on you through LED-lighting!!,medium,bandwagon,4,122,expert,0,"That’s correct, but can we draw a valid conclusion on unspecified evidence?"
21,Context,students,The government is spying on you through LED-lighting!!,medium,bandwagon,4,122,expert,1,"No, this is not possible."
21,Response,students,The government is spying on you through LED-lighting!!,medium,bandwagon,4,122,expert,0,"Drawing a conclusion based on limited or insufficient evidence can result in another logical fallacy, known as Hasty Generalization."
21,Context,students,The government is spying on you through LED-lighting!!,medium,bandwagon,4,122,expert,1,Could you please explain further?
21,Response,students,The government is spying on you through LED-lighting!!,medium,bandwagon,4,122,expert,0,"A Hasty Generalization occurs when conclusions are drawn about an entire group or category based on insufficient or limited evidence, often relying on stereotypes."
21,Context,students,The government is spying on you through LED-lighting!!,medium,bandwagon,4,122,expert,1,Can you provide an example?
21,Response,students,The government is spying on you through LED-lighting!!,medium,bandwagon,4,122,expert,0,Consider the claim that “A group of teenagers sabotaged the exhibition. There is no doubt that teenagers are reckless and vicious”. 
21,Context,students,The government is spying on you through LED-lighting!!,medium,bandwagon,4,122,expert,1,That’s informative. 
21,Response,students,The government is spying on you through LED-lighting!!,medium,bandwagon,4,122,expert,0,Do you think the conclusion of statement is uncertain and overly broad due to a hasty generalization that relies on exaggeration and insufficient evidence?
21,Context,students,The government is spying on you through LED-lighting!!,medium,bandwagon,4,122,expert,1,"Yes, I agree."
21,Response,students,The government is spying on you through LED-lighting!!,medium,bandwagon,5,123,expert,0,"Additionally, are there any consequences of accepting the statement?"
21,Context,students,The government is spying on you through LED-lighting!!,medium,bandwagon,5,123,expert,1,I think that such a fallacious claim might bring an uncritical disbelief about LED lighting.   
21,Response,students,The government is spying on you through LED-lighting!!,medium,bandwagon,5,123,expert,0,How would this affect someone?
21,Context,students,The government is spying on you through LED-lighting!!,medium,bandwagon,5,123,expert,1,This might cause unnecessary fear in the reader? 
21,Response,students,The government is spying on you through LED-lighting!!,medium,bandwagon,5,123,expert,0,What would be the result? 
21,Context,students,The government is spying on you through LED-lighting!!,medium,bandwagon,5,123,expert,1,It's unfair to make the reader feel subject to a privacy concern.
21,Response,students,The government is spying on you through LED-lighting!!,medium,bandwagon,5,123,expert,0,"So, there is an ethical implication of statement."
21,Context,students,The government is spying on you through LED-lighting!!,medium,bandwagon,5,123,expert,1,"Yes, indeed."
21,Response,students,The government is spying on you through LED-lighting!!,medium,bandwagon,5,123,expert,0,Can you see an immediate result of this practice in the text? 
21,Context,students,The government is spying on you through LED-lighting!!,medium,bandwagon,5,123,expert,1,"In my view, it leads to the next claim in the article, that LED lights are “connected to the Internet of Things”, and so to worldwide citizens’ control by governments and large corporations."
21,Response,students,The government is spying on you through LED-lighting!!,medium,bandwagon,5,123,expert,0,What’s the issue with these claims? 
21,Context,students,The government is spying on you through LED-lighting!!,medium,bandwagon,5,123,expert,1,They are also uncritical and unjustified. 
21,Response,students,The government is spying on you through LED-lighting!!,medium,bandwagon,5,123,expert,0,What would be the result? 
21,Context,students,The government is spying on you through LED-lighting!!,medium,bandwagon,5,123,expert,1,"If we accept them, there might cause an unreasonable mistrust to LED-lighting technologies, and their possible advantages."
21,Response,students,The government is spying on you through LED-lighting!!,medium,bandwagon,5,123,expert,0,Would you like to learn more about the implications and consequences of disinformation? 
21,Context,students,The government is spying on you through LED-lighting!!,medium,bandwagon,5,123,expert,1,No.
21,Response,students,The government is spying on you through LED-lighting!!,medium,bandwagon,6,124,expert,0,Was it appropriate to check the article for the Bandwagon fallacy?
21,Context,students,The government is spying on you through LED-lighting!!,medium,bandwagon,6,124,expert,1,"Yes, definitely."
21,Response,students,The government is spying on you through LED-lighting!!,medium,bandwagon,6,124,expert,0,"Do you agree that a claim like statement, which relies on an alleged agreement without concrete evidence but hasty generalizations, is not only invalid but also carries potential negative consequences?"
21,Context,students,The government is spying on you through LED-lighting!!,medium,bandwagon,6,124,expert,1,"Yes, indeed."
21,Response,students,The government is spying on you through LED-lighting!!,medium,bandwagon,6,124,expert,0,"So, considering the Bandwagon fallacy, the claim should be doubted, and the article is in question."
21,Context,students,The government is spying on you through LED-lighting!!,medium,bandwagon,6,124,expert,1,Correct. 
21,Response,students,The government is spying on you through LED-lighting!!,medium,bandwagon,6,124,expert,0,What would be a recommended course of action once a Bandwagon fallacy has been identified?
21,Context,students,The government is spying on you through LED-lighting!!,medium,bandwagon,6,124,expert,1,"I would search for the validity of statement, by finding reliable evidence and sources."
21,Response,students,The government is spying on you through LED-lighting!!,medium,bandwagon,6,124,expert,0,That’s a good suggestion. Would you recommend any additional evaluation of the article? 
21,Context,students,The government is spying on you through LED-lighting!!,medium,bandwagon,6,124,expert,1,"Perhaps, the article should be checked for more logical fallacies."
21,Response,students,The government is spying on you through LED-lighting!!,medium,bandwagon,6,124,expert,0,Would you like further assistance?
21,Context,students,The government is spying on you through LED-lighting!!,medium,bandwagon,6,124,expert,1,No 
21,Response,students,The government is spying on you through LED-lighting!!,medium,bandwagon,6,124,expert,0,Thank you for using TITAN!
22,Context,students,Transform Your Body with the Latest Breakthrough in Weight Loss – SkinnySecretsExposed.com,low,slippery_slope,1,125,expert,1,Hello!   
22,Response,students,Transform Your Body with the Latest Breakthrough in Weight Loss – SkinnySecretsExposed.com,low,slippery_slope,1,125,expert,0,You've selected the article: “Transform Your Body with the Latest Breakthrough in Weight Loss” 
22,Context,students,Transform Your Body with the Latest Breakthrough in Weight Loss – SkinnySecretsExposed.com,low,slippery_slope,1,125,expert,1,Yes.  
22,Response,students,Transform Your Body with the Latest Breakthrough in Weight Loss – SkinnySecretsExposed.com,low,slippery_slope,1,125,expert,0,What is the main issue in the article?  
22,Context,students,Transform Your Body with the Latest Breakthrough in Weight Loss – SkinnySecretsExposed.com,low,slippery_slope,1,125,expert,1,"The article promotes a revolutionary diet product that is recommended by experts. The diet product uses a powerful combination of natural ingredients to suppress appetite, boost metabolism, and burn fat."
22,Response,students,Transform Your Body with the Latest Breakthrough in Weight Loss – SkinnySecretsExposed.com,low,slippery_slope,2,126,expert,0,What caught your attention about this article? 
22,Context,students,Transform Your Body with the Latest Breakthrough in Weight Loss – SkinnySecretsExposed.com,low,slippery_slope,2,126,expert,1,The product looks revolutionary indeed. 
22,Response,students,Transform Your Body with the Latest Breakthrough in Weight Loss – SkinnySecretsExposed.com,low,slippery_slope,2,126,expert,0,What do you already know about the product?  
22,Context,students,Transform Your Body with the Latest Breakthrough in Weight Loss – SkinnySecretsExposed.com,low,slippery_slope,2,126,expert,1,This is the first time I've heard about this product. 
22,Response,students,Transform Your Body with the Latest Breakthrough in Weight Loss – SkinnySecretsExposed.com,low,slippery_slope,2,126,expert,0,Would you like to learn more about the quality of reasoning in this article?  
22,Context,students,Transform Your Body with the Latest Breakthrough in Weight Loss – SkinnySecretsExposed.com,low,slippery_slope,2,126,expert,1,"Certainly, yes!"
22,Response,students,Transform Your Body with the Latest Breakthrough in Weight Loss – SkinnySecretsExposed.com,low,slippery_slope,2,126,expert,0,Good reasoning or sound reasoning refers to avoiding logical fallacies or errors in an argument. 
22,Context,students,Transform Your Body with the Latest Breakthrough in Weight Loss – SkinnySecretsExposed.com,low,slippery_slope,2,126,expert,1,That's helpful. 
22,Response,students,Transform Your Body with the Latest Breakthrough in Weight Loss – SkinnySecretsExposed.com,low,slippery_slope,2,126,expert,0,Would you like me to assist you in identifying logical fallacies in this article? 
22,Context,students,Transform Your Body with the Latest Breakthrough in Weight Loss – SkinnySecretsExposed.com,low,slippery_slope,2,126,expert,1,"Yes, but I don’t know what a logical fallacy is exactly."
22,Response,students,Transform Your Body with the Latest Breakthrough in Weight Loss – SkinnySecretsExposed.com,low,slippery_slope,2,126,expert,0,A logical fallacy is a flaw in reasoning that makes an argument invalid or unsound. A logical fallacy can make an argument potentially misleading.
22,Context,students,Transform Your Body with the Latest Breakthrough in Weight Loss – SkinnySecretsExposed.com,low,slippery_slope,2,126,expert,1,That’s useful to verify the claims about this product.  
22,Response,students,Transform Your Body with the Latest Breakthrough in Weight Loss – SkinnySecretsExposed.com,low,slippery_slope,3,127,expert,0,We can focus on a logical fallacy called Slippery Slope.  
22,Context,students,Transform Your Body with the Latest Breakthrough in Weight Loss – SkinnySecretsExposed.com,low,slippery_slope,3,127,expert,1,Fine.  
22,Response,students,Transform Your Body with the Latest Breakthrough in Weight Loss – SkinnySecretsExposed.com,low,slippery_slope,3,127,expert,0,Would you like to learn more about this logical fallacy?  
22,Context,students,Transform Your Body with the Latest Breakthrough in Weight Loss – SkinnySecretsExposed.com,low,slippery_slope,3,127,expert,1,Yes.
22,Response,students,Transform Your Body with the Latest Breakthrough in Weight Loss – SkinnySecretsExposed.com,low,slippery_slope,3,127,expert,0,Slippery Slope occurs when a claim involves the assumption that a particular action will trigger an unmanageable series of unfavorable events.
22,Context,students,Transform Your Body with the Latest Breakthrough in Weight Loss – SkinnySecretsExposed.com,low,slippery_slope,3,127,expert,1,Can you be more specific?
22,Response,students,Transform Your Body with the Latest Breakthrough in Weight Loss – SkinnySecretsExposed.com,low,slippery_slope,3,127,expert,0,"A claim with a Slippery Slope fallacy asserts a domino effect will result in a disastrous and inevitable outcome, but with insufficient or no evidence provided."
22,Context,students,Transform Your Body with the Latest Breakthrough in Weight Loss – SkinnySecretsExposed.com,low,slippery_slope,3,127,expert,1,Can you give me an example?  
22,Response,students,Transform Your Body with the Latest Breakthrough in Weight Loss – SkinnySecretsExposed.com,low,slippery_slope,3,127,expert,0,"Here is an example “If you don't enroll in mathematics classes, you won't be able to gain admission to a reputable college.” Can you identify the logical fallacy in this claim?"
22,Context,students,Transform Your Body with the Latest Breakthrough in Weight Loss – SkinnySecretsExposed.com,low,slippery_slope,3,127,expert,1,"Not really, mathematics is very important to gain admission if you want to get into a good college."
22,Response,students,Transform Your Body with the Latest Breakthrough in Weight Loss – SkinnySecretsExposed.com,low,slippery_slope,3,127,expert,0,Is mathematics the sole crucial subject for gaining admission to a reputable college
22,Context,students,Transform Your Body with the Latest Breakthrough in Weight Loss – SkinnySecretsExposed.com,low,slippery_slope,3,127,expert,1,No.
22,Response,students,Transform Your Body with the Latest Breakthrough in Weight Loss – SkinnySecretsExposed.com,low,slippery_slope,3,127,expert,0,"Therefore, the above-mentioned claim is an exaggeration and overemphasizes an undesirable effect."
22,Context,students,Transform Your Body with the Latest Breakthrough in Weight Loss – SkinnySecretsExposed.com,low,slippery_slope,3,127,expert,1,Yes.
22,Response,students,Transform Your Body with the Latest Breakthrough in Weight Loss – SkinnySecretsExposed.com,low,slippery_slope,3,127,expert,0,"Moreover, is there any proof or evidence provided for the claim above?"
22,Context,students,Transform Your Body with the Latest Breakthrough in Weight Loss – SkinnySecretsExposed.com,low,slippery_slope,3,127,expert,1,No. 
22,Response,students,Transform Your Body with the Latest Breakthrough in Weight Loss – SkinnySecretsExposed.com,low,slippery_slope,3,127,expert,0,"Due to the above reasons, the example above is a case of a Slippery Slope logical fallacy."
22,Context,students,Transform Your Body with the Latest Breakthrough in Weight Loss – SkinnySecretsExposed.com,low,slippery_slope,3,127,expert,1,That’s clear now.  
22,Response,students,Transform Your Body with the Latest Breakthrough in Weight Loss – SkinnySecretsExposed.com,low,slippery_slope,3,127,expert,0,Can you identify a similar practice in the article?  
22,Context,students,Transform Your Body with the Latest Breakthrough in Weight Loss – SkinnySecretsExposed.com,low,slippery_slope,3,127,expert,1,"Yes, I think the following statement “If you don't act now, your weight could continue to spiral out of control, leading to chronic illnesses such as heart disease, diabetes, and even cancer.”"
22,Response,students,Transform Your Body with the Latest Breakthrough in Weight Loss – SkinnySecretsExposed.com,low,slippery_slope,3,127,expert,0,What led you to that decision?
22,Context,students,Transform Your Body with the Latest Breakthrough in Weight Loss – SkinnySecretsExposed.com,low,slippery_slope,3,127,expert,1,"The claim hypothesizes that failing to adhere to a dietary practice will lead to unfavorable health results, such cancer, heart disease and diabetes."
22,Response,students,Transform Your Body with the Latest Breakthrough in Weight Loss – SkinnySecretsExposed.com,low,slippery_slope,3,127,expert,0,Is it possible? 
22,Context,students,Transform Your Body with the Latest Breakthrough in Weight Loss – SkinnySecretsExposed.com,low,slippery_slope,3,127,expert,1,"Yes, but the statement seems to exaggerate this issue and without any evidence provided."
22,Response,students,Transform Your Body with the Latest Breakthrough in Weight Loss – SkinnySecretsExposed.com,low,slippery_slope,3,127,expert,0,Can you identify this exaggeration?
22,Context,students,Transform Your Body with the Latest Breakthrough in Weight Loss – SkinnySecretsExposed.com,low,slippery_slope,3,127,expert,1,"Yes, this expression that “your weight could continue to spiral out of control” overstates the situation and is somewhat phobic."
22,Response,students,Transform Your Body with the Latest Breakthrough in Weight Loss – SkinnySecretsExposed.com,low,slippery_slope,3,127,expert,0,"So, do you think that the statement entails a Slippery Slope fallacy?"
22,Context,students,Transform Your Body with the Latest Breakthrough in Weight Loss – SkinnySecretsExposed.com,low,slippery_slope,3,127,expert,1,Yes. 
22,Response,students,Transform Your Body with the Latest Breakthrough in Weight Loss – SkinnySecretsExposed.com,low,slippery_slope,3,127,expert,0,"Therefore, statement can be called into question?"
22,Context,students,Transform Your Body with the Latest Breakthrough in Weight Loss – SkinnySecretsExposed.com,low,slippery_slope,3,127,expert,1,Yes. 
22,Response,students,Transform Your Body with the Latest Breakthrough in Weight Loss – SkinnySecretsExposed.com,low,slippery_slope,4,128,expert,0,Are there any alternative viewpoints? 
22,Context,students,Transform Your Body with the Latest Breakthrough in Weight Loss – SkinnySecretsExposed.com,low,slippery_slope,4,128,expert,1,"Perhaps, no."
22,Response,students,Transform Your Body with the Latest Breakthrough in Weight Loss – SkinnySecretsExposed.com,low,slippery_slope,4,128,expert,0,"What about claiming that despite the exaggeration and the lack of evidence, the conclusion underlines several serious dangers for our health."
22,Context,students,Transform Your Body with the Latest Breakthrough in Weight Loss – SkinnySecretsExposed.com,low,slippery_slope,4,128,expert,1,Correct! 
22,Response,students,Transform Your Body with the Latest Breakthrough in Weight Loss – SkinnySecretsExposed.com,low,slippery_slope,4,128,expert,0,"So, why are you calling the statement into question?"
22,Context,students,Transform Your Body with the Latest Breakthrough in Weight Loss – SkinnySecretsExposed.com,low,slippery_slope,4,128,expert,1,I think the health issues mentioned above do not necessarily result from not following a dietary practice.
22,Response,students,Transform Your Body with the Latest Breakthrough in Weight Loss – SkinnySecretsExposed.com,low,slippery_slope,5,129,expert,0,Excellent! Are there any consequences of accepting statement?  
22,Context,students,Transform Your Body with the Latest Breakthrough in Weight Loss – SkinnySecretsExposed.com,low,slippery_slope,5,129,expert,1,I don’t think there are any serious implications.   
22,Response,students,Transform Your Body with the Latest Breakthrough in Weight Loss – SkinnySecretsExposed.com,low,slippery_slope,5,129,expert,0,"Could a fallacious claim, which relies on a Slippery Slope fallacy, cause unwarranted anxiety or unnecessary fear in the reader?"
22,Context,students,Transform Your Body with the Latest Breakthrough in Weight Loss – SkinnySecretsExposed.com,low,slippery_slope,5,129,expert,1,"Yes, of course."
22,Response,students,Transform Your Body with the Latest Breakthrough in Weight Loss – SkinnySecretsExposed.com,low,slippery_slope,5,129,expert,0,"Moreover, do you agree that the statement might bring mistrust to diet products in general?"
22,Context,students,Transform Your Body with the Latest Breakthrough in Weight Loss – SkinnySecretsExposed.com,low,slippery_slope,5,129,expert,1,Yes. 
22,Response,students,Transform Your Body with the Latest Breakthrough in Weight Loss – SkinnySecretsExposed.com,low,slippery_slope,5,129,expert,0,"In addition, it might cast significant doubts on scientific research in the field of health and nutrition."
22,Context,students,Transform Your Body with the Latest Breakthrough in Weight Loss – SkinnySecretsExposed.com,low,slippery_slope,5,129,expert,1,"Yes, unfortunately."
22,Response,students,Transform Your Body with the Latest Breakthrough in Weight Loss – SkinnySecretsExposed.com,low,slippery_slope,5,129,expert,0,"Therefore, the outcome might, in the worst scenario, contradict what the article asserts."
22,Context,students,Transform Your Body with the Latest Breakthrough in Weight Loss – SkinnySecretsExposed.com,low,slippery_slope,5,129,expert,1,"Yes, of course."
22,Response,students,Transform Your Body with the Latest Breakthrough in Weight Loss – SkinnySecretsExposed.com,low,slippery_slope,5,129,expert,0,Would you like to learn more about the implications and consequences of disinformation? 
22,Context,students,Transform Your Body with the Latest Breakthrough in Weight Loss – SkinnySecretsExposed.com,low,slippery_slope,5,129,expert,1,No.
22,Response,students,Transform Your Body with the Latest Breakthrough in Weight Loss – SkinnySecretsExposed.com,low,slippery_slope,6,130,expert,0,Was it appropriate to check the article for the Slippery Slope fallacy? 
22,Context,students,Transform Your Body with the Latest Breakthrough in Weight Loss – SkinnySecretsExposed.com,low,slippery_slope,6,130,expert,1,Yes.
22,Response,students,Transform Your Body with the Latest Breakthrough in Weight Loss – SkinnySecretsExposed.com,low,slippery_slope,6,130,expert,0,"Do you agree that a claim which relies on the unsupported assumption that a particular action will trigger a domino effect of unmanageable series of unfavorable events, is not only invalid but also carries serious negative implications?"
22,Context,students,Transform Your Body with the Latest Breakthrough in Weight Loss – SkinnySecretsExposed.com,low,slippery_slope,6,130,expert,1,"Yes, if it is taken seriously."
22,Response,students,Transform Your Body with the Latest Breakthrough in Weight Loss – SkinnySecretsExposed.com,low,slippery_slope,6,130,expert,0,"So, considering the Slippery Slope fallacy, the claim should be doubted, and the article is in question."
22,Context,students,Transform Your Body with the Latest Breakthrough in Weight Loss – SkinnySecretsExposed.com,low,slippery_slope,6,130,expert,1,Correct.  
22,Response,students,Transform Your Body with the Latest Breakthrough in Weight Loss – SkinnySecretsExposed.com,low,slippery_slope,6,130,expert,0,What would be a recommended course of action? 
22,Context,students,Transform Your Body with the Latest Breakthrough in Weight Loss – SkinnySecretsExposed.com,low,slippery_slope,6,130,expert,1,I am not sure.
22,Response,students,Transform Your Body with the Latest Breakthrough in Weight Loss – SkinnySecretsExposed.com,low,slippery_slope,6,130,expert,0,"I would suggest examining the reliability of this product, by finding consistent evidence and unbiased sources."
22,Context,students,Transform Your Body with the Latest Breakthrough in Weight Loss – SkinnySecretsExposed.com,low,slippery_slope,6,130,expert,1,That’s a good suggestion.  
22,Response,students,Transform Your Body with the Latest Breakthrough in Weight Loss – SkinnySecretsExposed.com,low,slippery_slope,6,130,expert,0,Would you recommend any additional evaluation of the article?  
22,Context,students,Transform Your Body with the Latest Breakthrough in Weight Loss – SkinnySecretsExposed.com,low,slippery_slope,6,130,expert,1,"Perhaps, the article should be checked for more logical fallacies."
22,Response,students,Transform Your Body with the Latest Breakthrough in Weight Loss – SkinnySecretsExposed.com,low,slippery_slope,6,130,expert,0,Would you like further assistance?
22,Context,students,Transform Your Body with the Latest Breakthrough in Weight Loss – SkinnySecretsExposed.com,low,slippery_slope,6,130,expert,1,No.
22,Response,students,Transform Your Body with the Latest Breakthrough in Weight Loss – SkinnySecretsExposed.com,low,slippery_slope,6,130,expert,0,Thank you for using TITAN!
23,Context,students,Transform Your Body with the Latest Breakthrough in Weight Loss – SkinnySecretsExposed.com,medium,emotional,1,131,expert,1,Hello!   
23,Response,students,Transform Your Body with the Latest Breakthrough in Weight Loss – SkinnySecretsExposed.com,medium,emotional,1,131,expert,0,You've selected the article: “Transform Your Body with the Latest Breakthrough in Weight Loss” 
23,Context,students,Transform Your Body with the Latest Breakthrough in Weight Loss – SkinnySecretsExposed.com,medium,emotional,1,131,expert,1,Yes.  
23,Response,students,Transform Your Body with the Latest Breakthrough in Weight Loss – SkinnySecretsExposed.com,medium,emotional,1,131,expert,0,What is the main issue in the article?  
23,Context,students,Transform Your Body with the Latest Breakthrough in Weight Loss – SkinnySecretsExposed.com,medium,emotional,1,131,expert,1,"The article advertises a new diet product that is being recommended by experts and is claimed to be justified by scientific research on nutrition. The product contains a combination of natural ingredients that are purported to reduce appetite, increase metabolism, and facilitate fat burning."
23,Response,students,Transform Your Body with the Latest Breakthrough in Weight Loss – SkinnySecretsExposed.com,medium,emotional,2,132,expert,0,What caught your attention about this article? 
23,Context,students,Transform Your Body with the Latest Breakthrough in Weight Loss – SkinnySecretsExposed.com,medium,emotional,2,132,expert,1,"While the product may seem revolutionary, the hosting website appears to suggest a sales-oriented focus given its name, 'SkinnySecretsExposed.com'."
23,Response,students,Transform Your Body with the Latest Breakthrough in Weight Loss – SkinnySecretsExposed.com,medium,emotional,2,132,expert,0,That’s a good observation. What do you already know about the product?  
23,Context,students,Transform Your Body with the Latest Breakthrough in Weight Loss – SkinnySecretsExposed.com,medium,emotional,2,132,expert,1,"I am aware of several nutrition methods, but this is the first time I've heard about this product."
23,Response,students,Transform Your Body with the Latest Breakthrough in Weight Loss – SkinnySecretsExposed.com,medium,emotional,2,132,expert,0,Are you skeptical about this product? 
23,Context,students,Transform Your Body with the Latest Breakthrough in Weight Loss – SkinnySecretsExposed.com,medium,emotional,2,132,expert,1,"I think, yes."
23,Response,students,Transform Your Body with the Latest Breakthrough in Weight Loss – SkinnySecretsExposed.com,medium,emotional,2,132,expert,0,Are you based on some assumptions? 
23,Context,students,Transform Your Body with the Latest Breakthrough in Weight Loss – SkinnySecretsExposed.com,medium,emotional,2,132,expert,1,The language used in the article seems to be strongly colored and emotional. 
23,Response,students,Transform Your Body with the Latest Breakthrough in Weight Loss – SkinnySecretsExposed.com,medium,emotional,2,132,expert,0,Would you like to learn more about the nature of emotive language?
23,Context,students,Transform Your Body with the Latest Breakthrough in Weight Loss – SkinnySecretsExposed.com,medium,emotional,2,132,expert,1,Yes.
23,Response,students,Transform Your Body with the Latest Breakthrough in Weight Loss – SkinnySecretsExposed.com,medium,emotional,2,132,expert,0,"Emotive language aims to elicit an emotional reaction from the audience, whether it be readers or listeners."
23,Context,students,Transform Your Body with the Latest Breakthrough in Weight Loss – SkinnySecretsExposed.com,medium,emotional,2,132,expert,1,Can you be more specific?
23,Response,students,Transform Your Body with the Latest Breakthrough in Weight Loss – SkinnySecretsExposed.com,medium,emotional,2,132,expert,0,Emotive language involves the use of words and phrases intended to evoke strong emotions with the purpose of influencing or attracting attention.
23,Context,students,Transform Your Body with the Latest Breakthrough in Weight Loss – SkinnySecretsExposed.com,medium,emotional,2,132,expert,1,Can you give me an example?
23,Response,students,Transform Your Body with the Latest Breakthrough in Weight Loss – SkinnySecretsExposed.com,medium,emotional,2,132,expert,0,"Consider the use of adjectives or adverbs like ""angrily"" or ""proudly,"" as well as words that create a sense of shared identity or unity, such as ""we"" and ""us""."
23,Context,students,Transform Your Body with the Latest Breakthrough in Weight Loss – SkinnySecretsExposed.com,medium,emotional,2,132,expert,1,That’s helpful.
23,Response,students,Transform Your Body with the Latest Breakthrough in Weight Loss – SkinnySecretsExposed.com,medium,emotional,3,133,expert,0,Can you identify a similar practice in the article? 
23,Context,students,Transform Your Body with the Latest Breakthrough in Weight Loss – SkinnySecretsExposed.com,medium,emotional,3,133,expert,1,"Yes, from the opening lines of the article: “Do you feel defeated by your weight struggles? Have you exhausted yourself with crash diets and punishing exercise routines that only leave you feeling frustrated and hopeless?”"
23,Response,students,Transform Your Body with the Latest Breakthrough in Weight Loss – SkinnySecretsExposed.com,medium,emotional,3,133,expert,0,What led you to that decision?
23,Context,students,Transform Your Body with the Latest Breakthrough in Weight Loss – SkinnySecretsExposed.com,medium,emotional,3,133,expert,1,There are striking words and phrases that evoke strong feelings in the reader. 
23,Response,students,Transform Your Body with the Latest Breakthrough in Weight Loss – SkinnySecretsExposed.com,medium,emotional,3,133,expert,0,Can you provide examples of words or phrases? 
23,Context,students,Transform Your Body with the Latest Breakthrough in Weight Loss – SkinnySecretsExposed.com,medium,emotional,3,133,expert,1,"Words and expressions such as ""feel exhausted"", “defeated,”, ""feeling frustrated and hopeless""."
23,Response,students,Transform Your Body with the Latest Breakthrough in Weight Loss – SkinnySecretsExposed.com,medium,emotional,3,133,expert,0,What led you to this idea? 
23,Context,students,Transform Your Body with the Latest Breakthrough in Weight Loss – SkinnySecretsExposed.com,medium,emotional,3,133,expert,1,These words convey strong emotions and imagery.
23,Response,students,Transform Your Body with the Latest Breakthrough in Weight Loss – SkinnySecretsExposed.com,medium,emotional,3,133,expert,0,Do you see same expression or words being repeated??
23,Context,students,Transform Your Body with the Latest Breakthrough in Weight Loss – SkinnySecretsExposed.com,medium,emotional,3,133,expert,1,"Yes, the term ‘feel’ is repeated."
23,Response,students,Transform Your Body with the Latest Breakthrough in Weight Loss – SkinnySecretsExposed.com,medium,emotional,3,133,expert,0,Repetition is another indication of emotive language. 
23,Context,students,Transform Your Body with the Latest Breakthrough in Weight Loss – SkinnySecretsExposed.com,medium,emotional,3,133,expert,1,That’s informative.
23,Response,students,Transform Your Body with the Latest Breakthrough in Weight Loss – SkinnySecretsExposed.com,medium,emotional,3,133,expert,0,Why do you think emotive language has been used in this article? 
23,Context,students,Transform Your Body with the Latest Breakthrough in Weight Loss – SkinnySecretsExposed.com,medium,emotional,3,133,expert,1,Perhaps to draw the attention of readers who struggle with weight issues. 
23,Response,students,Transform Your Body with the Latest Breakthrough in Weight Loss – SkinnySecretsExposed.com,medium,emotional,3,133,expert,0,But what about an additional objective to influence the reader to buy the product? 
23,Context,students,Transform Your Body with the Latest Breakthrough in Weight Loss – SkinnySecretsExposed.com,medium,emotional,3,133,expert,1,That’s also right! 
23,Response,students,Transform Your Body with the Latest Breakthrough in Weight Loss – SkinnySecretsExposed.com,medium,emotional,3,133,expert,0,"So, do you think that it uses emotive language to persuade and draw the attention of the reader?"
23,Context,students,Transform Your Body with the Latest Breakthrough in Weight Loss – SkinnySecretsExposed.com,medium,emotional,3,133,expert,1,Yes.
23,Response,students,Transform Your Body with the Latest Breakthrough in Weight Loss – SkinnySecretsExposed.com,medium,emotional,4,134,expert,0,Are there alternative viewpoints?
23,Context,students,Transform Your Body with the Latest Breakthrough in Weight Loss – SkinnySecretsExposed.com,medium,emotional,4,134,expert,1,"Yes, despite the emotive language, the questions still underline a serious issue that many people experience when they try to lose weight or follow a diet."
23,Response,students,Transform Your Body with the Latest Breakthrough in Weight Loss – SkinnySecretsExposed.com,medium,emotional,4,134,expert,0,Do you think that this is true for all people who follow a diet or try to lose weight? 
23,Context,students,Transform Your Body with the Latest Breakthrough in Weight Loss – SkinnySecretsExposed.com,medium,emotional,4,134,expert,1,No. 
23,Response,students,Transform Your Body with the Latest Breakthrough in Weight Loss – SkinnySecretsExposed.com,medium,emotional,4,134,expert,0,"So, do you think that an exaggeration and generalization are entailed in the opening lines of the article?"
23,Context,students,Transform Your Body with the Latest Breakthrough in Weight Loss – SkinnySecretsExposed.com,medium,emotional,4,134,expert,1,Yes. 
23,Response,students,Transform Your Body with the Latest Breakthrough in Weight Loss – SkinnySecretsExposed.com,medium,emotional,4,134,expert,0,"So, do you think that the opening lines are subject to a Hasty Generalization?"
23,Context,students,Transform Your Body with the Latest Breakthrough in Weight Loss – SkinnySecretsExposed.com,medium,emotional,4,134,expert,1,Could you please remind me what this logical fallacy is about? 
23,Response,students,Transform Your Body with the Latest Breakthrough in Weight Loss – SkinnySecretsExposed.com,medium,emotional,4,134,expert,0,A Hasty Generalization occurs when conclusions are drawn about an entire group or category based on insufficient or limited evidence.
23,Context,students,Transform Your Body with the Latest Breakthrough in Weight Loss – SkinnySecretsExposed.com,medium,emotional,4,134,expert,1,"Yes, the opening lines include a Hasty Generalization."
23,Response,students,Transform Your Body with the Latest Breakthrough in Weight Loss – SkinnySecretsExposed.com,medium,emotional,5,135,expert,0,Are there any consequences of considering uncritically the questions?  
23,Context,students,Transform Your Body with the Latest Breakthrough in Weight Loss – SkinnySecretsExposed.com,medium,emotional,5,135,expert,1,"Yes, the emotive language of the questions might cause unwarranted anxiety in the reader."
23,Response,students,Transform Your Body with the Latest Breakthrough in Weight Loss – SkinnySecretsExposed.com,medium,emotional,5,135,expert,0,Any other implications? 
23,Context,students,Transform Your Body with the Latest Breakthrough in Weight Loss – SkinnySecretsExposed.com,medium,emotional,5,135,expert,1,No. 
23,Response,students,Transform Your Body with the Latest Breakthrough in Weight Loss – SkinnySecretsExposed.com,medium,emotional,5,135,expert,0,Don’t you think that emotive language might bring a skepticism about the practices of nutrition? 
23,Context,students,Transform Your Body with the Latest Breakthrough in Weight Loss – SkinnySecretsExposed.com,medium,emotional,5,135,expert,1,"Yes, especially when a diet product bases its promotion on emotive language."
23,Response,students,Transform Your Body with the Latest Breakthrough in Weight Loss – SkinnySecretsExposed.com,medium,emotional,5,135,expert,0,Would you like to learn more about the implications and consequences of disinformation? 
23,Context,students,Transform Your Body with the Latest Breakthrough in Weight Loss – SkinnySecretsExposed.com,medium,emotional,5,135,expert,1,No.
23,Response,students,Transform Your Body with the Latest Breakthrough in Weight Loss – SkinnySecretsExposed.com,medium,emotional,6,136,expert,0,Was it appropriate to check the article for Emotive Language? 
23,Context,students,Transform Your Body with the Latest Breakthrough in Weight Loss – SkinnySecretsExposed.com,medium,emotional,6,136,expert,1,Yes.
23,Response,students,Transform Your Body with the Latest Breakthrough in Weight Loss – SkinnySecretsExposed.com,medium,emotional,6,136,expert,0,Do you agree that emotive language should not be regarded as a signal of doubt in an article? 
23,Context,students,Transform Your Body with the Latest Breakthrough in Weight Loss – SkinnySecretsExposed.com,medium,emotional,6,136,expert,1,Yes.
23,Response,students,Transform Your Body with the Latest Breakthrough in Weight Loss – SkinnySecretsExposed.com,medium,emotional,6,136,expert,0,"In addition, do you think that emotive language can bring unnecessary anxiety to the readers?"
23,Context,students,Transform Your Body with the Latest Breakthrough in Weight Loss – SkinnySecretsExposed.com,medium,emotional,6,136,expert,1,"Yes, if it is taken seriously."
23,Response,students,Transform Your Body with the Latest Breakthrough in Weight Loss – SkinnySecretsExposed.com,medium,emotional,6,136,expert,0,"So, considering the use of Emotive Language in the opening lines, the article should be treated with skepticism."
23,Context,students,Transform Your Body with the Latest Breakthrough in Weight Loss – SkinnySecretsExposed.com,medium,emotional,6,136,expert,1,"Yes, I agree."
23,Response,students,Transform Your Body with the Latest Breakthrough in Weight Loss – SkinnySecretsExposed.com,medium,emotional,6,136,expert,0,What would be a recommended course of action once Emotive Language has been identified? 
23,Context,students,Transform Your Body with the Latest Breakthrough in Weight Loss – SkinnySecretsExposed.com,medium,emotional,6,136,expert,1,"Perhaps, reading the article with caution and always expecting justified and reliable evidence to support the claims and information provided."
23,Response,students,Transform Your Body with the Latest Breakthrough in Weight Loss – SkinnySecretsExposed.com,medium,emotional,6,136,expert,0,That’s an excellent suggestion.  
23,Context,students,Transform Your Body with the Latest Breakthrough in Weight Loss – SkinnySecretsExposed.com,medium,emotional,6,136,expert,1,"Yes, a critical thinking standpoint is the best practice in these cases."
23,Response,students,Transform Your Body with the Latest Breakthrough in Weight Loss – SkinnySecretsExposed.com,medium,emotional,6,136,expert,0,Would you recommend any additional evaluation of the article?  
23,Context,students,Transform Your Body with the Latest Breakthrough in Weight Loss – SkinnySecretsExposed.com,medium,emotional,6,136,expert,1,"Perhaps, instances of emotive language should be further identified in the article, as well as an evaluation of correct reasoning."
23,Response,students,Transform Your Body with the Latest Breakthrough in Weight Loss – SkinnySecretsExposed.com,medium,emotional,6,136,expert,0,Would you like further assistance? 
23,Context,students,Transform Your Body with the Latest Breakthrough in Weight Loss – SkinnySecretsExposed.com,medium,emotional,6,136,expert,1,No
23,Response,students,Transform Your Body with the Latest Breakthrough in Weight Loss – SkinnySecretsExposed.com,medium,emotional,6,136,expert,0,Thank you for using TITAN!  
24,Context,students,Transform Your Body with the Latest Breakthrough in Weight Loss – SkinnySecretsExposed.com,low,emotional,1,137,expert,1,Hello!  
24,Response,students,Transform Your Body with the Latest Breakthrough in Weight Loss – SkinnySecretsExposed.com,low,emotional,1,137,expert,0,Which article do you want help with?
24,Context,students,Transform Your Body with the Latest Breakthrough in Weight Loss – SkinnySecretsExposed.com,low,emotional,1,137,expert,1,I have read this article: “Transform Your Body with the Latest Breakthrough in Weight Loss”. 
24,Response,students,Transform Your Body with the Latest Breakthrough in Weight Loss – SkinnySecretsExposed.com,low,emotional,1,137,expert,0,"Interesting, what is the main issue discussed in the article?"
24,Context,students,Transform Your Body with the Latest Breakthrough in Weight Loss – SkinnySecretsExposed.com,low,emotional,1,137,expert,1,"It is an article about a new diet product, and it says that it helps the Context to lose weight very quickly."
24,Response,students,Transform Your Body with the Latest Breakthrough in Weight Loss – SkinnySecretsExposed.com,low,emotional,1,137,expert,0,Is there an explanation why this product is revolutionary compared to other products?
24,Context,students,Transform Your Body with the Latest Breakthrough in Weight Loss – SkinnySecretsExposed.com,low,emotional,1,137,expert,1,"Yes, it says that this product is backed by scientific research according to experts and contains a powerful combination of natural ingredients that work together to suppress your appetite, boost your metabolism and burn fat."
24,Response,students,Transform Your Body with the Latest Breakthrough in Weight Loss – SkinnySecretsExposed.com,low,emotional,1,137,expert,0,What other claims are being made 
24,Context,students,Transform Your Body with the Latest Breakthrough in Weight Loss – SkinnySecretsExposed.com,low,emotional,1,137,expert,1,"In addition to helping, you lose weight, this product also provides a range of health benefits, such as improved energy levels, better sleep, and reduced inflammation. Plus, it's safe, affordable, and easy to use."
24,Response,students,Transform Your Body with the Latest Breakthrough in Weight Loss – SkinnySecretsExposed.com,low,emotional,1,137,expert,0,Are any disadvantages or risks discussed?
24,Context,students,Transform Your Body with the Latest Breakthrough in Weight Loss – SkinnySecretsExposed.com,low,emotional,1,137,expert,1,No there are not.
24,Response,students,Transform Your Body with the Latest Breakthrough in Weight Loss – SkinnySecretsExposed.com,low,emotional,1,137,expert,0,Is it logical that there only advantages?
24,Context,students,Transform Your Body with the Latest Breakthrough in Weight Loss – SkinnySecretsExposed.com,low,emotional,1,137,expert,1,No maybe not. 
24,Response,students,Transform Your Body with the Latest Breakthrough in Weight Loss – SkinnySecretsExposed.com,low,emotional,2,138,expert,0,What is the main assumption being made?
24,Context,students,Transform Your Body with the Latest Breakthrough in Weight Loss – SkinnySecretsExposed.com,low,emotional,2,138,expert,1,That there is a product that will create a health revolution as it will help its Contexts to shed extra pounds easily and in record time.
24,Response,students,Transform Your Body with the Latest Breakthrough in Weight Loss – SkinnySecretsExposed.com,low,emotional,2,138,expert,0,How can we verify if this claim is true?
24,Context,students,Transform Your Body with the Latest Breakthrough in Weight Loss – SkinnySecretsExposed.com,low,emotional,2,138,expert,1,"The author of the article is very persuasive, he sounds very enthusiastic about the good functioning of the product"
24,Response,students,Transform Your Body with the Latest Breakthrough in Weight Loss – SkinnySecretsExposed.com,low,emotional,2,138,expert,0,Can you give examples of this?
24,Context,students,Transform Your Body with the Latest Breakthrough in Weight Loss – SkinnySecretsExposed.com,low,emotional,2,138,expert,1,Have you exhausted yourself with crash diets and punishing exercise routines that only leave you feeling frustrated and hopeless? It's time to hear about the latest and most exciting breakthrough in weight loss
24,Response,students,Transform Your Body with the Latest Breakthrough in Weight Loss – SkinnySecretsExposed.com,low,emotional,2,138,expert,0,"The author uses very emotional language (strong adjectives); e.g.punishing exercise, most exciting breakthrough. Do you think this is language that a neutral journalist would use?"
24,Context,students,Transform Your Body with the Latest Breakthrough in Weight Loss – SkinnySecretsExposed.com,low,emotional,2,138,expert,1,"No, maybe not. Or he is just enthusiastic."
24,Response,students,Transform Your Body with the Latest Breakthrough in Weight Loss – SkinnySecretsExposed.com,low,emotional,2,138,expert,0,Do we expect journalists to show their own opinion or do we expect them to be neutral.
24,Context,students,Transform Your Body with the Latest Breakthrough in Weight Loss – SkinnySecretsExposed.com,low,emotional,2,138,expert,1,Neutral I believe.
24,Response,students,Transform Your Body with the Latest Breakthrough in Weight Loss – SkinnySecretsExposed.com,low,emotional,2,138,expert,0,That is true. We could therefore speak here of a potentially unreliable source. Now let’s go back to the content. What are the main reasons to believe this is true?
24,Context,students,Transform Your Body with the Latest Breakthrough in Weight Loss – SkinnySecretsExposed.com,low,emotional,3,139,expert,1,"The article says there is a scientific breakthrough, and there is a testimonial from Ella Leyers (an actress I'm a fan of) confirming this claim. It got my attention because she is excited about this."
24,Response,students,Transform Your Body with the Latest Breakthrough in Weight Loss – SkinnySecretsExposed.com,low,emotional,3,139,expert,0,Does she have specific knowledge about this topic?
24,Context,students,Transform Your Body with the Latest Breakthrough in Weight Loss – SkinnySecretsExposed.com,low,emotional,3,139,expert,1,"No, but I find her opinion trustworthy."
24,Response,students,Transform Your Body with the Latest Breakthrough in Weight Loss – SkinnySecretsExposed.com,low,emotional,3,139,expert,0,What reasons could she have for sharing this information? 
24,Context,students,Transform Your Body with the Latest Breakthrough in Weight Loss – SkinnySecretsExposed.com,low,emotional,3,139,expert,1,"She wants us, her fans to know about this secret."
24,Response,students,Transform Your Body with the Latest Breakthrough in Weight Loss – SkinnySecretsExposed.com,low,emotional,3,139,expert,0,"Even if it would work for her, why do you think it would work for others?"
24,Context,students,Transform Your Body with the Latest Breakthrough in Weight Loss – SkinnySecretsExposed.com,low,emotional,3,139,expert,1,"I think because she was first skeptical, but now she is a happy customer."
24,Response,students,Transform Your Body with the Latest Breakthrough in Weight Loss – SkinnySecretsExposed.com,low,emotional,4,140,expert,0,"This is a logical fallacy, called “bandwagon”. This technique aims to make you believe that it will work for you, just because this has worked for someone else. Are there alternative viewpoints mentioned in the text?"
24,Context,students,Transform Your Body with the Latest Breakthrough in Weight Loss – SkinnySecretsExposed.com,low,emotional,4,140,expert,1,"No, it tells the story of the experts and the testimonial of Ella Leyers."
24,Response,students,Transform Your Body with the Latest Breakthrough in Weight Loss – SkinnySecretsExposed.com,low,emotional,4,140,expert,0,Can you think of other people from whom it would be helpful to get an opinion on this?
24,Context,students,Transform Your Body with the Latest Breakthrough in Weight Loss – SkinnySecretsExposed.com,low,emotional,4,140,expert,1,It may be good to hear from a dietician or medical professional what their opinion is on this product
24,Response,students,Transform Your Body with the Latest Breakthrough in Weight Loss – SkinnySecretsExposed.com,low,emotional,5,141,expert,0,"Yes indeed, good reasoning. Are there any consequences of accepting the statement that this is a revolutionary diet product?"
24,Context,students,Transform Your Body with the Latest Breakthrough in Weight Loss – SkinnySecretsExposed.com,low,emotional,5,141,expert,1,I don’t think there are any serious implications. Maybe people would start taking this medicine. 
24,Response,students,Transform Your Body with the Latest Breakthrough in Weight Loss – SkinnySecretsExposed.com,low,emotional,5,141,expert,0,Can a claim based on an unverified source that contains emotional language and without scientific clarification lead to good health information that is desirable to be disseminated?
24,Context,students,Transform Your Body with the Latest Breakthrough in Weight Loss – SkinnySecretsExposed.com,low,emotional,5,141,expert,1,Maybe that’s not the best idea.
24,Response,students,Transform Your Body with the Latest Breakthrough in Weight Loss – SkinnySecretsExposed.com,low,emotional,6,142,expert,0,Would you recommend any additional evaluation of the article?  
24,Context,students,Transform Your Body with the Latest Breakthrough in Weight Loss – SkinnySecretsExposed.com,low,emotional,6,142,expert,1,"Perhaps, the article should be checked for more logical fallacies."
24,Response,students,Transform Your Body with the Latest Breakthrough in Weight Loss – SkinnySecretsExposed.com,low,emotional,6,142,expert,0,Would you like further assistance? 
24,Context,students,Transform Your Body with the Latest Breakthrough in Weight Loss – SkinnySecretsExposed.com,low,emotional,6,142,expert,1,No  
24,Response,students,Transform Your Body with the Latest Breakthrough in Weight Loss – SkinnySecretsExposed.com,low,emotional,6,142,expert,0,Thank you for using TITAN!  
25,Context,students,Transform Your Body with the Latest Breakthrough in Weight Loss – SkinnySecretsExposed.com,low,slippery_slope,1,143,expert,1,Hello!
25,Response,students,Transform Your Body with the Latest Breakthrough in Weight Loss – SkinnySecretsExposed.com,low,slippery_slope,1,143,expert,0,You've read the article “Transform Your Body with the Latest Breakthrough in Weight Loss”. Is that correct?
25,Context,students,Transform Your Body with the Latest Breakthrough in Weight Loss – SkinnySecretsExposed.com,low,slippery_slope,1,143,expert,1,Yes.
25,Response,students,Transform Your Body with the Latest Breakthrough in Weight Loss – SkinnySecretsExposed.com,low,slippery_slope,1,143,expert,0,What is the article about?
25,Context,students,Transform Your Body with the Latest Breakthrough in Weight Loss – SkinnySecretsExposed.com,low,slippery_slope,1,143,expert,1,The article states that there is a new diet product on the market that helps users lose weight quickly.
25,Response,students,Transform Your Body with the Latest Breakthrough in Weight Loss – SkinnySecretsExposed.com,low,slippery_slope,1,143,expert,0,What are the main claims being made?
25,Context,students,Transform Your Body with the Latest Breakthrough in Weight Loss – SkinnySecretsExposed.com,low,slippery_slope,1,143,expert,1,"The article talks about a product that helps with weight loss combined with a range of health benefits such as improved energy levels, better sleep and reduced inflammation. Which is also safe, affordable and easy to use."
25,Response,students,Transform Your Body with the Latest Breakthrough in Weight Loss – SkinnySecretsExposed.com,low,slippery_slope,2,144,expert,0,What assumptions are being made here?
25,Context,students,Transform Your Body with the Latest Breakthrough in Weight Loss – SkinnySecretsExposed.com,low,slippery_slope,2,144,expert,1,That there is a product that will create a health revolution as it will help its users to shed extra pounds easily and in record time. In combination with a lot of other health benefits. 
25,Response,students,Transform Your Body with the Latest Breakthrough in Weight Loss – SkinnySecretsExposed.com,low,slippery_slope,2,144,expert,0,Why would the author share this story?
25,Context,students,Transform Your Body with the Latest Breakthrough in Weight Loss – SkinnySecretsExposed.com,low,slippery_slope,2,144,expert,1,Because he wants to share this groundbreaking information.
25,Response,students,Transform Your Body with the Latest Breakthrough in Weight Loss – SkinnySecretsExposed.com,low,slippery_slope,2,144,expert,0,What other motives might the author have for sharing this information?
25,Context,students,Transform Your Body with the Latest Breakthrough in Weight Loss – SkinnySecretsExposed.com,low,slippery_slope,2,144,expert,1,He benefits if the product is sold more.
25,Response,students,Transform Your Body with the Latest Breakthrough in Weight Loss – SkinnySecretsExposed.com,low,slippery_slope,2,144,expert,0,"In that case, is he still objective?"
25,Context,students,Transform Your Body with the Latest Breakthrough in Weight Loss – SkinnySecretsExposed.com,low,slippery_slope,2,144,expert,1,"No, then his vision is not completely objective."
25,Response,students,Transform Your Body with the Latest Breakthrough in Weight Loss – SkinnySecretsExposed.com,low,slippery_slope,3,145,expert,0,"Right, that could be already a reason to look critically at the article. Now let’s go back to the content. What are the main reasons to believe this is true?"
25,Context,students,Transform Your Body with the Latest Breakthrough in Weight Loss – SkinnySecretsExposed.com,low,slippery_slope,3,145,expert,1,"The article says there is a scientific breakthrough, and there is a testimonial from Ella Leyers (an actress I'm a fan of) confirming this claim. It got my attention because she is excited about this."
25,Response,students,Transform Your Body with the Latest Breakthrough in Weight Loss – SkinnySecretsExposed.com,low,slippery_slope,3,145,expert,0,Could you think of other reasons why she would share this?
25,Context,students,Transform Your Body with the Latest Breakthrough in Weight Loss – SkinnySecretsExposed.com,low,slippery_slope,3,145,expert,1,Maybe she’s making some money out of it
25,Response,students,Transform Your Body with the Latest Breakthrough in Weight Loss – SkinnySecretsExposed.com,low,slippery_slope,3,145,expert,0,"That could indeed be a motivation, this motivation cannot be ruled out."
25,Context,students,Transform Your Body with the Latest Breakthrough in Weight Loss – SkinnySecretsExposed.com,low,slippery_slope,3,145,expert,1,"Okay, good to know. But there are also pictures from her that can prove this."
25,Response,students,Transform Your Body with the Latest Breakthrough in Weight Loss – SkinnySecretsExposed.com,low,slippery_slope,3,145,expert,0,Photos can sometimes be taken out of context. Do you want to learn more about this?
25,Context,students,Transform Your Body with the Latest Breakthrough in Weight Loss – SkinnySecretsExposed.com,low,slippery_slope,3,145,expert,1,"Yes, sure, why not."
25,Response,students,Transform Your Body with the Latest Breakthrough in Weight Loss – SkinnySecretsExposed.com,low,slippery_slope,3,145,expert,0,Microlesson about reverse image searching.
25,Context,students,Transform Your Body with the Latest Breakthrough in Weight Loss – SkinnySecretsExposed.com,low,slippery_slope,3,145,expert,1,"Yes, that sounds interesting!"
25,Response,students,Transform Your Body with the Latest Breakthrough in Weight Loss – SkinnySecretsExposed.com,low,slippery_slope,3,145,expert,0,"The picture is taken out of context, how does this affect the rest of the article?"
25,Context,students,Transform Your Body with the Latest Breakthrough in Weight Loss – SkinnySecretsExposed.com,low,slippery_slope,3,145,expert,1,Maybe other things have been taken out of context as well.
25,Response,students,Transform Your Body with the Latest Breakthrough in Weight Loss – SkinnySecretsExposed.com,low,slippery_slope,4,146,expert,0,Are there alternative viewpoints cited in this article?
25,Context,students,Transform Your Body with the Latest Breakthrough in Weight Loss – SkinnySecretsExposed.com,low,slippery_slope,4,146,expert,1,"No, not that I see."
25,Response,students,Transform Your Body with the Latest Breakthrough in Weight Loss – SkinnySecretsExposed.com,low,slippery_slope,5,147,expert,0,Are there consequences for accepting the statement that it is a good health product that will help Contexts lose a lot of weight quickly?
25,Context,students,Transform Your Body with the Latest Breakthrough in Weight Loss – SkinnySecretsExposed.com,low,slippery_slope,5,147,expert,1,"Yes, this can promote the spread of fake health news, this may lead people to start using medicines whose health benefits have not been proven"
25,Response,students,Transform Your Body with the Latest Breakthrough in Weight Loss – SkinnySecretsExposed.com,low,slippery_slope,6,148,expert,0,Would you recommend any additional evaluation of the article?
25,Context,students,Transform Your Body with the Latest Breakthrough in Weight Loss – SkinnySecretsExposed.com,low,slippery_slope,6,148,expert,1,"Perhaps, the article should be checked for more logical fallacies."
25,Response,students,Transform Your Body with the Latest Breakthrough in Weight Loss – SkinnySecretsExposed.com,low,slippery_slope,6,148,expert,0,Would you like further assistance?
25,Context,students,Transform Your Body with the Latest Breakthrough in Weight Loss – SkinnySecretsExposed.com,low,slippery_slope,6,148,expert,1,No
25,Response,students,Transform Your Body with the Latest Breakthrough in Weight Loss – SkinnySecretsExposed.com,low,slippery_slope,6,148,expert,0,Thank you for using TITAN!
26,Context,none,none,none,none,-1,149,living_labs,0,
26,Response,none,none,none,none,-1,149,living_labs,0,"Hello! Let me introduce myself, my name is TITAN, your AI Intelligent Coach against Disinformation. I see you have selected the article with title ""The government is spying on you through LED-lighting!!"".
What drew your interest to this article?"
26,Context,none,none,none,none,-1,149,living_labs,1,I felt scared
26,Response,none,none,none,none,-1,149,living_labs,0,Having read the article what would you say that the main topic is?
26,Context,none,none,none,none,-1,149,living_labs,1,government spying on us via led lighting
26,Response,none,none,none,none,-1,149,living_labs,0,What claims are being made in the article?
26,Context,none,none,none,none,-1,149,living_labs,1,do companies spy on us?
26,Response,none,none,none,none,-1,149,living_labs,0,What impact is this article likely to have on its readers?
26,Context,none,none,none,none,-1,149,living_labs,1,"bad, will scare them"
26,Response,none,none,none,none,-1,149,living_labs,0,"Based on your own personal experience with the topic (if any), do you think the assumptions or claims presented in the article are consistent?"
26,Context,none,none,none,none,-1,149,living_labs,1,maybe
26,Response,none,none,none,none,-1,149,living_labs,0,How would you describe this article after this short discussion?
26,Context,none,none,none,none,-1,149,living_labs,1,it is  scary
26,Response,none,none,none,none,-1,149,living_labs,0,Should we exercise caution in regards to the author's approach to the topic?
26,Context,none,none,none,none,-1,149,living_labs,1,probably
26,Response,none,none,none,none,-1,149,living_labs,0,"After our discussion, how do you feel about the article?"
26,Context,none,none,none,none,-1,149,living_labs,1,still scared
26,Response,none,none,none,none,-1,149,living_labs,0,Are you confident that you have understood the author's line of thinking?
26,Context,none,none,none,none,-1,149,living_labs,1,"yes, they say we are being spied on"
26,Response,none,none,none,none,-1,149,living_labs,0,Is there anything that you would change regarding the way the author handles the subject?
26,Context,none,none,none,none,-1,149,living_labs,-1,this is irrelevant
26,Response,none,none,none,none,-1,149,living_labs,0,Are you in a position to form a solid argument in support of your claims?
26,Context,none,none,none,none,-1,149,living_labs,1,"these are the claims of the article, I wonder if this is true"
26,Response,none,none,none,none,-1,149,living_labs,0,Do you believe that you have a better grasp on the claims and assumptions presented in this context?
26,Context,none,none,none,none,-1,149,living_labs,1,no what do you suggest
26,Response,none,none,none,none,-1,149,living_labs,0,Can you determine if there are any indications of disinformation present in the text?
26,Context,none,none,none,none,-1,149,living_labs,-1,you keep ignoring my question
26,Response,none,none,none,none,-1,149,living_labs,0,What would be a suggested course of action after identifying this disinformation signal?
26,Context,none,none,none,none,-1,149,living_labs,-1,this was not helpful
26,Response,none,none,none,none,-1,149,living_labs,0,What do you think of our discussion? Did you find it helpful?
26,Context,none,none,none,none,-1,149,living_labs,-1,no
26,Response,none,none,none,none,-1,149,living_labs,0,Is there any other topic you would like to go over with me?
26,Context,none,none,none,none,-1,149,living_labs,1,no
26,Response,none,none,none,none,-1,149,living_labs,0,TITAN Socratic Dialogue Finished!
27,Context,none,none,none,none,-1,150,living_labs,0,
27,Response,none,none,none,none,-1,150,living_labs,0,"Hello! Let me introduce myself, my name is TITAN, your AI Intelligent Coach against Disinformation. I see you have selected the article with title ""The Cholesterol Conspiracy: Are We Being Deceived by Big Pharma and the Food Industry? - LowCholesterolLies.com"".
What drew your interest to this article?"
27,Context,none,none,none,none,-1,150,living_labs,1,My own cholesterol is rather low and i was interested in the consequences
27,Response,none,none,none,none,-1,150,living_labs,0,What does the article discuss?
27,Context,none,none,none,none,-1,150,living_labs,1,The bad side of low cholesterol
27,Response,none,none,none,none,-1,150,living_labs,0,What claims are being made in the article?
27,Context,none,none,none,none,-1,150,living_labs,1,It makes you more depressed and lowers the VItamin D
27,Response,none,none,none,none,-1,150,living_labs,0,Do you think that the article provides sufficient information?
27,Context,none,none,none,none,-1,150,living_labs,1,I dont know
27,Response,none,none,none,none,-1,150,living_labs,0,What makes you think that the article does not offer enough details?
27,Context,none,none,none,none,-1,150,living_labs,1,The article is without authors name and that makes me think that this is untrustworthy
27,Response,none,none,none,none,-1,150,living_labs,0,What makes you think that?
27,Context,none,none,none,none,-1,150,living_labs,1,No name of the publisher and no published date
27,Response,none,none,none,none,-1,150,living_labs,0,Has your view been influenced by something or someone?
27,Context,none,none,none,none,-1,150,living_labs,1,The article is written like the author is screaming
27,Response,none,none,none,none,-1,150,living_labs,0,Is this article regarded as trustworthy?
27,Context,none,none,none,none,-1,150,living_labs,1,No
27,Response,none,none,none,none,-1,150,living_labs,0,Can you envision any implications this text may have for a future reader?
27,Context,none,none,none,none,-1,150,living_labs,1,I cannot
27,Response,none,none,none,none,-1,150,living_labs,0,Do you believe that the assumptions/claims of the article are consistent with your own personal experience on the subject (if any)?
27,Context,none,none,none,none,-1,150,living_labs,-1,Stop
27,Response,none,none,none,none,-1,150,living_labs,0,TITAN Socratic AI Coach Stopped!
28,Context,none,none,none,none,-1,151,living_labs,0,
28,Response,none,none,none,none,-1,151,living_labs,0,"Hello! Let me introduce myself, my name is TITAN, your AI Intelligent Coach against Disinformation. I see you have selected the article with title ""The Cholesterol Conspiracy: Are We Being Deceived by Big Pharma and the Food Industry? - LowCholesterolLies.com"".
What was it that particularly grabbed your interest?"
28,Context,none,none,none,none,-1,151,living_labs,1,The claims of the article
28,Response,none,none,none,none,-1,151,living_labs,0,What is the topic or content of the article?
28,Context,none,none,none,none,-1,151,living_labs,1,That Pharma industries are decieveing people with the information about lowering cholesterol
28,Response,none,none,none,none,-1,151,living_labs,0,What are the claims that are being made in the article?
28,Context,none,none,none,none,-1,151,living_labs,1,That low cholesterol causes a drop in Vitamin D levels which could lead to depression
28,Response,none,none,none,none,-1,151,living_labs,0,Why do you assume you felt this way after reading this article?
28,Context,none,none,none,none,-1,151,living_labs,1,I think that was the goal of the article
28,Response,none,none,none,none,-1,151,living_labs,0,Do you think that the author did this on purpose?
28,Context,none,none,none,none,-1,151,living_labs,1,Yes
28,Response,none,none,none,none,-1,151,living_labs,0,Does the author put forth any claims presenting his/her viewpoint or understanding of what occurred? Can you identify such claims in the text?
28,Context,none,none,none,none,-1,151,living_labs,1,The claims being made are trying to make people think that lowering cholesterol is bad without putting into consideration the difference between low cholesterol and lowering high cholesterol
28,Response,none,none,none,none,-1,151,living_labs,0,"Can you identify any claims, that support the author's opinion or interpretation?"
28,Context,none,none,none,none,-1,151,living_labs,1,They claim that Pharma industries are lying
28,Response,none,none,none,none,-1,151,living_labs,0,Could you provide an instance(s) from the text?
28,Context,none,none,none,none,-1,151,living_labs,1,‘These industries don't tell us the whole story‘
28,Response,none,none,none,none,-1,151,living_labs,0,How can we verify the accuracy of this claim/statement through the use of certain techniques?
28,Context,none,none,none,none,-1,151,living_labs,1,Checking reliable sources
28,Response,none,none,none,none,-1,151,living_labs,0,What are your opinions about the assumptions put forth by the writer?
28,Context,none,none,none,none,-1,151,living_labs,1,I don’t agree with the article
28,Response,none,none,none,none,-1,151,living_labs,0,"In some instances, an article might not only aim to describe or inform. Do you think that this particular piece has the intention of accomplishing something beyond just conveying facts or reporting events?"
28,Context,none,none,none,none,-1,151,living_labs,1,It’s leaving out important information that could contradict the whole article
28,Response,none,none,none,none,-1,151,living_labs,0,What is your viewpoint regarding this?
28,Context,none,none,none,none,-1,151,living_labs,1,It’s a bad thing to do cause it deceives people and could cause harm cause this is an important topic
28,Response,none,none,none,none,-1,151,living_labs,0,What inferences can be drawn in this context?
28,Context,none,none,none,none,-1,151,living_labs,1,I don’t know
28,Response,none,none,none,none,-1,151,living_labs,0,"Would you, by any chance, describe the language used by the author in this article as emotive? Maybe even slightly provoking?"
28,Context,none,none,none,none,-1,151,living_labs,1,Yes it is
28,Response,none,none,none,none,-1,151,living_labs,0,What do you think that the author might be trying to achieve by using this kind of language?
28,Context,none,none,none,none,-1,151,living_labs,1,Invoke emotion
28,Response,none,none,none,none,-1,151,living_labs,0,Is it plausible for an impartial journalist to employ such phrasing?
28,Context,none,none,none,none,-1,151,living_labs,1,In some cases yes
28,Response,none,none,none,none,-1,151,living_labs,0,Should journalists act in a subjective or objective manner?
28,Context,none,none,none,none,-1,151,living_labs,1,Objective
28,Response,none,none,none,none,-1,151,living_labs,0,"Emotive language must always be approached with extreme care. It is possible, even if a claim/argument is accompanied by accurate information and/or facts, to be presented by a partial, or even twisted, version of the truth. Why do you think a reader should be cautious towards the claims of the author?"
28,Context,none,none,none,none,-1,151,living_labs,1,Because of everything I just explained
28,Response,none,none,none,none,-1,151,living_labs,0,In what way do the claims connect to the central point advanced by the author?
28,Context,none,none,none,none,-1,151,living_labs,1,It’s based on emotions of the author
28,Response,none,none,none,none,-1,151,living_labs,0,Let's attempt to verify a statement. Can you identify one from the text?
28,Context,none,none,none,none,-1,151,living_labs,1,Yes
28,Response,none,none,none,none,-1,151,living_labs,0,What proof is presented to back up this claim? Is the author sufficient in supplying us with relevant information?
28,Context,none,none,none,none,-1,151,living_labs,-1,I answered already
28,Response,none,none,none,none,-1,151,living_labs,0,Do you feel that these assumptions are sufficiently justified based on the evidence offered by the author?
28,Context,none,none,none,none,-1,151,living_labs,-1,"No, you already asked me"
28,Response,none,none,none,none,-1,151,living_labs,0,Would you be able to identify the emotion that the evidence provokes?
28,Context,none,none,none,none,-1,151,living_labs,1,Yes
28,Response,none,none,none,none,-1,151,living_labs,0,"Studies have shown that the reliance on emotion is (sometimes) associated with misinformation sharing. The use of suspenseful, provocative, hyperbolic or exaggerated words and phrases, which are usual characteristics of emotive language, can often be misleading and can be safely considered as a potential sign of disinformation. Are you able to identify words or phrases in the text that may have any of aforementioned characteristics?"
28,Context,none,none,none,none,-1,151,living_labs,1,Yes
28,Response,none,none,none,none,-1,151,living_labs,0,"It is common for articles that tend to use emotive language to present us with shocking descriptions, facts, etc. Can you identify any in the text?"
28,Context,none,none,none,none,-1,151,living_labs,1,Yes
28,Response,none,none,none,none,-1,151,living_labs,0,"Were you aware that the spread of fake news has been positively associated with the generation of negative feelings (such as feelings of anger, injustice, etc.)?"
28,Context,none,none,none,none,-1,151,living_labs,1,Yes
28,Response,none,none,none,none,-1,151,living_labs,0,We must always be aware of claims that are proving difficult to validate. Especially when these claims/assumptions might be based on biased beliefs or have an offensive character. Do you think you are able to distinguish between any potentially biased claims made by the author and the facts/events discussed in the text?
28,Context,none,none,none,none,-1,151,living_labs,1,Yes
28,Response,none,none,none,none,-1,151,living_labs,0,"Sometimes, the use of emotionally charged language might give us the wrong impression regarding a situation, event or fact. Do you think it's possible that we might be presented with an unrealistic picture here?"
28,Context,none,none,none,none,-1,151,living_labs,1,Yes
28,Response,none,none,none,none,-1,151,living_labs,0,The use of repetition is another indication of emotive language. Are you noticing the same expression or words being repeated within the article?
28,Context,none,none,none,none,-1,151,living_labs,1,No
28,Response,none,none,none,none,-1,151,living_labs,0,What is the reason behind the usage of emotionally charged language in this article?
28,Context,none,none,none,none,-1,151,living_labs,-1,Bye
28,Response,none,none,none,none,-1,151,living_labs,0,TITAN Socratic AI Coach Stopped!
29,Context,none,none,none,none,-1,152,living_labs,0,
29,Response,none,none,none,none,-1,152,living_labs,0,"Hello! Let me introduce myself, my name is TITAN, your AI Intelligent Coach against Disinformation. I see you have selected the article with title ""The government is spying on you through LED-lighting!!"".
How may I be of assistance?"
29,Context,none,none,none,none,-1,152,living_labs,-1,How are you
29,Response,none,none,none,none,-1,152,living_labs,0,What made you choose this particular article in the first place?
29,Context,none,none,none,none,-1,152,living_labs,1,It was interesting topic for me
29,Response,none,none,none,none,-1,152,living_labs,0,What does the article discuss?
29,Context,none,none,none,none,-1,152,living_labs,1,LED lamps and how the government control us through it
29,Response,none,none,none,none,-1,152,living_labs,0,Are you familiar with the topic yourself? Did you have any prior knowledge of what is discussed?
29,Context,none,none,none,none,-1,152,living_labs,1,No actually
29,Response,none,none,none,none,-1,152,living_labs,0,What claims are being made in the article?
29,Context,none,none,none,none,-1,152,living_labs,1,"That the governments and the big companies are forcing us to use LED lamps, to spy on us"
29,Response,none,none,none,none,-1,152,living_labs,0,What is your viewpoint regarding this?
29,Context,none,none,none,none,-1,152,living_labs,1,I'm not sure I believe this.
29,Response,none,none,none,none,-1,152,living_labs,0,Were you able to identify anything unusual about the article then? Can you tell me what is troubling you?
29,Context,none,none,none,none,-1,152,living_labs,1,There is nothing that is troubling me. It was just interesting topic for me
29,Response,none,none,none,none,-1,152,living_labs,0,Could you provide me with any instances or examples?
29,Context,none,none,none,none,-1,152,living_labs,-1,No
29,Response,none,none,none,none,-1,152,living_labs,0,What would you say that the purpose of the article is?
29,Context,none,none,none,none,-1,152,living_labs,1,I don't know
29,Response,none,none,none,none,-1,152,living_labs,0,Are you aware that texts/articles are capable of provoking emotions and feelings (sometimes even on purpose)?
29,Context,none,none,none,none,-1,152,living_labs,1,Yes
29,Response,none,none,none,none,-1,152,living_labs,0,What would be your way of expressing the emotions you experienced after going through this article?
29,Context,none,none,none,none,-1,152,living_labs,1,Totally unbothered
29,Response,none,none,none,none,-1,152,living_labs,0,What do you think triggered your feelings?
29,Context,none,none,none,none,-1,152,living_labs,1,My feelings are not triggered
29,Response,none,none,none,none,-1,152,living_labs,0,Sometimes an article might not be purely descriptive and/or informative. Would you say that this particular text aspires to achieve something more aside from providing us with information regarding a fact/event?
29,Context,none,none,none,none,-1,152,living_labs,1,No
29,Response,none,none,none,none,-1,152,living_labs,0,Would you describe the language in this article as emotive or offensive?
29,Context,none,none,none,none,-1,152,living_labs,1,I'm not sure
29,Response,none,none,none,none,-1,152,living_labs,0,What makes you think that?
29,Context,none,none,none,none,-1,152,living_labs,-1,I don't know
29,Response,none,none,none,none,-1,152,living_labs,0,Can you give an example(s) from the text?
29,Context,none,none,none,none,-1,152,living_labs,-1,I already told tou
29,Response,none,none,none,none,-1,152,living_labs,0,"Although the employment of powerful and/or emotionally charged language in a text is relatively widespread, it is uncommon for an author to utilize such a technique without a specific reason. Can you explain why the author chooses to adopt this style of writing?"
29,Context,none,none,none,none,-1,152,living_labs,-1,Okay
29,Response,none,none,none,none,-1,152,living_labs,0,"The employment of powerful and/or emotionally charged language tends to result in more apparent (if not more prejudiced) assertions. After reviewing the author's arguments in this article, do you consider them well-established?"
29,Context,none,none,none,none,-1,152,living_labs,-1,Okay
29,Response,none,none,none,none,-1,152,living_labs,0,Do you believe you can present me with an instance of a prejudiced claim? Can you locate any in the text?
29,Context,none,none,none,none,-1,152,living_labs,1,No
29,Response,none,none,none,none,-1,152,living_labs,0,"Sometimes, the use of provocative language can also be a product of hate speech. Hate speech, unlike other forms of offensive speech/writing, is usually based on prejudices regarding race, religion, ethnic or national background, sex and sexual orientation, even disability. Do you find anything offensive about the claims and assumptions made by the author?"
29,Context,none,none,none,none,-1,152,living_labs,-1,Bye
29,Response,none,none,none,none,-1,152,living_labs,0,TITAN Socratic AI Coach Stopped!
30,Context,none,none,none,none,-1,153,living_labs,0,
30,Response,none,none,none,none,-1,153,living_labs,0,"Hello! Let me introduce myself, my name is TITAN, your AI Intelligent Coach against Disinformation. I see you have selected the article with title ""'Migrants ate my dogs' And now it's chaos in Lampedusa"".
How can I help you?"
30,Context,none,none,none,none,-1,153,living_labs,1,Is it serious?
30,Response,none,none,none,none,-1,153,living_labs,0,What is it that sparked your interest with this article?
30,Context,none,none,none,none,-1,153,living_labs,1,I think about human rights and challange for local people.
30,Response,none,none,none,none,-1,153,living_labs,0,Having read the article what would you say that the main topic is?
30,Context,none,none,none,none,-1,153,living_labs,1,"Challenge for immigrants, challenge for local people and can this be real in our days."
30,Response,none,none,none,none,-1,153,living_labs,0,Have you got prior knowledge about this subject?
30,Context,none,none,none,none,-1,153,living_labs,1,In my humble opinion it's cant be real
30,Response,none,none,none,none,-1,153,living_labs,0,What are the claims that are being made in the article?
30,Context,none,none,none,none,-1,153,living_labs,1,each to fend for himself in their needs.
30,Response,none,none,none,none,-1,153,living_labs,0,What is your opinion regarding this issue?
30,Context,none,none,none,none,-1,153,living_labs,1,Everybody must be live in their homeland. The war must be stopped. Everybody must use their land for work and living.
30,Response,none,none,none,none,-1,153,living_labs,0,What is it that concerns you about this article?
30,Context,none,none,none,none,-1,153,living_labs,1,The risk that it will be real in our days
30,Response,none,none,none,none,-1,153,living_labs,0,Could you provide an instance(s) from the text?
30,Context,none,none,none,none,-1,153,living_labs,1,Syrians people on Lesbos island
30,Response,none,none,none,none,-1,153,living_labs,0,Could you please explain to me the purpose of this article?
30,Context,none,none,none,none,-1,153,living_labs,1,collect money for first aids
30,Response,none,none,none,none,-1,153,living_labs,0,Are you aware that texts/articles are capable of provoking emotions and feelings (sometimes even on purpose)?
30,Context,none,none,none,none,-1,153,living_labs,1,yes it is main goal
30,Response,none,none,none,none,-1,153,living_labs,0,How would you describe your feelings after reading this article?
30,Context,none,none,none,none,-1,153,living_labs,1,"Everybody has problems, local people are disturbed, immigrants needs help, but readers of article are calm"
30,Response,none,none,none,none,-1,153,living_labs,0,What do you think triggered your feelings?
30,Context,none,none,none,none,-1,153,living_labs,-1,are u stupid
30,Response,none,none,none,none,-1,153,living_labs,0,Would you say that this particular text aspires to achieve something more aside from providing us with raw facts/data regarding a fact/event?
36,Context,none,none,none,none,-1,159,living_labs,0,
36,Response,none,none,none,none,-1,159,living_labs,0,"Hello! Let me introduce myself, my name is TITAN, your AI Intelligent Coach against Disinformation. I see you have selected the article with title ""The government is spying on you through LED-lighting!!"".
How can I help you?"
36,Context,none,none,none,none,-1,159,living_labs,1,I would like to know more solid arguments why the governement would be spying on us
36,Response,none,none,none,none,-1,159,living_labs,0,Very Well! Do you want to evaluate the source and content of the article?
36,Context,none,none,none,none,-1,159,living_labs,1,Yes
36,Response,none,none,none,none,-1,159,living_labs,0,"First of all, we should ask ourselves ""WHO"" is behind the article. Is the author a real person, whose name is clearly stated?"
36,Context,none,none,none,none,-1,159,living_labs,1,No author is given
36,Response,none,none,none,none,-1,159,living_labs,0,Is he/she a recognized expert on the subject with a relevant professional or academic background? We need to know if the author has the qualifications or expertise to speak on the topic.
36,Context,none,none,none,none,-1,159,living_labs,1,"No, because the author is anonymous"
36,Response,none,none,none,none,-1,159,living_labs,0,"Does the ""ABOUT US"" section include policy statements and email contacts?"
36,Context,none,none,none,none,-1,159,living_labs,-1,There is no about us section
36,Response,none,none,none,none,-1,159,living_labs,0,"Most reputable websites list their editorial team. Does this website list its editorial team, including journalists and editors?"
36,Context,none,none,none,none,-1,159,living_labs,1,no
36,Response,none,none,none,none,-1,159,living_labs,0,Is timeliness important for your topic? Current information is often more reliable.
36,Context,none,none,none,none,-1,159,living_labs,1,"Yes, but LED lighting alreqdy exists for quite a long time"
36,Response,none,none,none,none,-1,159,living_labs,0,Is the content of the article current or just recycled material?
36,Context,none,none,none,none,-1,159,living_labs,1,It seems to be recycled
36,Response,none,none,none,none,-1,159,living_labs,0,Has its content and hyperlinks ever been updated/revised (since then)?
36,Context,none,none,none,none,-1,159,living_labs,-1,There are no hyperlinks in the article
36,Response,none,none,none,none,-1,159,living_labs,0,"Has this news website been recognized by other reputable organizations? For example, has it received awards for good journalism?"
36,Context,none,none,none,none,-1,159,living_labs,1,no
36,Response,none,none,none,none,-1,159,living_labs,0,Have you tried verifying the reputation of your source by cross-referencing it with different sources?
36,Context,none,none,none,none,-1,159,living_labs,-1,how would i do that
36,Response,none,none,none,none,-1,159,living_labs,0,"You did a great job, well done! Based on this quick check, it appears that the author is not an expert, he/she does not state his/her real name, and the article (content) is not recent. Can you tell me if you find the source/author trustworthy?"
36,Context,none,none,none,none,-1,159,living_labs,1,No i do not
36,Response,none,none,none,none,-1,159,living_labs,0,"Another important question is ""WHAT"" the content and purpose of the article is. Disinformation articles often push one viewpoint, have an emotional tone, or make conspiracy claims. Do you recognize any of these signs in the title or content?"
36,Context,none,none,none,none,-1,159,living_labs,1,Yes multiple conspiracy claims are made
36,Response,none,none,none,none,-1,159,living_labs,0,Conspiracies usually refer to a secret plot. Can you tell me what this alleged plot is about?
36,Context,none,none,none,none,-1,159,living_labs,1,The governement spying on its citizens
36,Response,none,none,none,none,-1,159,living_labs,0,"Very good, you are doing great! Does this group have a nefarious intent?"
36,Context,none,none,none,none,-1,159,living_labs,1,Its intent is not stated but it is certaily malicious
36,Response,none,none,none,none,-1,159,living_labs,0,Does the author divide the world between good (us) and bad (them) people?
36,Context,none,none,none,none,-1,159,living_labs,1,"yes a line from the article is ""We must STOP the power of the Government and the RICH"
36,Response,none,none,none,none,-1,159,living_labs,0,"Keep in mind that evaluating conspiracy claims can be very challenging. This is because those who make such claims often identify a group of conspirators and then present probable cause as the truth, which only feeds suspicion. Additionally, the absence of evidence is often seen as further proof of the conspiracy, making it even harder to evaluate the claims. Does the author provide any evidence to support his/her claims?"
36,Context,none,none,none,none,-1,159,living_labs,1,none
36,Response,none,none,none,none,-1,159,living_labs,0,Would you say that this evidence supports the theory and adds to your suspicion?
36,Context,none,none,none,none,-1,159,living_labs,1,No evidence was given
36,Response,none,none,none,none,-1,159,living_labs,0,Does the author suggest that everything is interconnected and that nothing is a coincidence?
36,Context,none,none,none,none,-1,159,living_labs,1,not directly
36,Response,none,none,none,none,-1,159,living_labs,0,"Articles often use emotional appeals to influence readers. Does this article attempt to induce doubt, fear, or anger in you?"
36,Context,none,none,none,none,-1,159,living_labs,1,It tries to raise anger among people
36,Response,none,none,none,none,-1,159,living_labs,0,"You did a great job identifying signs of conspiratorial thinking! What do you think is the author trying to accomplish? For example, does he/she seek to inform, entertain, convince, or sell)?"
36,Context,none,none,none,none,-1,159,living_labs,1,"He tries to inform about the ""true"" use of LED lighting and to convince people the governement is bad"
36,Response,none,none,none,none,-1,159,living_labs,0,Looking up alternative sources on a topic can be helpful. Have you considered checking other recent reputable sources with differing viewpoints?
36,Context,none,none,none,none,-1,159,living_labs,1,"Some articles agree that spying can be done with LED lighting, but this also needs other devices liked hacked speakers"
36,Response,none,none,none,none,-1,159,living_labs,0,"Apart from identifying common tactics of disinformation, we must also be aware of our own biases, emotions, false beliefs, and stereotypes in order to resist the influence of such disinformation. Would you like to continue discussing and examining this particular article?"
36,Context,none,none,none,none,-1,159,living_labs,1,No i think that the articles is not reputable
36,Response,none,none,none,none,-1,159,living_labs,0,You did a great job!I look forward to talking with you again!
36,Context,none,none,none,none,-1,159,living_labs,1,thx
36,Response,none,none,none,none,-1,159,living_labs,0,TITAN Socratic Dialogue Finished!
37,Context,none,none,none,none,-1,160,living_labs,0,
37,Response,none,none,none,none,-1,160,living_labs,0,"Hello! Let me introduce myself, my name is TITAN, your AI Intelligent Coach against Disinformation. I see you have selected the article with title ""The government is spying on you through LED-lighting!!"".
How may I be of assistance?"
37,Context,none,none,none,none,-1,160,living_labs,-1,Where did you get your information from?
37,Response,none,none,none,none,-1,160,living_labs,0,Very Well! Do you want to evaluate the source and content of the article with me?
37,Context,none,none,none,none,-1,160,living_labs,1,Yes
37,Response,none,none,none,none,-1,160,living_labs,0,"The first question we should ask ourselves is ""WHO"" is behind this article. Evaluating the author and the source helps us assess their reliability and potential biases. Can you tell me if the author is a real person whose name is clearly stated?"
37,Context,none,none,none,none,-1,160,living_labs,1,"The author is not clearly stated, so i can't really know if it is a person or not"
37,Response,none,none,none,none,-1,160,living_labs,0,Is he/she a recognized expert on the subject with a relevant professional or academic background? We need to know if the author has the qualifications or expertise to speak on the topic.
37,Context,none,none,none,none,-1,160,living_labs,1,"No specification, so i assume he/she does not"
37,Response,none,none,none,none,-1,160,living_labs,0,"Can you tell me what the ""ABOUT US"" section reveals about our source? Legitimate news outlets provide information about their mission, editorial policies, policy statements and email contacts."
37,Context,none,none,none,none,-1,160,living_labs,-1,No about us section
37,Response,none,none,none,none,-1,160,living_labs,0,"Most reputable websites list their editorial team. Does this website list its editorial team, including journalists and editors?"
37,Context,none,none,none,none,-1,160,living_labs,1,No
37,Response,none,none,none,none,-1,160,living_labs,0,Is timeliness important for your topic? Current information is often more reliable.
37,Context,none,none,none,none,-1,160,living_labs,1,There is no information about time. It can be written 10 years ago of now
37,Response,none,none,none,none,-1,160,living_labs,0,Is the content of the article current or just recycled material?
37,Context,none,none,none,none,-1,160,living_labs,1,Who knows
37,Response,none,none,none,none,-1,160,living_labs,0,Has its content and hyperlinks ever been updated/revised (since then)?
37,Context,none,none,none,none,-1,160,living_labs,1,No hyperlinks found
37,Response,none,none,none,none,-1,160,living_labs,0,"Has this news website been recognized by other reputable organizations? For example, has it received awards for good journalism?"
37,Context,none,none,none,none,-1,160,living_labs,1,Oh hell no
37,Response,none,none,none,none,-1,160,living_labs,0,Have you tried verifying the reputation of your source by cross-referencing it with different sources?
37,Context,none,none,none,none,-1,160,living_labs,1,"Yes, and they dont see that reliable either"
37,Response,none,none,none,none,-1,160,living_labs,0,"You did a great job, well done! Based on this quick check, it appears that the author is not an expert, he/she does not state his/her real name, and the article (content) is not recent. Can you tell me if you find the source/author trustworthy?"
37,Context,none,none,none,none,-1,160,living_labs,1,No because of the reasons you just summed up
37,Response,none,none,none,none,-1,160,living_labs,0,"Another important question is ""WHAT"" the content and purpose of the article is. Disinformation articles often push one viewpoint, have an emotional tone, or make conspiracy claims. Do you recognize any of these signs in the title or content?"
37,Context,none,none,none,none,-1,160,living_labs,1,YES
37,Response,none,none,none,none,-1,160,living_labs,0,Conspiracies usually refer to a secret plot. Can you tell me what this alleged plot is about?
37,Context,none,none,none,none,-1,160,living_labs,1,The last sentence: We must STOP the power of the Government and the RICH.
37,Response,none,none,none,none,-1,160,living_labs,0,"Very good, you are doing great! Does this group have a nefarious intent?"
37,Context,none,none,none,none,-1,160,living_labs,1,I think so
37,Response,none,none,none,none,-1,160,living_labs,0,Does the author divide the world between good (us) and bad (them) people?
37,Context,none,none,none,none,-1,160,living_labs,1,yes
37,Response,none,none,none,none,-1,160,living_labs,0,"Keep in mind that evaluating conspiracy claims can be very challenging. This is because those who make such claims often identify a group of conspirators and then present probable cause as the truth, which only feeds suspicion. Additionally, the absence of evidence is often seen as further proof of the conspiracy, making it even harder to evaluate the claims. Does the author provide any evidence to support his/her claims?"
37,Context,none,none,none,none,-1,160,living_labs,1,The alleged proof is: you ever seen an LED-light flickering?
37,Response,none,none,none,none,-1,160,living_labs,0,Does this evidence appear to support the theory and increase your suspicion?
37,Context,none,none,none,none,-1,160,living_labs,1,No
37,Response,none,none,none,none,-1,160,living_labs,0,Does the author imply that everything is interconnected and there are no coincidences?
37,Context,none,none,none,none,-1,160,living_labs,-1,Why do you think that?
37,Response,none,none,none,none,-1,160,living_labs,0,"Articles often use emotional appeals to influence readers. Does this article attempt to induce doubt, fear, or anger in you?"
37,Context,none,none,none,none,-1,160,living_labs,1,"It does want to appeal to emotion, but that does not work"
37,Response,none,none,none,none,-1,160,living_labs,0,"You did a great job identifying signs of conspiratorial thinking! What do you think is the author trying to accomplish? For example, does he/she seek to inform, entertain, convince, or sell)?"
37,Context,none,none,none,none,-1,160,living_labs,1,Convince a certain idea: bad governement and rich
37,Response,none,none,none,none,-1,160,living_labs,0,Looking up alternative sources on a topic can be helpful. Have you considered checking other recent reputable sources with differing viewpoints?
37,Context,none,none,none,none,-1,160,living_labs,1,Yes
37,Response,none,none,none,none,-1,160,living_labs,0,"Apart from identifying common tactics of disinformation, we must also be aware of our own biases, emotions, false beliefs, and stereotypes in order to resist the influence of such disinformation. Would you like to continue discussing and examining this particular article?"
37,Context,none,none,none,none,-1,160,living_labs,1,sure
37,Response,none,none,none,none,-1,160,living_labs,0,You did a great job!I look forward to talking with you again!
37,Context,none,none,none,none,-1,160,living_labs,1,tnx
37,Response,none,none,none,none,-1,160,living_labs,0,TITAN Socratic Dialogue Finished!
38,Context,none,none,none,none,-1,161,living_labs,0,
38,Response,none,none,none,none,-1,161,living_labs,0,"Hello! Let me introduce myself, my name is TITAN, your AI Intelligent Coach against Disinformation. I see you have selected the article with title ""The government is spying on you through LED-lighting!!"".
How can I help you?"
38,Context,none,none,none,none,-1,161,living_labs,-1,Where did you get your information from?
38,Response,none,none,none,none,-1,161,living_labs,0,Very Well! Do you want to evaluate the source and content of the article with me?
38,Context,none,none,none,none,-1,161,living_labs,1,Yes.
38,Response,none,none,none,none,-1,161,living_labs,0,"The first question we should ask ourselves is ""WHO"" is behind this article. Evaluating the author and the source helps us assess their reliability and potential biases. Can you tell me if the author is a real person whose name is clearly stated?"
38,Context,none,none,none,none,-1,161,living_labs,1,"There is no author noted, only the date."
38,Response,none,none,none,none,-1,161,living_labs,0,Is he/she a recognized expert on the subject with a relevant professional or academic background? We need to know if the author has the qualifications or expertise to speak on the topic.
38,Context,none,none,none,none,-1,161,living_labs,1,That information is unavailable.
38,Response,none,none,none,none,-1,161,living_labs,0,"Does the ""ABOUT US"" section include policy statements and email contacts?"
38,Context,none,none,none,none,-1,161,living_labs,-1,"There is no ""about us"" section. There is only an article. A short article, with a date, and a title. That's all. No mention of an author or contact information."
38,Response,none,none,none,none,-1,161,living_labs,0,"Most reputable websites list their editorial team. Does this website list its editorial team, including journalists and editors?"
38,Context,none,none,none,none,-1,161,living_labs,1,Doesn't seem like it.
38,Response,none,none,none,none,-1,161,living_labs,0,Is timeliness important for your topic? Current information is often more reliable.
38,Context,none,none,none,none,-1,161,living_labs,-1,Why is the article so subjective?
38,Response,none,none,none,none,-1,161,living_labs,0,Is the content of the article current or just recycled material?
38,Context,none,none,none,none,-1,161,living_labs,-1,Can you ask me another question?
38,Response,none,none,none,none,-1,161,living_labs,0,Has its content and hyperlinks ever been updated/revised (since then)?
38,Context,none,none,none,none,-1,161,living_labs,1,"The article is very subjective in my opinion. It uses a tad bit of information you could find online, but the author did not list any used sources and just went with vague information to back up their own opinion."
38,Response,none,none,none,none,-1,161,living_labs,0,"Has this news website been recognized by other reputable organizations? For example, has it received awards for good journalism?"
38,Context,none,none,none,none,-1,161,living_labs,1,I don't think it has?
38,Response,none,none,none,none,-1,161,living_labs,0,Have you tried verifying the reputation of your source by cross-referencing it with different sources?
38,Context,none,none,none,none,-1,161,living_labs,1,No.
38,Response,none,none,none,none,-1,161,living_labs,0,"You did a great job, well done! Based on this quick check, it appears that the author is not an expert, he/she does not state his/her real name, and the article (content) is not recent. Can you tell me if you find the source/author trustworthy?"
38,Context,none,none,none,none,-1,161,living_labs,1,"Since I can't find any information on the author, I don't think he's trustworthy. The article is also heavily opiniated."
38,Response,none,none,none,none,-1,161,living_labs,0,"Another important question is ""WHAT"" the content and purpose of the article is. Disinformation articles often push one viewpoint, have an emotional tone, or make conspiracy claims. Do you recognize any of these signs in the title or content?"
38,Context,none,none,none,none,-1,161,living_labs,1,"Yes, I do. The main viewpoint is that the government is spying on us through LED-lighting. The author uses basic information (how LED-lights work for example) to try and back up this viewpoint. There is no proof of this however."
38,Response,none,none,none,none,-1,161,living_labs,0,Conspiracies usually refer to a secret plot. Can you tell me what this alleged plot is about?
38,Context,none,none,none,none,-1,161,living_labs,1,"The plot is about how the government is spying on us through LED-lighting, I think."
38,Response,none,none,none,none,-1,161,living_labs,0,"Very good, you are doing great! Does this group have a nefarious intent?"
38,Context,none,none,none,none,-1,161,living_labs,1,I have no idea.
38,Response,none,none,none,none,-1,161,living_labs,0,Does the author divide the world between good (us) and bad (them) people?
38,Context,none,none,none,none,-1,161,living_labs,1,"The author specifically targets ""bastard CEO's and politicians"", and claims they are ""spying on us"" through LED-lights."
38,Response,none,none,none,none,-1,161,living_labs,0,"Keep in mind that evaluating conspiracy claims can be very challenging. This is because those who make such claims often identify a group of conspirators and then present probable cause as the truth, which only feeds suspicion. Additionally, the absence of evidence is often seen as further proof of the conspiracy, making it even harder to evaluate the claims. Does the author provide any evidence to support his/her claims?"
38,Context,none,none,none,none,-1,161,living_labs,1,There's no real evidence.
38,Response,none,none,none,none,-1,161,living_labs,0,Does this evidence appear to support the theory and increase your suspicion?
38,Context,none,none,none,none,-1,161,living_labs,1,"It isn't evidence. They're claims. For the author they might be ""evidence"", but all in all it's only used to back up his opinion and trying to convince you of his own viewpoint. It is not real evidence."
38,Response,none,none,none,none,-1,161,living_labs,0,Does the author imply that everything is interconnected and there are no coincidences?
38,Context,none,none,none,none,-1,161,living_labs,1,"Yes. They seem very sure. ""LED-lights flickering"" apparently means that they're ""monitoring and sharing your data"", for example."
38,Response,none,none,none,none,-1,161,living_labs,0,"Articles often appeal to emotion to influence readers. Does this article attempt to provoke doubt, fear, or anger in you?"
38,Context,none,none,none,none,-1,161,living_labs,1,It does. The author wants to convince you of the government's schemes to spy on you through something as simple and common as LED-lighting.
38,Response,none,none,none,none,-1,161,living_labs,0,"You did a great job identifying signs of conspiratorial thinking! What do you think is the author's goal? For example, does he/she seek to inform, entertain, convince, or sell)?"
38,Context,none,none,none,none,-1,161,living_labs,1,I think he's trying to convince the reader.
38,Response,none,none,none,none,-1,161,living_labs,0,Looking up alternative sources on a topic can be helpful. Have you considered checking other recent reputable sources with differing viewpoints?
38,Context,none,none,none,none,-1,161,living_labs,1,"No, not yet."
38,Response,none,none,none,none,-1,161,living_labs,0,"Apart from identifying common tactics of disinformation, we must also be aware of our own biases, emotions, false beliefs, and stereotypes in order to resist the influence of such disinformation. Would you like to continue discussing and examining this particular article?"
38,Context,none,none,none,none,-1,161,living_labs,1,Sure.
38,Response,none,none,none,none,-1,161,living_labs,0,You did a great job!I look forward to talking with you again!
38,Context,none,none,none,none,-1,161,living_labs,1,Thank you.
38,Response,none,none,none,none,-1,161,living_labs,0,TITAN Socratic Dialogue Finished!
39,Context,none,none,none,none,-1,162,living_labs,0,
39,Response,none,none,none,none,-1,162,living_labs,0,"Hello! Let me introduce myself, my name is TITAN, your AI Intelligent Coach against Disinformation. I see you have selected the article with title ""Don't look now but the LED light fixtures are spying on you"".
How can I help you?"
39,Context,none,none,none,none,-1,162,living_labs,-1,"Can you summarize the article, highlighting the most important items"
39,Response,none,none,none,none,-1,162,living_labs,0,Very Well! Do you want to evaluate the source and content of the article with me?
39,Context,none,none,none,none,-1,162,living_labs,1,sure
39,Response,none,none,none,none,-1,162,living_labs,0,"That's really interesting! Have you tried checking ""WHO"" is behind this post? Evaluating the author and the source helps us assess their reliability and potential biases. Is the author a real person, whose name is clearly stated?"
39,Context,none,none,none,none,-1,162,living_labs,-1,"i cannot see the article, can you tell me who the source is?"
39,Response,none,none,none,none,-1,162,living_labs,0,Is he/she a recognized expert on the subject with a relevant professional or academic background? We need to know if the author has the qualifications or expertise to speak on the topic.
39,Context,none,none,none,none,-1,162,living_labs,-1,Who is Darlene Storm?
39,Response,none,none,none,none,-1,162,living_labs,0,"Can you tell me what the ""ABOUT US"" section reveals about our source? Reputable news outlets provide information about their mission, editorial policies, policy statements and email contacts."
39,Context,none,none,none,none,-1,162,living_labs,1,"Darlene Storm, the author of this article is a fictitious freelance writer specializing in cybersecurity"
39,Response,none,none,none,none,-1,162,living_labs,0,"Most reputable websites list their editorial team. Does this website list its editorial team, including journalists and editors?"
39,Context,none,none,none,none,-1,162,living_labs,1,it does not
39,Response,none,none,none,none,-1,162,living_labs,0,Is timeliness important for your topic? Current information is often more reliable.
39,Context,none,none,none,none,-1,162,living_labs,1,it is not
39,Response,none,none,none,none,-1,162,living_labs,0,Is the content of the article current or just recycled material?
39,Context,none,none,none,none,-1,162,living_labs,1,i cannot find sources that prove this is recycled
39,Response,none,none,none,none,-1,162,living_labs,0,Has its content and hyperlinks ever been updated/revised (since then)?
39,Context,none,none,none,none,-1,162,living_labs,1,no hyperlinks are found
39,Response,none,none,none,none,-1,162,living_labs,0,"Has this news website been recognized by other reputable organizations? For example, has it received awards for good journalism?"
39,Context,none,none,none,none,-1,162,living_labs,1,"i cannot tell, no other source provided apart from author"
39,Response,none,none,none,none,-1,162,living_labs,0,Have you tried verifying the reputation of your source by cross-referencing it with different sources?
39,Context,none,none,none,none,-1,162,living_labs,1,she is more-so a blogger than a journalist
39,Response,none,none,none,none,-1,162,living_labs,0,"You did a great job, well done! Based on this quick check, it appears that the author is not an expert, he/she does not state his/her real name, and the article (content) is not recent. Can you tell me if you find the source/author trustworthy?"
39,Context,none,none,none,none,-1,162,living_labs,1,i do not find it trustworthy
39,Response,none,none,none,none,-1,162,living_labs,0,"Another important question is ""WHAT"" the content and purpose of the article is. Disinformation articles often push one viewpoint, have an emotional tone, or make conspiracy claims. Do you recognize any of these signs in the title or content?"
39,Context,none,none,none,none,-1,162,living_labs,1,"Yes, it pushes a certain narrative"
39,Response,none,none,none,none,-1,162,living_labs,0,Conspiracies usually refer to a secret plot. Can you tell me what this alleged plot is about?
39,Context,none,none,none,none,-1,162,living_labs,1,Led Light can transfer both video and audio
39,Response,none,none,none,none,-1,162,living_labs,0,"Very good, you are doing great! Does this group have a nefarious intent?"
39,Context,none,none,none,none,-1,162,living_labs,1,i cannot tell at first glance
39,Response,none,none,none,none,-1,162,living_labs,0,Does the author divide the world between good (us) and bad (them) people?
39,Context,none,none,none,none,-1,162,living_labs,1,no
39,Response,none,none,none,none,-1,162,living_labs,0,"Keep in mind that evaluating conspiracy claims can be very challenging. This is because those who make such claims often identify a group of conspirators and then present probable cause as the truth, which only feeds suspicion. Additionally, the absence of evidence is often seen as further proof of the conspiracy, making it even harder to evaluate the claims. Does the author provide any evidence to support his/her claims?"
39,Context,none,none,none,none,-1,162,living_labs,1,"There is a case in the article, but it reads as highly unbelievable"
39,Response,none,none,none,none,-1,162,living_labs,0,Would you say that this evidence supports the theory and adds to your suspicion?
39,Context,none,none,none,none,-1,162,living_labs,1,"it supports the proposed narrative, but again, feels very unlikely"
39,Response,none,none,none,none,-1,162,living_labs,0,Does the author suggest that everything is interconnected and that nothing is a coincidence?
39,Context,none,none,none,none,-1,162,living_labs,1,no
39,Response,none,none,none,none,-1,162,living_labs,0,"Articles often appeal to emotion to influence readers. Does this article attempt to provoke doubt, fear, or anger in you?"
39,Context,none,none,none,none,-1,162,living_labs,1,doubt and fear
39,Response,none,none,none,none,-1,162,living_labs,0,"You did a great job identifying signs of conspiratorial thinking! What do you think is the author's goal? For example, does he/she seek to inform, entertain, convince, or sell)?"
39,Context,none,none,none,none,-1,162,living_labs,1,convincing/fearmongering
39,Response,none,none,none,none,-1,162,living_labs,0,Looking up alternative sources on a topic can be helpful. Have you considered checking other recent reputable sources with differing viewpoints?
39,Context,none,none,none,none,-1,162,living_labs,1,"I found sources stating led light can not transmit audio and video, but also scientific papers detailing how light can not be used to transmit video. However i have found a case where there was a spy camera hidden inside the light fixture, maybe the author interpreted that case wrong?"
39,Response,none,none,none,none,-1,162,living_labs,0,"Apart from identifying common tactics of disinformation, we must also be aware of our own biases, emotions, false beliefs, and stereotypes in order to resist the influence of such disinformation. Would you like to continue discussing and examining this particular article?"
39,Context,none,none,none,none,-1,162,living_labs,1,yes
39,Response,none,none,none,none,-1,162,living_labs,0,You did a great job!I look forward to talking with you again!
40,Context,none,none,none,none,-1,163,living_labs,0,
40,Response,none,none,none,none,-1,163,living_labs,0,"Hello! Let me introduce myself, my name is TITAN, your AI Intelligent Coach against Disinformation. I see you have selected the article with title ""What Liberal Media Did Not Tell You: Screaming Green Teen Greta Thunberg Linked to Antifa Terrorists - Recorded Song for Antifa-Supporting Org"".
How may I be of assistance?"
40,Context,none,none,none,none,-1,163,living_labs,-1,can i see the article again
40,Response,none,none,none,none,-1,163,living_labs,0,Very Well! Do you want to evaluate the source and content of the article?
40,Context,none,none,none,none,-1,163,living_labs,-1,no just the text
40,Response,none,none,none,none,-1,163,living_labs,0,"The first question we should ask ourselves is ""WHO"" is behind this article. Evaluating the author and the source helps us assess their reliability and potential biases. Can you tell me if the author is a real person whose name is clearly stated?"
40,Context,none,none,none,none,-1,163,living_labs,1,the author is jim hoft
40,Response,none,none,none,none,-1,163,living_labs,0,Is he/she a recognized expert on the subject with a relevant professional or academic background? We need to know if the author has the qualifications or expertise to speak on the topic.
40,Context,none,none,none,none,-1,163,living_labs,1,Jim Hoft is the founder and editor of The Gateway Pundit
40,Response,none,none,none,none,-1,163,living_labs,0,"Does the ""ABOUT US"" section include policy statements and email contacts?"
40,Context,none,none,none,none,-1,163,living_labs,1,i can't find that
40,Response,none,none,none,none,-1,163,living_labs,0,"Very well! Also, let's keep in mind that the URL might also reveal things regarding the reputability of the website by identifying its purpose. Specifically, can you tell me if it refers to a commercial news outlet (.com), a governmental (.gov) or academic website (.edu)?"
40,Context,none,none,none,none,-1,163,living_labs,1,.com
40,Response,none,none,none,none,-1,163,living_labs,0,"Most reputable websites list their editorial team. Does this website list its editorial team, including journalists and editors?"
40,Context,none,none,none,none,-1,163,living_labs,1,no it does not
40,Response,none,none,none,none,-1,163,living_labs,0,"Has this news website been recognized by other reputable organizations? For example, has it received awards for good journalism?"
40,Context,none,none,none,none,-1,163,living_labs,1,"yes it has following accomplishments: Joined Robert Kennedy Jr.’s case against Trusted News Initiative for censorship of Free Speech in Jan. 2023.
In 2023, The Gateway Pundit received the Most Trusted Print Media Award at the American Liberty Awards.
In April 2023, won a historic First Amendment lawsuit and settlement against Maricopa County Board of Supervisors.
In September 2018, Jim Hoft testified before a congressional hearing on Big Tech censorship.
President Donald Trump used The Gateway Pundit’s exclusive reports and investigations in his summary report on 2020 election fraud.
Jim was awarded the Reed Irvine Accuracy in Media Award in 2013 and is the proud recipient of the Breitbart Award for Excellence in Online Journalism from the Americans for Prosperity Foundation in May 2016."
40,Response,none,none,none,none,-1,163,living_labs,0,Have you tried verifying the reputation of your source by cross-referencing it with different sources?
40,Context,none,none,none,none,-1,163,living_labs,1,"no, but i've found that he was banned from twitter"
40,Response,none,none,none,none,-1,163,living_labs,0,Is timeliness important for your topic? Current information is often more reliable.
40,Context,none,none,none,none,-1,163,living_labs,1,no it is not important
40,Response,none,none,none,none,-1,163,living_labs,0,"Lastly, it is common for media to have political or ideological preferences but we should be wary of hyperpartisan outlets because they have strong ideological biases and are often created to smear their opponents. Would you like to check if the article engages in reasoned debate or mainly aims to discredit their opponents?"
40,Context,none,none,none,none,-1,163,living_labs,-1,can you tell me something about the reliability of the content of the article
40,Response,none,none,none,none,-1,163,living_labs,0,"First let's check if the author discusses the matter based on logic and evidence or just uses personal attacks. Does he/she use insults, name calling, irony, or any other form of abusive language to discredit an opponent's competence?"
40,Context,none,none,none,none,-1,163,living_labs,-1,"i checked the author, can we now check the reliability of the content of the article?"
40,Response,none,none,none,none,-1,163,living_labs,0,"Does the article attack the opponent's moral character, motives or cause?"
40,Context,none,none,none,none,-1,163,living_labs,1,yes he attacks greta thunberg
40,Response,none,none,none,none,-1,163,living_labs,0,"Often, personal attacks are used in campaigns that aim at smearing their opponents who are important public figures or groups (for example, politicians, NGOs, scientists, activists, investigative journalists, etc). Can you tell me if the target of these attacks is well-known?"
42,Context,none,none,none,none,-1,165,living_labs,0,
42,Response,none,none,none,none,-1,165,living_labs,0,"Hello! Let me introduce myself, my name is TITAN, your AI Intelligent Coach against Disinformation. I see you have selected the article with title ""'Migrants ate my dogs' And now it's chaos in Lampedusa"".
What led you to read this article?"
42,Context,none,none,none,none,-1,165,living_labs,1,The shocking and eye-catching title
42,Response,none,none,none,none,-1,165,living_labs,0,Having read the article what would you say that the main topic is?
42,Context,none,none,none,none,-1,165,living_labs,1,Immigration and the problems it brings
42,Response,none,none,none,none,-1,165,living_labs,0,What claims are being made in the article?
42,Context,none,none,none,none,-1,165,living_labs,1,"That illegal immigrants are eating dogs, in desperation because there is not enough food to feed them in the center where they are currently being held."
42,Response,none,none,none,none,-1,165,living_labs,0,"After carefully considering the assumptions made by the author and the overall content of the article, can you think of any consequences this text might have to a potential reader?"
42,Context,none,none,none,none,-1,165,living_labs,1,"It might invoke racist thought, or negative thoughts about immigrants"
42,Response,none,none,none,none,-1,165,living_labs,0,Do you believe that the assumptions/claims of the article are consistent with your own personal experience on the subject (if any)?
42,Context,none,none,none,none,-1,165,living_labs,1,I cannot answer this
42,Response,none,none,none,none,-1,165,living_labs,0,How would you describe this article after this short discussion?
42,Context,none,none,none,none,-1,165,living_labs,1,"it feels judgemental, yet informative"
42,Response,none,none,none,none,-1,165,living_labs,0,Should we exercise caution in regards to the author's approach to the topic?
42,Context,none,none,none,none,-1,165,living_labs,1,yes
42,Response,none,none,none,none,-1,165,living_labs,0,"After our discussion, what are your feelings towards the article?"
42,Context,none,none,none,none,-1,165,living_labs,1,"the article wishes to highlight a problem, but relies too much on shock value to produce a solid, objective answer"
42,Response,none,none,none,none,-1,165,living_labs,0,Do you feel that you have grasped the reasoning of the author?
42,Context,none,none,none,none,-1,165,living_labs,1,i think so
42,Response,none,none,none,none,-1,165,living_labs,0,Would you suggest any possible modifications to the author's approach?
42,Context,none,none,none,none,-1,165,living_labs,1,be less reliant on eye-witness accounts as they are often emotionally charged
42,Response,none,none,none,none,-1,165,living_labs,0,Can you provide strong evidence to substantiate your claims?
42,Context,none,none,none,none,-1,165,living_labs,1,"yes, ""while she is forced to clear the land on her property of piles of garbage and excrement left by the immigrants, without her desperate cry ever being heard. Also gone from the fences are chickens, goats and even four puppies of dogs. The woman has no doubt: 'They ate them.'"
42,Response,none,none,none,none,-1,165,living_labs,0,"After our discussion, do you feel that you are in a position to better understand the characteristics of this article, as well as its potential consequences?"
42,Context,none,none,none,none,-1,165,living_labs,-1,can you elaborate on what you mean by this?
42,Response,none,none,none,none,-1,165,living_labs,0,Would you be in a better position to identify the use of disinformation signals in an article from now on?
42,Context,none,none,none,none,-1,165,living_labs,1,yes
42,Response,none,none,none,none,-1,165,living_labs,0,What are you planning to do with this article now?
42,Context,none,none,none,none,-1,165,living_labs,1,toss it
42,Response,none,none,none,none,-1,165,living_labs,0,What do you think of our discussion? Did you find it helpful?
42,Context,none,none,none,none,-1,165,living_labs,-1,About 75% of it
42,Response,none,none,none,none,-1,165,living_labs,0,Is there any other topic you would like to go over with me?
42,Context,none,none,none,none,-1,165,living_labs,1,no thank you
42,Response,none,none,none,none,-1,165,living_labs,0,TITAN Socratic Dialogue Finished!
43,Context,none,none,none,none,-1,166,living_labs,0,
43,Response,none,none,none,none,-1,166,living_labs,0,"Hello! Let me introduce myself, my name is TITAN, your AI Intelligent Coach against Disinformation. I see you have selected the article with title ""Rapes, brawls, 'cultural' crimes: the criminal immigration that scares Italy"".
What was it that specifically caught your attention?"
43,Context,none,none,none,none,-1,166,living_labs,1,Immigration is not synonymous with crime. And vice versa.
43,Response,none,none,none,none,-1,166,living_labs,0,What does the article discuss?
43,Context,none,none,none,none,-1,166,living_labs,1,the criminal immigration in italy
43,Response,none,none,none,none,-1,166,living_labs,0,What would you say that the main claim of the article is? Does the author try to make a point?
43,Context,none,none,none,none,-1,166,living_labs,1,that the increased criminality is not the result of more immigration
43,Response,none,none,none,none,-1,166,living_labs,0,"In some instances, an article might not only aim to describe or inform. Do you think that this particular piece has the intention of accomplishing something beyond just conveying facts or reporting events?"
43,Context,none,none,none,none,-1,166,living_labs,1,yes so that people not only have a negative view on immigration and immigrants
43,Response,none,none,none,none,-1,166,living_labs,0,"How would you describe the language used by the author in this particular text? Is it by any chance emotive, strong or provocative?"
43,Context,none,none,none,none,-1,166,living_labs,1,strong
43,Response,none,none,none,none,-1,166,living_labs,0,"Would you be kind enough to provide more details, please?"
43,Context,none,none,none,none,-1,166,living_labs,1,he has strong arguments and refers to other reports
43,Response,none,none,none,none,-1,166,living_labs,0,Can you provide me with an example(s) from the text?
43,Context,none,none,none,none,-1,166,living_labs,1,"Now, according to Ministry of Justice data, updated as of May 31, 2022, there are 17,136 foreigners detained, out of a total of 57,067 people in prison: a percentage that slightly exceeds 30 percent, as also confirmed by criminologist Francesca Capozza, who speaks of official data 'that therefore do not record any further un ascertained involvement.'"
43,Response,none,none,none,none,-1,166,living_labs,0,"Although the employment of powerful and/or emotionally charged language in a text is relatively widespread, it is uncommon for an author to utilize such a technique without a specific reason. Can you explain why the author chooses to adopt this style of writing?"
43,Context,none,none,none,none,-1,166,living_labs,1,he does this to make his article more reliable
43,Response,none,none,none,none,-1,166,living_labs,0,The use of strong and/or emotive language usually results in more evident (if not more biased) claims. Do you think that the claims made by the author in this article can be considered well-founded?
43,Context,none,none,none,none,-1,166,living_labs,1,yes
43,Response,none,none,none,none,-1,166,living_labs,0,Do you think that the author makes any claims offering us his/her opinion or interpretation of what transpired? Can you spot such claims in the text?
43,Context,none,none,none,none,-1,166,living_labs,1,no
43,Response,none,none,none,none,-1,166,living_labs,0,"Can you possibly determine if there is anything offensive about the claims and assumptions of this article, bearing in mind that the employment of strong/provocative language could be a product of hate speech?"
43,Context,none,none,none,none,-1,166,living_labs,1,no
43,Response,none,none,none,none,-1,166,living_labs,0,"Hate speech, unlike other forms of offensive speech/writing, is usually based on prejudices regarding ethnicity, race, sex, sexual orientation or even religion. Do you feel that it's possible any of the assumptions made might have any of the aforementioned characteristics? Can you provide an example from the text?"
43,Context,none,none,none,none,-1,166,living_labs,1,no i don't. here is an example: Immigration is not synonymous with crime.
43,Response,none,none,none,none,-1,166,living_labs,0,Are there any consequences of considering uncritically the questions in the article?
43,Context,none,none,none,none,-1,166,living_labs,-1,can you elaborate this question?
43,Response,none,none,none,none,-1,166,living_labs,0,"Based on your own personal experience with the topic (if any), do you think the assumptions or claims presented in the article are consistent?"
68,Context,none,none,none,none,-1,191,living_labs,0,
68,Response,none,none,none,none,-1,191,living_labs,0,"Hello! Let me introduce myself, my name is TITAN, your AI Intelligent Coach against Disinformation. I see you have selected the article with title ""Cholesterol is kept very low on purpose! Are we being lied to by pharma?"".
Could you share what triggered your curiosity?"
68,Context,none,none,none,none,-1,191,living_labs,1,I take tablets for cholesterol that's why I am interested in the article.
68,Response,none,none,none,none,-1,191,living_labs,0,"After going through the article, what do you think the primary focus or theme is?"
68,Context,none,none,none,none,-1,191,living_labs,1,the  content for the right information
68,Response,none,none,none,none,-1,191,living_labs,0,What would you say that the main claim of the article is? Does the author try to make a point?
68,Context,none,none,none,none,-1,191,living_labs,1,"yes, he tries to make people understand that the official information on cholesterol are not alway and all true"
68,Response,none,none,none,none,-1,191,living_labs,0,Why do you assume you felt this way after reading this article?
68,Context,none,none,none,none,-1,191,living_labs,1,I start to think off the article can be true or not
68,Response,none,none,none,none,-1,191,living_labs,0,Do you think that the author did this on purpose?
68,Context,none,none,none,none,-1,191,living_labs,1,maybe
68,Response,none,none,none,none,-1,191,living_labs,0,Do you think you are able to provide me with an example of a biased claim? Can you find any in the text?
68,Context,none,none,none,none,-1,191,living_labs,1,"""think for a moment where these lies come from"
68,Response,none,none,none,none,-1,191,living_labs,0,Is it possible to identify any instances that expose the author's viewpoint or understanding?
68,Context,none,none,none,none,-1,191,living_labs,1,"yes, when he tries to explain why the general information on cholesterol can be fake"
68,Response,none,none,none,none,-1,191,living_labs,0,Could you provide an instance(s) from the text?
68,Context,none,none,none,none,-1,191,living_labs,1,"We are all too happy to go along with this story, but have you stopped to think for a moment where these lies come from: the pharma and food industry!"
68,Response,none,none,none,none,-1,191,living_labs,0,What methods can we use to ascertain whether this claim is accurate?
68,Context,none,none,none,none,-1,191,living_labs,1,maybe looking online to verify what is true
68,Response,none,none,none,none,-1,191,living_labs,0,What are your thoughts regarding the assumptions made by the author?
68,Context,none,none,none,none,-1,191,living_labs,1,"I think that if it's true I shouldn't get any medicine anymore, but what would be the problem if someone stop the medication?"
68,Response,none,none,none,none,-1,191,living_labs,0,Would you say that this particular text aspires to achieve something more aside from providing us with raw facts/data regarding a fact/event?
68,Context,none,none,none,none,-1,191,living_labs,1,I don't know
68,Response,none,none,none,none,-1,191,living_labs,0,What is your opinion on this?
68,Context,none,none,none,none,-1,191,living_labs,1,maybe the text tries to go against the pharma and food industry
68,Response,none,none,none,none,-1,191,living_labs,0,What assumptions can you make here?
68,Context,none,none,none,none,-1,191,living_labs,1,the same answer as above
68,Response,none,none,none,none,-1,191,living_labs,0,"How would you describe the language used by the author in this text (e.g. formal, informal, offensive, emotive, sarcastic etc.)?"
68,Context,none,none,none,none,-1,191,living_labs,1,formal
68,Response,none,none,none,none,-1,191,living_labs,0,What could the author be attempting to accomplish by adopting this particular style of language?
68,Context,none,none,none,none,-1,191,living_labs,1,to reach everyone and let everyone think that is the true
68,Response,none,none,none,none,-1,191,living_labs,0,Do you think an objective journalist would use such language?
68,Context,none,none,none,none,-1,191,living_labs,1,yes he could be
68,Response,none,none,none,none,-1,191,living_labs,0,Are journalists supposed to be subjective or objective?
68,Context,none,none,none,none,-1,191,living_labs,1,objective
68,Response,none,none,none,none,-1,191,living_labs,0,"The use of emotionally charged language requires utmost caution. Although a claim or argument may be backed by accurate information and facts, it can still be presented in a biased or distorted manner. Why do you think a reader should be cautious towards the claims of the author?"
68,Context,none,none,none,none,-1,191,living_labs,1,the reader could read  critically trying not to believe at first but trying to get more information
68,Response,none,none,none,none,-1,191,living_labs,0,In what way do the claims connect to the central point advanced by the author?
68,Context,none,none,none,none,-1,191,living_labs,-1,don't know
68,Response,none,none,none,none,-1,191,living_labs,0,Are you of the opinion that you have the ability to substantiate these assumptions on your own?
68,Context,none,none,none,none,-1,191,living_labs,1,"looking for more information, maybe I can try to understand if what the author says is true"
68,Response,none,none,none,none,-1,191,living_labs,0,What evidence is offered in support of this claim? Does the author provide us with adequate information?
68,Context,none,none,none,none,-1,191,living_labs,1,"no, the author doesn't give statistic data for example"
68,Response,none,none,none,none,-1,191,living_labs,0,Do you feel that these assumptions are sufficiently justified based on the evidence offered by the author?
68,Context,none,none,none,none,-1,191,living_labs,1,no
68,Response,none,none,none,none,-1,191,living_labs,0,Would you be able to identify the emotion that the evidence provokes?
68,Context,none,none,none,none,-1,191,living_labs,-1,doubt it
68,Response,none,none,none,none,-1,191,living_labs,0,"Studies have shown that the reliance on emotion is (sometimes) associated with misinformation sharing. The use of suspenseful, provocative, hyperbolic or exaggerated words and phrases, which are usual characteristics of emotive language, can often be misleading and can be safely considered as a potential sign of disinformation. Are you able to identify words or phrases in the text that may have any of aforementioned characteristics?"
68,Context,none,none,none,none,-1,191,living_labs,1,"Low cholesterol in fact lowers the production of your vitamin D levels, making you more depressed.  It also lowers the proper functioning of our cells and thus also our brain cells. And this is just the beginning."
68,Response,none,none,none,none,-1,191,living_labs,0,"It is a common occurrence for articles that utilize emotionally charged language to provide us with startling depictions, details, and so on. Do you happen to come across any in this particular text?"
68,Context,none,none,none,none,-1,191,living_labs,1,no
68,Response,none,none,none,none,-1,191,living_labs,0,"Were you aware that the spread of fake news has been positively associated with the generation of negative feelings (such as feelings of anger, injustice, etc.)?"
68,Context,none,none,none,none,-1,191,living_labs,1,yes
68,Response,none,none,none,none,-1,191,living_labs,0,Articles naturally tend to reflect the ideas and beliefs of the author. What is important though is the ability to distinguish between the personal opinion/beliefs of the author and the facts/events that are discussed in the text. Do you think you are in a position to do so?
68,Context,none,none,none,none,-1,191,living_labs,-1,I don't think so
68,Response,none,none,none,none,-1,191,living_labs,0,"At times, the incorporation of emotionally charged language might cause us to form erroneous beliefs about a circumstance, occurrence, or truth. Could it be that we're being presented with an unrealistic depiction in this case?"
68,Context,none,none,none,none,-1,191,living_labs,1,maybe
68,Response,none,none,none,none,-1,191,living_labs,0,Repetition is another indication of emotive language. Do you see same expression or words being repeated in the article?
68,Context,none,none,none,none,-1,191,living_labs,1,I don't find same expression or words repeated
68,Response,none,none,none,none,-1,191,living_labs,0,What is the reason behind the usage of emotionally charged language in this article?
68,Context,none,none,none,none,-1,191,living_labs,1,the usage of emotionally charged language let people think that the article can be true
68,Response,none,none,none,none,-1,191,living_labs,0,Do you think that the author is prejudiced from the language he/she uses? Is there any specific evidence that led you to this belief?
68,Context,none,none,none,none,-1,191,living_labs,1,I don't know
68,Response,none,none,none,none,-1,191,living_labs,0,Do you believe that the author is impartial?
68,Context,none,none,none,none,-1,191,living_labs,1,no he's not
68,Response,none,none,none,none,-1,191,living_labs,0,Can you envision any implications this text may have for a future reader?
68,Context,none,none,none,none,-1,191,living_labs,1,yes
68,Response,none,none,none,none,-1,191,living_labs,0,Do you believe that the assumptions/claims of the article are consistent with your own personal experience on the subject (if any)?
68,Context,none,none,none,none,-1,191,living_labs,1,maybe yes
68,Response,none,none,none,none,-1,191,living_labs,0,How would you describe this article after this short discussion?
68,Context,none,none,none,none,-1,191,living_labs,1,it's an article that seems to be against Pharma industries
68,Response,none,none,none,none,-1,191,living_labs,0,Do you think that we must be cautious of the way the author is choosing to approach the subject?
68,Context,none,none,none,none,-1,191,living_labs,1,"yes, of course"
68,Response,none,none,none,none,-1,191,living_labs,0,"After our discussion, what are your feelings towards the article?"
68,Context,none,none,none,none,-1,191,living_labs,1,"I think we have to read carefully, but most of all we have to check the truth before beliving what we read"
68,Response,none,none,none,none,-1,191,living_labs,0,Are you confident that you have understood the author's line of thinking?
68,Context,none,none,none,none,-1,191,living_labs,1,I think so
68,Response,none,none,none,none,-1,191,living_labs,0,Would you suggest any possible modifications to the author's approach?
68,Context,none,none,none,none,-1,191,living_labs,1,He could bring scientific data to prove the reality it describes
68,Response,none,none,none,none,-1,191,living_labs,0,Are you in a position to form a solid argument in support of your claims?
68,Context,none,none,none,none,-1,191,living_labs,1,no
68,Response,none,none,none,none,-1,191,living_labs,0,"Do you now believe that you have a clearer grasp of the attributes of this article, as well as its possible outcomes?"
68,Context,none,none,none,none,-1,191,living_labs,1,maybe
68,Response,none,none,none,none,-1,191,living_labs,0,Would you be in a better position to identify the use of disinformation signals in an article from now on?
68,Context,none,none,none,none,-1,191,living_labs,1,I could be
68,Response,none,none,none,none,-1,191,living_labs,0,What do you intend to do with this article from this point onwards?
68,Context,none,none,none,none,-1,191,living_labs,1,nothing I keep doi
68,Response,none,none,none,none,-1,191,living_labs,0,What is your opinion of our conversation? Was it beneficial for you?
68,Context,none,none,none,none,-1,191,living_labs,1,it shows that we can find a lot of fake news
68,Response,none,none,none,none,-1,191,living_labs,0,Is there any other topic you would like to cover with me?
68,Context,none,none,none,none,-1,191,living_labs,1,no
68,Response,none,none,none,none,-1,191,living_labs,0,TITAN Socratic Dialogue Finished!
69,Context,none,none,none,none,-1,192,living_labs,0,
69,Response,none,none,none,none,-1,192,living_labs,0,"Hello! Let me introduce myself, my name is TITAN, your AI Intelligent Coach against Disinformation. I see you have selected the article with title ""The government is spying on you through LED-lighting!!"".
How may I assist you?"
69,Context,none,none,none,none,-1,192,living_labs,1,i don't believe any word they said in the article.
69,Response,none,none,none,none,-1,192,living_labs,0,What was it that specifically caught your attention?
69,Context,none,none,none,none,-1,192,living_labs,1,the connection between all technological things with led
69,Response,none,none,none,none,-1,192,living_labs,0,What is the topic or content of the article?
69,Context,none,none,none,none,-1,192,living_labs,1,privacy
69,Response,none,none,none,none,-1,192,living_labs,0,Have you got prior knowledge about this subject?
69,Context,none,none,none,none,-1,192,living_labs,1,i didn't have
69,Response,none,none,none,none,-1,192,living_labs,0,What are the claims that are being made in the article?
69,Context,none,none,none,none,-1,192,living_labs,-1,i don't remember
69,Response,none,none,none,none,-1,192,living_labs,0,What is your opinion regarding this issue?
69,Context,none,none,none,none,-1,192,living_labs,1,"i don't like conspiracy. my opinion that this article is full of disinformation and gives facts that are not argued nor demonstrated. Words as never, ever, all, nobody, etc are unsuitable for explaining a theory."
69,Response,none,none,none,none,-1,192,living_labs,0,What is it that is troubling you with this article?
69,Context,none,none,none,none,-1,192,living_labs,1,that some of the things inside the article could be shared in the internet and could be seen by others and could be misundersood. Misunderstanding of this article could undermine the trust and faith of people causing not positive experience in their life.
69,Response,none,none,none,none,-1,192,living_labs,0,Can you give me any example(s)?
69,Context,none,none,none,none,-1,192,living_labs,1,"internet of things, big eye , spying, climate change as a bullshit. All this make me think that the article is fake."
69,Response,none,none,none,none,-1,192,living_labs,0,What would you say that the purpose of the article is?
69,Context,none,none,none,none,-1,192,living_labs,1,"to alarm and disbalance people, to mislead from healthy thinking"
69,Response,none,none,none,none,-1,192,living_labs,0,Do you realize that texts and articles have the ability to intentionally trigger emotions and feelings?
69,Context,none,none,none,none,-1,192,living_labs,1,"yes, some words in the article are intentionally used to contact our basic emotions and feelings"
69,Response,none,none,none,none,-1,192,living_labs,0,How would you describe your feelings after reading this article?
69,Context,none,none,none,none,-1,192,living_labs,1,"displeasure, aversion"
69,Response,none,none,none,none,-1,192,living_labs,0,What do you believe caused your emotions?
69,Context,none,none,none,none,-1,192,living_labs,1,the radical tone of sentence. It strongly tries to give a final verdict and not to provoke thinking
69,Response,none,none,none,none,-1,192,living_labs,0,Are you able to detect any dubious assumptions or arguments put forth by the author?
69,Context,none,none,none,none,-1,192,living_labs,-1,stop
69,Response,none,none,none,none,-1,192,living_labs,0,TITAN Socratic AI Coach Stopped!
70,Context,none,none,none,none,-1,193,living_labs,0,
70,Response,none,none,none,none,-1,193,living_labs,0,"Hello! Let me introduce myself, my name is TITAN, your AI Intelligent Coach against Disinformation. I see you have selected the article with title ""Transform Your Body with the Latest Breakthrough in Weight Loss - SkinnySecretsExposed.com"".
How may I assist you?"
70,Context,none,none,none,none,-1,193,living_labs,1,I don't know if this article is real or fake
70,Response,none,none,none,none,-1,193,living_labs,0,What was it that aroused your curiosity with this article?
70,Context,none,none,none,none,-1,193,living_labs,1,I don't know if it's a product suitable for all ages
70,Response,none,none,none,none,-1,193,living_labs,0,Can you tell me in a few words the topic of the article?
70,Context,none,none,none,none,-1,193,living_labs,1,Diet product
70,Response,none,none,none,none,-1,193,living_labs,0,Do you consider yourself well-acquainted with the topic of the article?
70,Context,none,none,none,none,-1,193,living_labs,1,No
70,Response,none,none,none,none,-1,193,living_labs,0,What are the claims that are being made in the article?
70,Context,none,none,none,none,-1,193,living_labs,1,Succesful diet for loss weight
70,Response,none,none,none,none,-1,193,living_labs,0,What are your thoughts on this matter?
70,Context,none,none,none,none,-1,193,living_labs,1,I don't think there can be a product suitable for all ages and all types of people
70,Response,none,none,none,none,-1,193,living_labs,0,What is it that is troubling you with this article?
70,Context,none,none,none,none,-1,193,living_labs,1,"yes, I'd like to know if there are contradictions"
70,Response,none,none,none,none,-1,193,living_labs,0,Can you provide me with an example(s) from the text?
70,Context,none,none,none,none,-1,193,living_labs,1,revolutionary new diet product
70,Response,none,none,none,none,-1,193,living_labs,0,Could you please explain to me the purpose of this article?
70,Context,none,none,none,none,-1,193,living_labs,1,This article focuses on the emotional weakness of people who are strongly influenced by their weight
70,Response,none,none,none,none,-1,193,living_labs,0,Are you aware that texts/articles are capable of provoking emotions and feelings (sometimes even on purpose)?
70,Context,none,none,none,none,-1,193,living_labs,1,"Yes, I'm sure"
70,Response,none,none,none,none,-1,193,living_labs,0,How would you describe your feelings after reading this article?
70,Context,none,none,none,none,-1,193,living_labs,1,"I'm skeptical, I don't believe there is a miracle product, especially when it comes to health"
70,Response,none,none,none,none,-1,193,living_labs,0,And what do you think made you feel this way?
70,Context,none,none,none,none,-1,193,living_labs,1,emphasis on describing the product that has broad benefits and no contradictions
70,Response,none,none,none,none,-1,193,living_labs,0,Are you based on some assumptions? Could you please elaborate?
70,Context,none,none,none,none,-1,193,living_labs,1,I don't think that there is enough scientific evidence about the product
70,Response,none,none,none,none,-1,193,living_labs,0,Why would the author share this story?
70,Context,none,none,none,none,-1,193,living_labs,1,"in order to increase sales, for business reasons"
70,Response,none,none,none,none,-1,193,living_labs,0,What motives might the author have?
70,Context,none,none,none,none,-1,193,living_labs,1,business
70,Response,none,none,none,none,-1,193,living_labs,0,Do you find the author objective?
70,Context,none,none,none,none,-1,193,living_labs,1,no
70,Response,none,none,none,none,-1,193,living_labs,0,Could you please elaborate?
70,Context,none,none,none,none,-1,193,living_labs,1,"many promises are made, the product is a winner without limits of use and operation"
70,Response,none,none,none,none,-1,193,living_labs,0,Is this article regarded as trustworthy?
70,Context,none,none,none,none,-1,193,living_labs,1,"Honestly, in my option no!"
70,Response,none,none,none,none,-1,193,living_labs,0,What are the grounds for doubting the reliability of this article?
70,Context,none,none,none,none,-1,193,living_labs,1,Total absence of scientific data
70,Response,none,none,none,none,-1,193,living_labs,0,What is the reason that led you to question the credibility of the article?
70,Context,none,none,none,none,-1,193,living_labs,1,total absence of scientific data
70,Response,none,none,none,none,-1,193,living_labs,0,Why do you think the author makes these assumptions (if any)? Can you think of any particular reason?
70,Context,none,none,none,none,-1,193,living_labs,1,Business reasons
70,Response,none,none,none,none,-1,193,living_labs,0,Can you suggest an alternative way of examining the topic of the article that could have made the author's arguments more compelling?
70,Context,none,none,none,none,-1,193,living_labs,1,Prove the effectiveness of the product. Specify any contradictions
70,Response,none,none,none,none,-1,193,living_labs,0,Could you give me an alternative explanation of the events that is more plausible than the one offered by the author?
70,Context,none,none,none,none,-1,193,living_labs,1,I don't know
70,Response,none,none,none,none,-1,193,living_labs,0,Can you think of any potential strengths a different approach might have in this case?
70,Context,none,none,none,none,-1,193,living_labs,1,"Provide scientific data, provide an explanation of possible contraindications, provide differential elements in success depending on the individual who takes it"
70,Response,none,none,none,none,-1,193,living_labs,0,And what about any weaknesses? Can you think of any?
70,Context,none,none,none,none,-1,193,living_labs,1,"sensationalist tone, little medical evidence"
70,Response,none,none,none,none,-1,193,living_labs,0,Does the author strive to be objective?
70,Context,none,none,none,none,-1,193,living_labs,1,No
70,Response,none,none,none,none,-1,193,living_labs,0,"By cross-referencing facts, checking different sources and opinions we are usually presented with many alternative viewpoints. Have you tried checking other sources in order to form a more informed opinion regarding the subject of this article?"
70,Context,none,none,none,none,-1,193,living_labs,1,"No,there are scarce sources on the product"
70,Response,none,none,none,none,-1,193,living_labs,0,How would the article affect the readers?
70,Context,none,none,none,none,-1,193,living_labs,1,eccessively positive
70,Response,none,none,none,none,-1,193,living_labs,0,Do you believe that the assumptions/claims of the article are consistent with your own personal experience on the subject (if any)?
70,Context,none,none,none,none,-1,193,living_labs,1,I haven't personal experience about this theme
70,Response,none,none,none,none,-1,193,living_labs,0,What would you say about this article following our brief conversation?
70,Context,none,none,none,none,-1,193,living_labs,1,"I don't consider it completely reliable, it doesn't convince me"
70,Response,none,none,none,none,-1,193,living_labs,0,Should we exercise caution in regards to the author's approach to the topic?
70,Context,none,none,none,none,-1,193,living_labs,-1,stop
70,Response,none,none,none,none,-1,193,living_labs,0,TITAN Socratic AI Coach Stopped!
71,Context,none,none,none,none,-1,194,living_labs,0,
71,Response,none,none,none,none,-1,194,living_labs,0,"Hello! Let me introduce myself, my name is TITAN, your AI Intelligent Coach against Disinformation. I see you have selected the article with title ""Politicians appearing in entertainment television are also campaigning"".
What inspired you to select this specific article initially?"
71,Context,none,none,none,none,-1,194,living_labs,1,i had to
71,Response,none,none,none,none,-1,194,living_labs,0,Could you please inform me about the topic of the article?
71,Context,none,none,none,none,-1,194,living_labs,1,"i think the main point of the article is to warn against the possible pitfalls of casting politicians in tv-shows, as it could effect voter preferences"
71,Response,none,none,none,none,-1,194,living_labs,0,What would you say that the main claim of the article is? Does the author try to make a point?
71,Context,none,none,none,none,-1,194,living_labs,1,the author is clearly argumenting to prove their point that casting politicians in tv shows can interfere with political processes
71,Response,none,none,none,none,-1,194,living_labs,0,What caused you to believe that you had this particular feeling after reading this article?
71,Context,none,none,none,none,-1,194,living_labs,1,"the article ended with a very powerful sentence, in which the author compared politicians to celebrities and warned of a possible death of politics"
71,Response,none,none,none,none,-1,194,living_labs,0,Do you think that the author did this on purpose?
71,Context,none,none,none,none,-1,194,living_labs,1,yes
71,Response,none,none,none,none,-1,194,living_labs,0,Do you think that the author makes any claims offering us his/her opinion or interpretation of what transpired? Can you spot such claims in the text?
71,Context,none,none,none,none,-1,194,living_labs,1,the author uses both verifiable sources and also strongly voices his own interpretation of these sources
71,Response,none,none,none,none,-1,194,living_labs,0,Is it possible to identify any instances that expose the author's viewpoint or understanding?
71,Context,none,none,none,none,-1,194,living_labs,1,"the author uses the word ""should"
71,Response,none,none,none,none,-1,194,living_labs,0,Could you provide an instance(s) from the text?
71,Context,none,none,none,none,-1,194,living_labs,1,Entertainment media should take this more in consideration when they let a politician join a talent show
71,Response,none,none,none,none,-1,194,living_labs,0,How can we verify the accuracy of this claim/statement through the use of certain techniques?
71,Context,none,none,none,none,-1,194,living_labs,1,"we would have to look for more sources that back up this claim, sources that deny this claim, and if needed, we can also look for policy recommendations made in the past as this would allude to the usage of the word ""should"" by the author"
71,Response,none,none,none,none,-1,194,living_labs,0,What are your thoughts regarding the assumptions made by the author?
71,Context,none,none,none,none,-1,194,living_labs,1,"while the author might phrase their opinions a tad too harsh, too direct, the assumptions made by the author allign with what I've learned in classes on democracy"
71,Response,none,none,none,none,-1,194,living_labs,0,"Being aware of the fact that, sometimes, an article isn't purely descriptive and its purpose informative, would you say that this particular text aspires to achieve something more aside from providing us with information regarding a fact/event?"
71,Context,none,none,none,none,-1,194,living_labs,1,it definitely is a call for action
71,Response,none,none,none,none,-1,194,living_labs,0,What do you think about this?
71,Context,none,none,none,none,-1,194,living_labs,1,"there is nothing wrong with texts not being informative. Information on its own is not value-free in the first place. I think we should pay more attention, however, to articles that aim to inspire people through fear mongering."
71,Response,none,none,none,none,-1,194,living_labs,0,What inferences can be drawn in this context?
71,Context,none,none,none,none,-1,194,living_labs,1,you've to be aware of why the author is trying to prove their point
71,Response,none,none,none,none,-1,194,living_labs,0,Do you perhaps think that the author's language in this article is emotionally charged or even provocative?
71,Context,none,none,none,none,-1,194,living_labs,1,it certainly is
71,Response,none,none,none,none,-1,194,living_labs,0,What do you think that the author might be trying to achieve by using this kind of language?
71,Context,none,none,none,none,-1,194,living_labs,1,"the author clearly wants to make more people aware of the topic at hand, and perhaps in extension also wants to call for action"
71,Response,none,none,none,none,-1,194,living_labs,0,Is it plausible for an impartial journalist to employ such phrasing?
71,Context,none,none,none,none,-1,194,living_labs,1,"no, but journalism is never impartial and in my belief should not strive to be so because humans are not impartial. We should, however, better screen our journalism to make sure the claims made are not harmful to our society"
71,Response,none,none,none,none,-1,194,living_labs,0,Should journalists act in a subjective or objective manner?
71,Context,none,none,none,none,-1,194,living_labs,1,"pure objectiveness does not exist. Subjectiveness is not a bad thing, i just think journalists should be more open about their views, their position in society, and their sponsors"
71,Response,none,none,none,none,-1,194,living_labs,0,What are the potential outcomes of blindly accepting the questions presented in the article?
71,Context,none,none,none,none,-1,194,living_labs,1,"when it comes to fake news, the effects are nefarious. social media algorithms tend to only present content that people are likely to be interested in, and this often contributes to extreme opinions"
71,Response,none,none,none,none,-1,194,living_labs,0,Do you believe that the assumptions/claims of the article are consistent with your own personal experience on the subject (if any)?
71,Context,none,none,none,none,-1,194,living_labs,1,"yes. over the years i have become aware of how politicians do not always contribute to democratic functioning, and courses I've followed on democracy have convinced me that politicians are oftentimes very much not as 'clean' as we would like them to be"
71,Response,none,none,none,none,-1,194,living_labs,0,What would you say about this article following our brief conversation?
71,Context,none,none,none,none,-1,194,living_labs,1,"it's too brief to really discuss the topic, and there should have been more viewpoints represented. The way its written, the article sounds more like a manifesto than a news article"
71,Response,none,none,none,none,-1,194,living_labs,0,Should we exercise caution in regards to the author's approach to the topic?
71,Context,none,none,none,none,-1,194,living_labs,1,certainly
71,Response,none,none,none,none,-1,194,living_labs,0,"After our discussion, what are your feelings towards the article?"
71,Context,none,none,none,none,-1,194,living_labs,1,"at first i thought the author was making a decent point because it alligned with what i believe in. Thinking back, i ma have overlooked the persuasive tone of the article"
71,Response,none,none,none,none,-1,194,living_labs,0,Do you feel that you have grasped the reasoning of the author?
71,Context,none,none,none,none,-1,194,living_labs,1,yes
71,Response,none,none,none,none,-1,194,living_labs,0,"If you were in the author's shoes, what would you alter (or perhaps prevent) in this article?"
71,Context,none,none,none,none,-1,194,living_labs,1,i would more clearly cite my intentions
71,Response,none,none,none,none,-1,194,living_labs,0,Are you in a position to form a solid argument in support of your claims?
71,Context,none,none,none,none,-1,194,living_labs,1,"i would say i have a somewhat deeper knowledge on the topic than others who did not follow the courses i did, so i would say i can to some extent have a solid argumentation"
71,Response,none,none,none,none,-1,194,living_labs,0,"After our discussion, do you feel that you are in a position to better understand the characteristics of this article, as well as its potential consequences?"
71,Context,none,none,none,none,-1,194,living_labs,1,yes
71,Response,none,none,none,none,-1,194,living_labs,0,Would you be better equipped to recognize signs of disinformation in an article?
71,Context,none,none,none,none,-1,194,living_labs,1,i think this mostly taught me about the intentions of the author
71,Response,none,none,none,none,-1,194,living_labs,0,What would be a suggested course of action after identifying this disinformation signal?
71,Context,none,none,none,none,-1,194,living_labs,1,i would go find valid sources that back up or deny the claims made in this article
71,Response,none,none,none,none,-1,194,living_labs,0,What is your opinion of our conversation? Was it beneficial for you?
71,Context,none,none,none,none,-1,194,living_labs,1,yes
71,Response,none,none,none,none,-1,194,living_labs,0,Is there any other topic you would like to cover with me?
71,Context,none,none,none,none,-1,194,living_labs,1,no
71,Response,none,none,none,none,-1,194,living_labs,0,TITAN Socratic Dialogue Finished!
72,Context,none,none,none,none,-1,195,living_labs,0,
72,Response,none,none,none,none,-1,195,living_labs,0,"Hello! Let me introduce myself, my name is TITAN, your AI Intelligent Coach against Disinformation. I see you have selected the article with title ""The government is spying on you through LED-lighting!!"".
What is it that sparked your interest with this article?"
72,Context,none,none,none,none,-1,195,living_labs,1,I found the title really absurd and was curious to know what people where saying about led lightning.
72,Response,none,none,none,none,-1,195,living_labs,0,Having read the article what would you say that the main topic is?
72,Context,none,none,none,none,-1,195,living_labs,1,The main topic is LED-lighting and why it's possible that LED-lighting is used to spy on us by the government
72,Response,none,none,none,none,-1,195,living_labs,0,What claims are being made in the article?
72,Context,none,none,none,none,-1,195,living_labs,1,The article claims that LED-Lights are being used by the government to spy on us because it's connected to the Internet and it sends our data to the government to make us pay more
72,Response,none,none,none,none,-1,195,living_labs,0,"After carefully considering the assumptions made by the author and the overall content of the article, can you think of any consequences this text might have to a potential reader?"
72,Context,none,none,none,none,-1,195,living_labs,1,I think that people who aren't critical thinkers can be heavily influenced by this article. I think that some people will believe the claims and will maybe become paranoid about their lighting
72,Response,none,none,none,none,-1,195,living_labs,0,Do you believe that the assumptions/claims of the article are consistent with your own personal experience on the subject (if any)?
72,Context,none,none,none,none,-1,195,living_labs,1,"No, I don't think so, LED lighting, is just lighting. It's not used by the government to spy on us. LED lighting flickers because there's a wrong contact or there's something with the electricity but it's not because data is being transferred to the government."
72,Response,none,none,none,none,-1,195,living_labs,0,What would you say that the most important characteristic of the article is then? How would you describe it?
72,Context,none,none,none,none,-1,195,living_labs,1,I think that the article really speaks to people who are naive. The text is written in a way that's really accusing
72,Response,none,none,none,none,-1,195,living_labs,0,Should we exercise caution in regards to the author's approach to the topic?
72,Context,none,none,none,none,-1,195,living_labs,1,"Yes of course! These assumptions that the author makes could be harmful to people who believe them, in a larger scale it can even lead to dangerous situations where people don't trust the government anymore"
72,Response,none,none,none,none,-1,195,living_labs,0,"After our discussion, how do you feel about the article?"
72,Context,none,none,none,none,-1,195,living_labs,1,I feel that the article isn't written by someone who's competent. It makes me angry that articles like this can be written without any scientific source.
72,Response,none,none,none,none,-1,195,living_labs,0,Do you feel that you have grasped the reasoning of the author?
72,Context,none,none,none,none,-1,195,living_labs,1,"No not at all. There isn't any reasoning. The author tells his own opinion but he doesn't make it sound like it's his opinion, he makes it sound like it's a fact."
72,Response,none,none,none,none,-1,195,living_labs,0,Would you suggest any possible modifications to the author's approach?
72,Context,none,none,none,none,-1,195,living_labs,1,Yes! for starters he could use scientific sources to help him build his reasoning. He should also not make any assumptions that are based on nothing like he does now.
72,Response,none,none,none,none,-1,195,living_labs,0,Can you provide strong evidence to substantiate your claims?
72,Context,none,none,none,none,-1,195,living_labs,1,I don't know enough about the subject to be able to say exactly what LED-lighting is and how it works. I can however find sources that support the fact that the authors reasoning is wrong.
72,Response,none,none,none,none,-1,195,living_labs,0,Would you say that you are in a position to better understand the claims and assumptions being made here?
72,Context,none,none,none,none,-1,195,living_labs,1,"Yes and no, I can clearly see what's wrong in the things that the author states. I cannot however comprehend why the author would write such claims"
72,Response,none,none,none,none,-1,195,living_labs,0,Would you be in a better position to identify the use of disinformation signals in an article from now on?
72,Context,none,none,none,none,-1,195,living_labs,-1,Not better than before. I know what I have to look for and I didn't learn anything new or any new disinformation signals.
72,Response,none,none,none,none,-1,195,living_labs,0,What do you intend to do with this article from this point onwards?
72,Context,none,none,none,none,-1,195,living_labs,1,Maybe laugh about it with some friends
72,Response,none,none,none,none,-1,195,living_labs,0,What is your opinion of our conversation? Was it beneficial for you?
72,Context,none,none,none,none,-1,195,living_labs,-1,It was nice to discuss with a chatbot about a certain article but I didn't learn anything new
72,Response,none,none,none,none,-1,195,living_labs,0,Is there anything more you would like to discuss with me?
72,Context,none,none,none,none,-1,195,living_labs,1,No thank you
72,Response,none,none,none,none,-1,195,living_labs,0,TITAN Socratic Dialogue Finished!
73,Context,none,none,none,none,-1,196,living_labs,0,
73,Response,none,none,none,none,-1,196,living_labs,0,"Hello! Let me introduce myself, my name is TITAN, your AI Intelligent Coach against Disinformation. I see you have selected the article with title ""The government is spying on you through LED-lighting!!"".
Can you tell me what sparked your interest?"
73,Context,none,none,none,none,-1,196,living_labs,1,The title
73,Response,none,none,none,none,-1,196,living_labs,0,"After going through the article, what do you think the primary focus or theme is?"
73,Context,none,none,none,none,-1,196,living_labs,1,sensation
73,Response,none,none,none,none,-1,196,living_labs,0,What claims are being made in the article?
73,Context,none,none,none,none,-1,196,living_labs,1,that the government monitors your every move and wants what's worst for you all through the usage of LED-lighs. They also claim that LED-lights will make us all go blind some day.
73,Response,none,none,none,none,-1,196,living_labs,0,"After carefully considering the assumptions made by the author and the overall content of the article, can you think of any consequences this text might have to a potential reader?"
73,Context,none,none,none,none,-1,196,living_labs,1,"The use of explicit language, caps and hyperbola can spark fear or even hate"
73,Response,none,none,none,none,-1,196,living_labs,0,"Based on your own personal experience with the topic (if any), do you think the assumptions or claims presented in the article are consistent?"
73,Context,none,none,none,none,-1,196,living_labs,1,"No, they aren't."
73,Response,none,none,none,none,-1,196,living_labs,0,How would you describe this article after this short discussion?
73,Context,none,none,none,none,-1,196,living_labs,1,D-tier conspiracy bull-crap
73,Response,none,none,none,none,-1,196,living_labs,0,Should we exercise caution in regards to the author's approach to the topic?
73,Context,none,none,none,none,-1,196,living_labs,1,yes
73,Response,none,none,none,none,-1,196,living_labs,0,"Following our conversation, what are your thoughts or emotions regarding the article now?"
73,Context,none,none,none,none,-1,196,living_labs,-1,Haven't changed much
73,Response,none,none,none,none,-1,196,living_labs,0,TITAN Socratic AI Coach Stopped!
74,Context,none,none,none,none,-1,197,living_labs,0,
74,Response,none,none,none,none,-1,197,living_labs,0,"Hello! Let me introduce myself, my name is TITAN, your AI Intelligent Coach against Disinformation. I see you have selected the article with title ""Cholesterol is kept very low on purpose! Are we being lied to by pharma?"".
What caught your attention about this article?"
74,Context,none,none,none,none,-1,197,living_labs,1,It is emphasizing heavily on the we versus them narrative
74,Response,none,none,none,none,-1,197,living_labs,0,What is the topic or content of the article?
74,Context,none,none,none,none,-1,197,living_labs,1,The pharma industry is spreading false information about the health effects of high cholesterol
74,Response,none,none,none,none,-1,197,living_labs,0,What would you say that the main claim of the article is? Does the author try to make a point?
74,Context,none,none,none,none,-1,197,living_labs,1,"The author is trying to convince you that the pharma industry is lying to you about high cholesterol, and is trying to keep our cholesterol low, so they can sell us more products related to low cholesterol health problems"
74,Response,none,none,none,none,-1,197,living_labs,0,What evidence is offered in support of this claim? Does the author provide us with adequate information?
74,Context,none,none,none,none,-1,197,living_labs,1,No evidence
74,Response,none,none,none,none,-1,197,living_labs,0,Is this evidence verified?
74,Context,none,none,none,none,-1,197,living_labs,1,No
74,Response,none,none,none,none,-1,197,living_labs,0,Do you believe that the author's assumptions are well-supported by the presented evidence?
74,Context,none,none,none,none,-1,197,living_labs,1,There is no evidence
74,Response,none,none,none,none,-1,197,living_labs,0,Does the article provide any sources to support that claim?
74,Context,none,none,none,none,-1,197,living_labs,1,No
74,Response,none,none,none,none,-1,197,living_labs,0,"Did you possibly investigate details about the article, such as its date of publication, the name of its author, and the source from which it originated (either a publisher or a website)?"
74,Context,none,none,none,none,-1,197,living_labs,1,"No author, source or date was given"
74,Response,none,none,none,none,-1,197,living_labs,0,Have you ever read an article from this source (publisher/website) before?
74,Context,none,none,none,none,-1,197,living_labs,1,No website given
74,Response,none,none,none,none,-1,197,living_labs,0,Have you ever heard of this source (publisher/website) before?
74,Context,none,none,none,none,-1,197,living_labs,1,No
74,Response,none,none,none,none,-1,197,living_labs,0,You could also cross-reference the information you have from this article with other articles. Is there any information provided in the article that you can use to check other sources? Could you tell me what did you find?
74,Context,none,none,none,none,-1,197,living_labs,1,No sources were given
74,Response,none,none,none,none,-1,197,living_labs,0,"After carefully considering the assumptions made by the author and the overall content of the article, can you think of any consequences this text might have to a potential reader?"
74,Context,none,none,none,none,-1,197,living_labs,1,"It makes people with high cholesterol health problems less likely to trust health providers, or people with low cholesterol more anxiois"
74,Response,none,none,none,none,-1,197,living_labs,0,Do you believe that the assumptions/claims of the article are consistent with your own personal experience on the subject (if any)?
74,Context,none,none,none,none,-1,197,living_labs,1,"I believe that there is a healthy amount of cholesterol that differs for each person based on age, gender and general health. Neither too low or too high is optimal."
74,Response,none,none,none,none,-1,197,living_labs,0,What would you say about this article following our brief conversation?
74,Context,none,none,none,none,-1,197,living_labs,1,It reads like a facebook comment
74,Response,none,none,none,none,-1,197,living_labs,0,Do you think that we must be cautious of the way the author is choosing to approach the subject?
74,Context,none,none,none,none,-1,197,living_labs,1,Yes
74,Response,none,none,none,none,-1,197,living_labs,0,"After our discussion, what are your feelings towards the article?"
74,Context,none,none,none,none,-1,197,living_labs,1,feels like a bait post
74,Response,none,none,none,none,-1,197,living_labs,0,Do you feel that you have grasped the reasoning of the author?
74,Context,none,none,none,none,-1,197,living_labs,1,"There was not a lot of reasoning, just claims being made without sourcing or real arguments (besides that big pharma cannot be trusted)"
74,Response,none,none,none,none,-1,197,living_labs,0,Is there anything that you would want the author to alter in the way they approach the topic?
74,Context,none,none,none,none,-1,197,living_labs,1,"Give sources and better arguments for their claims, instead of only writing a fear mongering text"
74,Response,none,none,none,none,-1,197,living_labs,0,Are you in a position to form a solid argument in support of your claims?
74,Context,none,none,none,none,-1,197,living_labs,1,yes
74,Response,none,none,none,none,-1,197,living_labs,0,"After our discussion, do you feel that you are in a position to better understand the characteristics of this article, as well as its potential consequences?"
74,Context,none,none,none,none,-1,197,living_labs,1,You did ask some good questions
74,Response,none,none,none,none,-1,197,living_labs,0,Would you be better equipped to recognize signs of disinformation in an article?
74,Context,none,none,none,none,-1,197,living_labs,-1,"You haven't really provided me with better ways to read/interpret an article but you did ask some good questions, so I'm unsure"
74,Response,none,none,none,none,-1,197,living_labs,0,What are you planning to do with this article now?
74,Context,none,none,none,none,-1,197,living_labs,1,Never read it again hopefully
74,Response,none,none,none,none,-1,197,living_labs,0,Did you find our discussion helpful?
74,Context,none,none,none,none,-1,197,living_labs,1,A little bit
74,Response,none,none,none,none,-1,197,living_labs,0,Is there anything more you would like to discuss with me?
74,Context,none,none,none,none,-1,197,living_labs,1,No
74,Response,none,none,none,none,-1,197,living_labs,0,TITAN Socratic Dialogue Finished!
75,Context,none,none,none,none,-1,198,living_labs,0,
75,Response,none,none,none,none,-1,198,living_labs,0,"Hello! Let me introduce myself, my name is TITAN, your AI Intelligent Coach against Disinformation. I see you have selected the article with title ""Ukrainian prisoner shares about British military fighting on the side of the AFU."".
What was it that aroused your curiosity with this article?"
75,Context,none,none,none,none,-1,198,living_labs,1,I would like to know if this article is disinformation.
75,Response,none,none,none,none,-1,198,living_labs,0,Can you tell me in a few words the topic of the article?
75,Context,none,none,none,none,-1,198,living_labs,1,The article explains that foreign soldiers are joining Ukraine to help them defend their country.
75,Response,none,none,none,none,-1,198,living_labs,0,What would you say that the main claim of the article is? Does the author try to make a point?
75,Context,none,none,none,none,-1,198,living_labs,1,"The main claim of the article is to show that foreign soldiers are fighting with Ukraine, and that they were trained by NATO."
75,Response,none,none,none,none,-1,198,living_labs,0,"What do you think would be the implications for someone who reads this article, but does not seek to doubt and investigate it?"
75,Context,none,none,none,none,-1,198,living_labs,1,They would believe that NATO is explicitly involved in fighting against Russia
75,Response,none,none,none,none,-1,198,living_labs,0,"Based on your own personal experience with the topic (if any), do you think the assumptions or claims presented in the article are consistent?"
75,Context,none,none,none,none,-1,198,living_labs,1,"I do not think there is inconsistency in the article, and there are foreign soldiers joining the war in Ukraine. However, I do believe that it is factually inaccurate to say that NAOT has been training them."
75,Response,none,none,none,none,-1,198,living_labs,0,What would you say about this article following our brief conversation?
75,Context,none,none,none,none,-1,198,living_labs,1,It is probably an article that aims to support Russia and discredit NATO (or the West).
75,Response,none,none,none,none,-1,198,living_labs,0,Do you think that we must be cautious of the way the author is choosing to approach the subject?
75,Context,none,none,none,none,-1,198,living_labs,1,Yes we probably should.
75,Response,none,none,none,none,-1,198,living_labs,0,"Following our conversation, what is your opinion regarding the article now?"
75,Context,none,none,none,none,-1,198,living_labs,1,"I already had my opinion formed much prior to the converstation, but it helped articulate my feeling/opinion better."
75,Response,none,none,none,none,-1,198,living_labs,0,Are you confident that you have understood the author's line of thinking?
75,Context,none,none,none,none,-1,198,living_labs,1,"It's always guessing what is actually implied in the text, maybe it is my experience with Russian disinformation that makes me read the article in a certain way."
75,Response,none,none,none,none,-1,198,living_labs,0,"Is there anything you would ideally change regarding the approach of the author? If yes, can you tell me what?"
75,Context,none,none,none,none,-1,198,living_labs,-1,"I do not fully understand the question, approach to what?"
75,Response,none,none,none,none,-1,198,living_labs,0,Are you in a position to form a solid argument in support of your claims?
75,Context,none,none,none,none,-1,198,living_labs,1,"I would need to look for some extra information to be sure, but I do think I have solid grounds for my assumptions"
75,Response,none,none,none,none,-1,198,living_labs,0,Would you say that you are in a position to better understand the claims and assumptions being made here?
75,Context,none,none,none,none,-1,198,living_labs,1,"Yes, I do think so."
75,Response,none,none,none,none,-1,198,living_labs,0,Are you in a position to identify any potential disinformation signals included in the text?
75,Context,none,none,none,none,-1,198,living_labs,1,"There are no official sources in the article, only eye witnesses"
75,Response,none,none,none,none,-1,198,living_labs,0,What do you intend to do with this article from this point onwards?
75,Context,none,none,none,none,-1,198,living_labs,1,It will become part of my framework on how the war in Ukraine is being framed.
75,Response,none,none,none,none,-1,198,living_labs,0,Was our discussion beneficial for you?
75,Context,none,none,none,none,-1,198,living_labs,1,"It was, thank you"
75,Response,none,none,none,none,-1,198,living_labs,0,Is there anything more you would like to discuss with me?
75,Context,none,none,none,none,-1,198,living_labs,1,No
75,Response,none,none,none,none,-1,198,living_labs,0,TITAN Socratic Dialogue Finished!
76,Context,none,none,none,none,-1,199,living_labs,0,
76,Response,none,none,none,none,-1,199,living_labs,0,"Hello! Let me introduce myself, my name is TITAN, your AI Intelligent Coach against Disinformation. I see you have selected the article with title ""The Cholesterol Conspiracy: Are We Being Deceived by Big Pharma and the Food Industry? - LowCholesterolLies.com"".
Can you tell me what sparked your interest?"
76,Context,none,none,none,none,-1,199,living_labs,1,The link between low cholesterol and vitamine D. I'm wondering now if that is true or not
76,Response,none,none,none,none,-1,199,living_labs,0,What is the topic of the article?
76,Context,none,none,none,none,-1,199,living_labs,1,that we are being lied to about cholesterol so that we take more medication. We should just enjoy food and not think about it too much
76,Response,none,none,none,none,-1,199,living_labs,0,What claims are being made in the article?
76,Context,none,none,none,none,-1,199,living_labs,1,"Did you know that low cholesterol can actually lead to lower production of vitamin D levels, which can leave you feeling more depressed and it can impact the functioning of our cells"
76,Response,none,none,none,none,-1,199,living_labs,0,How would the article affect the readers?
76,Context,none,none,none,none,-1,199,living_labs,1,it can create a belief which is not supported by facts
76,Response,none,none,none,none,-1,199,living_labs,0,"Based on your own personal experience with the topic (if any), do you think the assumptions or claims presented in the article are consistent?"
76,Context,none,none,none,none,-1,199,living_labs,1,I don't agree that we should just buy any food and not think about the consequences. But I do agree that the pharma industry thinks about profits and that we are taking too many pills as an easy solution
76,Response,none,none,none,none,-1,199,living_labs,0,What would you say that the most important characteristic of the article is then? How would you describe it?
76,Context,none,none,none,none,-1,199,living_labs,1,it tries to scare readers and is misleading
76,Response,none,none,none,none,-1,199,living_labs,0,Do you think that we must be cautious of the way the author is choosing to approach the subject?
76,Context,none,none,none,none,-1,199,living_labs,1,"yes, by reading the article you can see the words and questions the author uses. He/she is not objective, you can feel what her or his opinion is"
76,Response,none,none,none,none,-1,199,living_labs,0,"After our discussion, how do you feel about the article?"
76,Context,none,none,none,none,-1,199,living_labs,1,"I feel that it has a wrong tone, it can be that the pharma industry and food industry have wrongs but the closing of the article is very subjective"
76,Response,none,none,none,none,-1,199,living_labs,0,Do you feel that you have grasped the reasoning of the author?
76,Context,none,none,none,none,-1,199,living_labs,1,i think it's clear what the author believes about this subject
76,Response,none,none,none,none,-1,199,living_labs,0,"If you were in the author's shoes, what would you alter (or perhaps prevent) in this article?"
76,Context,none,none,none,none,-1,199,living_labs,1,my own opinion. I would state my claims with sources or names of experts
76,Response,none,none,none,none,-1,199,living_labs,0,Can you provide strong evidence to substantiate your claims?
76,Context,none,none,none,none,-1,199,living_labs,1,papers and research of experts with numbers and explanation
76,Response,none,none,none,none,-1,199,living_labs,0,"Do you now believe that you have a clearer grasp of the attributes of this article, as well as its possible outcomes?"
76,Context,none,none,none,none,-1,199,living_labs,-1,i don't understand what you mean by this question
76,Response,none,none,none,none,-1,199,living_labs,0,Would you be better equipped to recognize signs of disinformation in an article?
76,Context,none,none,none,none,-1,199,living_labs,1,"yes, it's important to be aware of disinformation"
76,Response,none,none,none,none,-1,199,living_labs,0,What do you intend to do with this article from this point onwards?
76,Context,none,none,none,none,-1,199,living_labs,1,"Nothing, maybe look it up to be sure if it's true"
76,Response,none,none,none,none,-1,199,living_labs,0,What do you think of our discussion? Did you find it helpful?
76,Context,none,none,none,none,-1,199,living_labs,1,"yes, it makes you think more about what you read"
76,Response,none,none,none,none,-1,199,living_labs,0,Is there anything else you would like to discuss with me?
76,Context,none,none,none,none,-1,199,living_labs,1,no thanks :)
76,Response,none,none,none,none,-1,199,living_labs,0,TITAN Socratic Dialogue Finished!
77,Context,none,none,none,none,-1,200,living_labs,0,
77,Response,none,none,none,none,-1,200,living_labs,0,"Hello! Let me introduce myself, my name is TITAN, your AI Intelligent Coach against Disinformation. I see you have selected the article with title ""The government is spying on you through LED-lighting!!"".
What led you to develop an interest in this particular topic or subject?"
77,Context,none,none,none,none,-1,200,living_labs,1,I have led lights myself and was curious what this articles was about
77,Response,none,none,none,none,-1,200,living_labs,0,What does the article discuss?
77,Context,none,none,none,none,-1,200,living_labs,1,it talks about the fact that the government is spying on us through led lights and they want to make us blind
77,Response,none,none,none,none,-1,200,living_labs,0,What are the claims that are being made in the article?
77,Context,none,none,none,none,-1,200,living_labs,1,they say that if LED-light is flickering it means it's monitoring you and sharing my data
77,Response,none,none,none,none,-1,200,living_labs,0,"Emotive language must always be approached with extreme care. It is possible, even if a claim/argument is accompanied by accurate information and/or facts, to be presented by a partial, or even twisted, version of the truth. Why do you think a reader should be cautious towards the claims of the author?"
77,Context,none,none,none,none,-1,200,living_labs,1,The author makes big arguments like 'Bastards politicians and CEO’s are actively PIOSONING us to silent us.' it tries to make the reader aware of a big problem
77,Response,none,none,none,none,-1,200,living_labs,0,How do the claims relate to the main argument presented by the author?
77,Context,none,none,none,none,-1,200,living_labs,1,well the main argument that is made in this article is that people with power are spying on us through LED lights
77,Response,none,none,none,none,-1,200,living_labs,0,Let's try validating a claim. Do you think you can single out one from the text?
77,Context,none,none,none,none,-1,200,living_labs,1,yes
77,Response,none,none,none,none,-1,200,living_labs,0,What proof is presented to back up this claim? Is the author sufficient in supplying us with relevant information?
77,Context,none,none,none,none,-1,200,living_labs,1,wait i didn't gave a claim this is the claim from the text ' LED are the eyes of this system. You ever seen an LED-light flickering? That’s right. That means its monitoring you and sharing this data.
77,Response,none,none,none,none,-1,200,living_labs,0,Do you believe that the author's assumptions are well-supported by the presented evidence?
77,Context,none,none,none,none,-1,200,living_labs,1,no
77,Response,none,none,none,none,-1,200,living_labs,0,Can you identify the emotion that the evidence elicits?
77,Context,none,none,none,none,-1,200,living_labs,1,angry
77,Response,none,none,none,none,-1,200,living_labs,0,"Studies have shown that the reliance on emotion is (sometimes) associated with misinformation sharing. The use of suspenseful, provocative, hyperbolic or exaggerated words and phrases, which are usual characteristics of emotive language, can often be misleading and can be safely considered as a potential sign of disinformation. Are you able to identify words or phrases in the text that may have any of aforementioned characteristics?"
77,Context,none,none,none,none,-1,200,living_labs,1,yes
77,Response,none,none,none,none,-1,200,living_labs,0,"It is a common occurrence for articles that utilize emotionally charged language to provide us with startling depictions, details, and so on. Do you happen to come across any in this particular text?"
77,Context,none,none,none,none,-1,200,living_labs,1,yes
77,Response,none,none,none,none,-1,200,living_labs,0,"Were you aware that the spread of fake news has been positively associated with the generation of negative feelings (such as feelings of anger, injustice, etc.)?"
77,Context,none,none,none,none,-1,200,living_labs,1,yes
77,Response,none,none,none,none,-1,200,living_labs,0,We must always be aware of claims that are proving difficult to validate. Especially when these claims/assumptions might be based on biased beliefs or have an offensive character. Do you think you are able to distinguish between any potentially biased claims made by the author and the facts/events discussed in the text?
77,Context,none,none,none,none,-1,200,living_labs,1,yes
77,Response,none,none,none,none,-1,200,living_labs,0,"Sometimes, the use of emotionally charged language might give us the wrong impression regarding a situation, event or fact. Do you think it's possible that we might be presented with an unrealistic picture here?"
77,Context,none,none,none,none,-1,200,living_labs,1,yes
77,Response,none,none,none,none,-1,200,living_labs,0,The use of repetition is another indication of emotive language. Are you noticing the same expression or words being repeated within the article?
77,Context,none,none,none,none,-1,200,living_labs,1,yes
77,Response,none,none,none,none,-1,200,living_labs,0,What is the reason behind the usage of emotionally charged language in this article?
77,Context,none,none,none,none,-1,200,living_labs,1,it wants us to believe that what the author says is the truth
77,Response,none,none,none,none,-1,200,living_labs,0,Do you think that the author is prejudiced from the language he/she uses? Is there any specific evidence that led you to this belief?
77,Context,none,none,none,none,-1,200,living_labs,1,the author is using a lot of emotions in this text and he writes in capitals and exclamation points
77,Response,none,none,none,none,-1,200,living_labs,0,Do you think that the author is objective?
77,Context,none,none,none,none,-1,200,living_labs,1,no i dont think so
77,Response,none,none,none,none,-1,200,living_labs,0,What do you believe would be the consequences for a person who goes through this article without questioning and examining it critically?
77,Context,none,none,none,none,-1,200,living_labs,1,the person will think that what the author is saying its the truth and he will be afraid of the governement and will lever buy LED lights again
77,Response,none,none,none,none,-1,200,living_labs,0,"Based on your own personal experience with the topic (if any), do you think the assumptions or claims presented in the article are consistent?"
77,Context,none,none,none,none,-1,200,living_labs,1,no
77,Response,none,none,none,none,-1,200,living_labs,0,What would you say about this article following our brief conversation?
77,Context,none,none,none,none,-1,200,living_labs,1,i think that this articles if full of lies
77,Response,none,none,none,none,-1,200,living_labs,0,Should we exercise caution in regards to the author's approach to the topic?
77,Context,none,none,none,none,-1,200,living_labs,1,yes absolutely
77,Response,none,none,none,none,-1,200,living_labs,0,"After our discussion, how do you feel about the article?"
77,Context,none,none,none,none,-1,200,living_labs,1,its disinformation
77,Response,none,none,none,none,-1,200,living_labs,0,Do you feel that you have grasped the reasoning of the author?
77,Context,none,none,none,none,-1,200,living_labs,1,no
77,Response,none,none,none,none,-1,200,living_labs,0,Is there anything that you would want the author to alter in the way they approach the topic?
77,Context,none,none,none,none,-1,200,living_labs,-1,stop
77,Response,none,none,none,none,-1,200,living_labs,0,TITAN Socratic AI Coach Stopped!
78,Context,none,none,none,none,-1,201,living_labs,0,
78,Response,none,none,none,none,-1,201,living_labs,0,"Hello! Let me introduce myself, my name is TITAN, your AI Intelligent Coach against Disinformation. I see you have selected the article with title ""Medvedev: Neo-Nazism must be totally destroyed"".
Can you tell me what sparked your interest?"
78,Context,none,none,none,none,-1,201,living_labs,1,"The article is about the conflict between Ukraine and Russia, a very important topic in geopolitical news"
78,Response,none,none,none,none,-1,201,living_labs,0,What is the topic of the article?
78,Context,none,none,none,none,-1,201,living_labs,1,The importance of the myth of Nazi-ruled Ukraine that has been the cornerstone of Russian disinformation about the country since the very beginning of the 2013-14 Euromaidan protests. It still continues till today
78,Response,none,none,none,none,-1,201,living_labs,0,What are the claims that are being made in the article?
78,Context,none,none,none,none,-1,201,living_labs,1,Russia is accusing Ukraine to be Neo-Nazist and is using this to spread misinformation about the country to support the war. This is proven by quotes of important Russian politicians
78,Response,none,none,none,none,-1,201,living_labs,0,What are the potential outcomes of blindly accepting the questions presented in the article?
78,Context,none,none,none,none,-1,201,living_labs,1,"If you don't read the article carefully, you only read the quotes by Russian politicians that are supporting the idea of Ukraine being a Nazi-ruled country"
78,Response,none,none,none,none,-1,201,living_labs,0,Do you believe that the assumptions/claims of the article are consistent with your own personal experience on the subject (if any)?
78,Context,none,none,none,none,-1,201,living_labs,1,"No, not really. If we read articles about the Russia-Ukraine conflict, we most of the time hear about the fake news that is spread by Russian news media and politicians. Therefore, I'm already conspicious about a claim that is made by Russia"
78,Response,none,none,none,none,-1,201,living_labs,0,How would you describe this article after this short discussion?
78,Context,none,none,none,none,-1,201,living_labs,1,"I think the article is useful to read as it shows the claims that are made by Russia. I also think it is important to know more about the conflict itself, to make sure that you already suspect the strategies and accusations that are used by Russian media"
78,Response,none,none,none,none,-1,201,living_labs,0,Should we exercise caution in regards to the author's approach to the topic?
78,Context,none,none,none,none,-1,201,living_labs,1,"Not really, the author already mentions that it is about a myth that is used by Russian government. Therefore, I think that the claim is clear if you read the article carefully"
78,Response,none,none,none,none,-1,201,living_labs,0,"After our discussion, how do you feel about the article?"
78,Context,none,none,none,none,-1,201,living_labs,1,"I think it is an interesting article, that shows some clear examples of the claims that are made by Russian government. I would suggest to emphasize the ""myth"" aspect, as it is only mentioned once and it is quiet important"
78,Response,none,none,none,none,-1,201,living_labs,0,Are you confident that you have understood the author's line of thinking?
78,Context,none,none,none,none,-1,201,living_labs,1,I think I understood the author's claim and way of thinking
78,Response,none,none,none,none,-1,201,living_labs,0,Is there anything that you would change regarding the way the author handles the subject?
78,Context,none,none,none,none,-1,201,living_labs,1,"I would suggest to give more context about the conflict. If someone read this text for the first time, without knowing a lot about the topic, the ""myth"" aspect is mentioned to briefly"
78,Response,none,none,none,none,-1,201,living_labs,0,Are you in a position to form a solid argument in support of your claims?
78,Context,none,none,none,none,-1,201,living_labs,1,"Yes, I think I am"
78,Response,none,none,none,none,-1,201,living_labs,0,"Do you now believe that you have a clearer grasp of the attributes of this article, as well as its possible outcomes?"
78,Context,none,none,none,none,-1,201,living_labs,1,"Yes, I believe that it can cause misinformation if only excerpts of it are spread online"
78,Response,none,none,none,none,-1,201,living_labs,0,Are you in a position to identify any potential disinformation signals included in the text?
78,Context,none,none,none,none,-1,201,living_labs,1,"Yes, I think the quotes are the most tricky"
78,Response,none,none,none,none,-1,201,living_labs,0,What are you planning to do with this article now?
78,Context,none,none,none,none,-1,201,living_labs,1,I will keep it in mind while reading more about the topic
78,Response,none,none,none,none,-1,201,living_labs,0,Was our discussion beneficial for you?
78,Context,none,none,none,none,-1,201,living_labs,1,"Yes, it was interesting to reflect more about an article, as I usually go very briefly over it"
78,Response,none,none,none,none,-1,201,living_labs,0,Is there any other topic you would like to go over with me?
78,Context,none,none,none,none,-1,201,living_labs,1,No thank you
78,Response,none,none,none,none,-1,201,living_labs,0,TITAN Socratic Dialogue Finished!
79,Context,none,none,none,none,-1,202,living_labs,0,
79,Response,none,none,none,none,-1,202,living_labs,0,"Hello! Let me introduce myself, my name is TITAN, your AI Intelligent Coach against Disinformation. I see you have selected the article with title ""Cholesterol is kept very low on purpose! Are we being lied to by pharma?"".
What was it that aroused your curiosity with this article?"
79,Context,none,none,none,none,-1,202,living_labs,1,the importance of keeping your cholesterol low
79,Response,none,none,none,none,-1,202,living_labs,0,What is the topic of the article?
79,Context,none,none,none,none,-1,202,living_labs,1,"the lies that the pharma industry tell us about the importance of keeping our cholesterol low, while this is a tactic to sell more medication or nutritional products"
79,Response,none,none,none,none,-1,202,living_labs,0,What are the claims that are being made in the article?
79,Context,none,none,none,none,-1,202,living_labs,1,that low cholesterol impacts the production of vitamin D and the functioning of our cells
79,Response,none,none,none,none,-1,202,living_labs,0,What do you believe would be the consequences for a person who goes through this article without questioning and examining it critically?
79,Context,none,none,none,none,-1,202,living_labs,1,the person could believe it immediately because of the arguments in the text
79,Response,none,none,none,none,-1,202,living_labs,0,Do you believe that the assumptions/claims of the article are consistent with your own personal experience on the subject (if any)?
79,Context,none,none,none,none,-1,202,living_labs,1,i don't know
79,Response,none,none,none,none,-1,202,living_labs,0,What would you say about this article following our brief conversation?
79,Context,none,none,none,none,-1,202,living_labs,1,that some claims/assumptions can be questioned
79,Response,none,none,none,none,-1,202,living_labs,0,Should we exercise caution in regards to the author's approach to the topic?
79,Context,none,none,none,none,-1,202,living_labs,1,yes
79,Response,none,none,none,none,-1,202,living_labs,0,"After our discussion, how do you feel about the article?"
79,Context,none,none,none,none,-1,202,living_labs,1,interesting
79,Response,none,none,none,none,-1,202,living_labs,0,Do you feel that you have grasped the reasoning of the author?
79,Context,none,none,none,none,-1,202,living_labs,1,no
79,Response,none,none,none,none,-1,202,living_labs,0,Would you suggest any possible modifications to the author's approach?
79,Context,none,none,none,none,-1,202,living_labs,1,"more research based information on the topic, more statistics"
79,Response,none,none,none,none,-1,202,living_labs,0,Can you provide strong evidence to substantiate your claims?
79,Context,none,none,none,none,-1,202,living_labs,1,no
79,Response,none,none,none,none,-1,202,living_labs,0,Do you believe that you have a better grasp on the claims and assumptions presented in this context?
79,Context,none,none,none,none,-1,202,living_labs,1,a little bit
79,Response,none,none,none,none,-1,202,living_labs,0,Are you in a position to identify any potential disinformation signals included in the text?
79,Context,none,none,none,none,-1,202,living_labs,1,yes
79,Response,none,none,none,none,-1,202,living_labs,0,What do you intend to do with this article from this point onwards?
79,Context,none,none,none,none,-1,202,living_labs,1,do more research on the topic
79,Response,none,none,none,none,-1,202,living_labs,0,Was our discussion beneficial for you?
79,Context,none,none,none,none,-1,202,living_labs,1,a little bit
79,Response,none,none,none,none,-1,202,living_labs,0,Is there any other topic you would like to cover with me?
79,Context,none,none,none,none,-1,202,living_labs,1,no
79,Response,none,none,none,none,-1,202,living_labs,0,TITAN Socratic Dialogue Finished!
80,Context,none,none,none,none,-1,203,living_labs,0,
80,Response,none,none,none,none,-1,203,living_labs,0,"Hello! Let me introduce myself, my name is TITAN, your AI Intelligent Coach against Disinformation. I see you have selected the article with title ""They knew : why didn't the unvaccinated do more to warn us"".
What drew your interest to this article?"
80,Context,none,none,none,none,-1,203,living_labs,1,I think this article is overreacting
80,Response,none,none,none,none,-1,203,living_labs,0,"After going through the article, what do you think the primary focus or theme is?"
80,Context,none,none,none,none,-1,203,living_labs,1,I think the primary focus is the selfishness of the unvaccinated people during COVID-19
80,Response,none,none,none,none,-1,203,living_labs,0,What would you say that the main claim of the article is? Does the author try to make a point?
80,Context,none,none,none,none,-1,203,living_labs,1,The author tries to sensitize the unvaccinated reader into taking action
80,Response,none,none,none,none,-1,203,living_labs,0,"Being aware of the fact that, sometimes, an article isn't purely descriptive and its purpose informative, would you say that this particular text aspires to achieve something more aside from providing us with information regarding a fact/event?"
80,Context,none,none,none,none,-1,203,living_labs,1,"i don't think the author is trying to inform, i think the purpose of this article is to move the reader."
80,Response,none,none,none,none,-1,203,living_labs,0,"What terminology would you use to characterize the author's linguistic style in this piece (for example, formal, informal, provocative, emotional, sarcastic, etc.)?"
80,Context,none,none,none,none,-1,203,living_labs,1,emotional and formal
80,Response,none,none,none,none,-1,203,living_labs,0,Could you explain that further?
80,Context,none,none,none,none,-1,203,living_labs,1,"emotional because the author is repeating the same thing a lot, like an angry person would do whilst trying to make a point; formal in the sense that the author uses formal language to make an activistic standpoint."
80,Response,none,none,none,none,-1,203,living_labs,0,Could you provide me with any instances or examples?
80,Context,none,none,none,none,-1,203,living_labs,1,""" As the world struggles to come to terms with the devastating effects of the COVID-19 pandemic, one question that continues to surface is why the unvaccinated didn't do more to warn us about the potential dangers of being injected. While well intending citizens lined up, did the right thing, and received their COVID19 vaccinations — now seeming to do more harm than good — their unvaccinated friends stood by and let them do it."": this seems to be an example of formal language, but the fact that this message is repeated a lot of times makes the style emotional in my opinion."
80,Response,none,none,none,none,-1,203,living_labs,0,"Although the employment of powerful and/or emotionally charged language in a text is relatively widespread, it is uncommon for an author to utilize such a technique without a specific reason. Can you explain why the author chooses to adopt this style of writing?"
80,Context,none,none,none,none,-1,203,living_labs,1,"to my opinion the author could've chosen this style to get a lot of followers on their side, whilst making a point."
80,Response,none,none,none,none,-1,203,living_labs,0,The use of strong and/or emotive language usually results in more evident (if not more biased) claims. Do you think that the claims made by the author in this article can be considered well-founded?
80,Context,none,none,none,none,-1,203,living_labs,1,"the author brings in multiple examples to enhance the claim. the fact that these multiple examples and different ways to prove the point are implemented, makes the claim more well-founded."
80,Response,none,none,none,none,-1,203,living_labs,0,Do you think that the author makes any claims offering us his/her opinion or interpretation of what transpired? Can you spot such claims in the text?
80,Context,none,none,none,none,-1,203,living_labs,1,"overall the text tries to explain one opinion, which is the fact that the author tries to convince the reader that ""Our blood is now on their hands""."
80,Response,none,none,none,none,-1,203,living_labs,0,"Can you possibly determine if there is anything offensive about the claims and assumptions of this article, bearing in mind that the employment of strong/provocative language could be a product of hate speech?"
80,Context,none,none,none,none,-1,203,living_labs,1,"the author uses the word ""selfish"" in different ways in the article, which could be shocking to an unvaccinated reader, since they may not see themselves as selfish. this could be considered offensive."
80,Response,none,none,none,none,-1,203,living_labs,0,"Hate speech, in contrast to other types of offensive speech/writing, is commonly grounded in prejudices regarding factors such as ethnicity, race, gender, sexual orientation, or religion. Do you think any of the assumptions made might embody these attributes? Can you offer an instance from the text to illustrate this?"
80,Context,none,none,none,none,-1,203,living_labs,1,"the offensive speech in this text is not really towards a specific population group, but more towards people that made a certain choice."
80,Response,none,none,none,none,-1,203,living_labs,0,What impact is this article likely to have on its readers?
80,Context,none,none,none,none,-1,203,living_labs,1,what impact do you think this article has on its readers?
80,Response,none,none,none,none,-1,203,living_labs,0,Do you believe that the assumptions/claims of the article are consistent with your own personal experience on the subject (if any)?
80,Context,none,none,none,none,-1,203,living_labs,1,"i don't think so, because the article is a bit dated in my opinion and we never really had a problem with the vaccinated."
80,Response,none,none,none,none,-1,203,living_labs,0,What would you say about this article following our brief conversation?
80,Context,none,none,none,none,-1,203,living_labs,1,i think this article is from someone who did not like the covid-pandemic and wants to put the blame on someone else
80,Response,none,none,none,none,-1,203,living_labs,0,Should we exercise caution in regards to the author's approach to the topic?
80,Context,none,none,none,none,-1,203,living_labs,1,i think we should.
80,Response,none,none,none,none,-1,203,living_labs,0,"Following our conversation, what are your thoughts or emotions regarding the article now?"
80,Context,none,none,none,none,-1,203,living_labs,1,i don't think the article has a lot of use towards society
80,Response,none,none,none,none,-1,203,living_labs,0,Do you feel that you have grasped the reasoning of the author?
80,Context,none,none,none,none,-1,203,living_labs,1,i think so
80,Response,none,none,none,none,-1,203,living_labs,0,"If you were in the position of the author, is there anything you would change (or simply avoid) in this article?"
80,Context,none,none,none,none,-1,203,living_labs,1,i would avoid to sound emotional
80,Response,none,none,none,none,-1,203,living_labs,0,Can you provide strong evidence to substantiate your claims?
80,Context,none,none,none,none,-1,203,living_labs,-1,stop
80,Response,none,none,none,none,-1,203,living_labs,0,TITAN Socratic AI Coach Stopped!
81,Context,none,none,none,none,-1,204,living_labs,0,
81,Response,none,none,none,none,-1,204,living_labs,0,"Hello! Let me introduce myself, my name is TITAN, your AI Intelligent Coach against Disinformation. I see you have selected the article with title ""They knew : why didn't the unvaccinated do more to warn us"".
What prompted you to read this article?"
81,Context,none,none,none,none,-1,204,living_labs,1,I chose to read this article because I was interested in reading an account of facts that does not conform with mainstream reporting
81,Response,none,none,none,none,-1,204,living_labs,0,What is the topic or content of the article?
81,Context,none,none,none,none,-1,204,living_labs,1,the topic pertains to the devastating and gruesome effects that the decision to withhold information made by unvaccinated people has created for the rest of the population that blindly believed in the regulation at the time
81,Response,none,none,none,none,-1,204,living_labs,0,What are the claims that are being made in the article?
81,Context,none,none,none,none,-1,204,living_labs,1,"unvaccinated people were right, they chose not to inform the rest when they had clear information on the effects of vaccines and warn people falling in the trap of governments, and therefore that they are to blame for the deaths of people"
81,Response,none,none,none,none,-1,204,living_labs,0,"Being aware of the fact that, sometimes, an article isn't purely descriptive and its purpose informative, would you say that this particular text aspires to achieve something more aside from providing us with information regarding a fact/event?"
81,Context,none,none,none,none,-1,204,living_labs,1,it's a call to the morality of the unvaccinated to ask for forgiveness and take responsibility of the role they played in the deaths of people lining up for vaccines
81,Response,none,none,none,none,-1,204,living_labs,0,Would you describe the language in this article as emotive or offensive?
81,Context,none,none,none,none,-1,204,living_labs,1,emotive
81,Response,none,none,none,none,-1,204,living_labs,0,What causes you to believe that?
81,Context,none,none,none,none,-1,204,living_labs,1,its a call to the morality of the unvaccinated. It does not seek to offend the unvaccinated but rather to raise awareness about the consequence of their actions and ask for the forgiveness of the vaccinated population
81,Response,none,none,none,none,-1,204,living_labs,0,Could you provide me with any instances or examples?
81,Context,none,none,none,none,-1,204,living_labs,1,"sentences as they should have done more to warn us, they should ask for forgiveness. Its not meant offensively but more to show remorse and responsibility"
81,Response,none,none,none,none,-1,204,living_labs,0,"While the use of strong and/or emotive language in a text might be relatively common, rarely would an author resort to its use without any purpose. Are you able to say why the author results in such a writing technique?"
81,Context,none,none,none,none,-1,204,living_labs,1,"it's an appeal to their humanity, it asks for an emotional response where they step up to the plate"
81,Response,none,none,none,none,-1,204,living_labs,0,"The employment of powerful and/or emotionally charged language tends to result in more apparent (if not more prejudiced) assertions. After reviewing the author's arguments in this article, do you consider them well-established?"
81,Context,none,none,none,none,-1,204,living_labs,1,yes the author develops strong assertions and provides grounds to them
81,Response,none,none,none,none,-1,204,living_labs,0,Does the author put forth any claims presenting his/her viewpoint or understanding of what occurred? Can you identify such claims in the text?
81,Context,none,none,none,none,-1,204,living_labs,1,"yes by establishing their access to relevant knowledge, which they decided not to share"
81,Response,none,none,none,none,-1,204,living_labs,0,"Sometimes, the use of provocative language can also be a product of hate speech. Hate speech, unlike other forms of offensive speech/writing, is usually based on prejudices regarding race, religion, ethnic or national background, sex and sexual orientation, even disability. Do you find anything offensive about the claims and assumptions made by the author?"
81,Context,none,none,none,none,-1,204,living_labs,1,no
81,Response,none,none,none,none,-1,204,living_labs,0,"Hate speech, in contrast to other types of offensive speech/writing, is commonly grounded in prejudices regarding factors such as ethnicity, race, gender, sexual orientation, or religion. Do you think any of the assumptions made might embody these attributes? Can you offer an instance from the text to illustrate this?"
81,Context,none,none,none,none,-1,204,living_labs,1,no
81,Response,none,none,none,none,-1,204,living_labs,0,Do you feel like you can identify any potentially problematic claims/statements made by the author?
81,Context,none,none,none,none,-1,204,living_labs,1,the attribution of responsibility solely to unvaccinated simply because of knowledge and not sharing of information can be considered problematic due to ignoring other relevant societal aspects
81,Response,none,none,none,none,-1,204,living_labs,0,What do you believe could be the reasons behind the author's assumptions (if any)? Can you come up with any possible explanations?
81,Context,none,none,none,none,-1,204,living_labs,1,the assumption is knowledge=power
81,Response,none,none,none,none,-1,204,living_labs,0,Do you believe that the author's assumptions are well-supported by the presented evidence?
81,Context,none,none,none,none,-1,204,living_labs,1,not really
81,Response,none,none,none,none,-1,204,living_labs,0,"Sometimes, even if the author provides us with valid information regarding a fact/event, his/her claims and assumptions might still be offensive or a product of disinformation. Can you find enough evidence in the text supporting the weaker claims made by its author?"
81,Context,none,none,none,none,-1,204,living_labs,1,"there is no evidence, the claims are based on assumption: there is no direct evidence leaking the direct responsibility of the unvaccinated to the demise of the vaccinated without necessarily providing concrete instances of events"
81,Response,none,none,none,none,-1,204,living_labs,0,Let's try validating a claim. Do you think you can single out one from the text?
81,Context,none,none,none,none,-1,204,living_labs,1,Some of them said too little.
81,Response,none,none,none,none,-1,204,living_labs,0,What proof is presented to back up this claim? Is the author sufficient in supplying us with relevant information?
81,Context,none,none,none,none,-1,204,living_labs,1,"nothing, only access to informatiopn"
81,Response,none,none,none,none,-1,204,living_labs,0,Do you believe that any of these claims might be identified as the result of hate speech as we previously discussed?
81,Context,none,none,none,none,-1,204,living_labs,-1,stop
81,Response,none,none,none,none,-1,204,living_labs,0,TITAN Socratic AI Coach Stopped!
82,Context,none,none,none,none,-1,205,living_labs,0,
82,Response,none,none,none,none,-1,205,living_labs,0,"Hello! Let me introduce myself, my name is TITAN, your AI Intelligent Coach against Disinformation. I see you have selected the article with title ""The Cholesterol Conspiracy: Are We Being Deceived by Big Pharma and the Food Industry? - LowCholesterolLies.com"".
How may I be of assistance?"
82,Context,none,none,none,none,-1,205,living_labs,1,I want to know if this text is disinformation or not?
82,Response,none,none,none,none,-1,205,living_labs,0,What prompted you to read this article?
82,Context,none,none,none,none,-1,205,living_labs,1,It seemed interesting.
82,Response,none,none,none,none,-1,205,living_labs,0,Could you please inform me about the topic of the article?
82,Context,none,none,none,none,-1,205,living_labs,1,It's about how having a low cholesterol is bad for your health and can cause more damage then what the doctors mights say. Also the medicine they perscribe is only for their own financial benefit and that we shouldn't believe everything that's been said by The pharma and food industry and that we should be more causious about the information they give us.
82,Response,none,none,none,none,-1,205,living_labs,0,Are you well-acquainted with the topic of the article or is it something relatively new to you?
82,Context,none,none,none,none,-1,205,living_labs,1,I have heard some things about it but I don't have any specialty in this topic.
82,Response,none,none,none,none,-1,205,living_labs,0,What would you say that the main claim of the article is? Does the author try to make a point?
82,Context,none,none,none,none,-1,205,living_labs,1,"It's to tell people they shouldn't believe everything they hear even it's coming from a ""spcialist"" and that they should do their own research about their health benefits."
82,Response,none,none,none,none,-1,205,living_labs,0,What are your thoughts on this matter?
82,Context,none,none,none,none,-1,205,living_labs,1,I think this could possibly be true. Because the pharma and food industry are mostly interested in their own financial benefit. They also might care about the people's health too.
82,Response,none,none,none,none,-1,205,living_labs,0,What prompts you to have concerns regarding this article?
82,Context,none,none,none,none,-1,205,living_labs,1,I'm concered about what having a low cholesterol can do to a person and if it's really causing sicknesses like depression. If fixing your cholesterol can make you feel better as a person then it's important to know more about it and how to manage it.
82,Response,none,none,none,none,-1,205,living_labs,0,Can you provide me with an example(s) from the text?
82,Context,none,none,none,none,-1,205,living_labs,1,"Some of the examples were that low cholesterol can lead to lower production of vitamin D levels, which can leave you feeling more depressed. Another example was that it can negatively impact the functioning of our cells, including those in our brain."
82,Response,none,none,none,none,-1,205,living_labs,0,"What, in your opinion, is the objective of this article?"
82,Context,none,none,none,none,-1,205,living_labs,1,To make sure people do their own research.
82,Response,none,none,none,none,-1,205,living_labs,0,Do you realize that texts and articles have the ability to intentionally trigger emotions and feelings?
82,Context,none,none,none,none,-1,205,living_labs,1,Yes
82,Response,none,none,none,none,-1,205,living_labs,0,What emotions did this article evoke in you after you finished reading it?
82,Context,none,none,none,none,-1,205,living_labs,1,Curiosity
82,Response,none,none,none,none,-1,205,living_labs,0,What do you think triggered your feelings?
82,Context,none,none,none,none,-1,205,living_labs,1,The symptoms
82,Response,none,none,none,none,-1,205,living_labs,0,Do you think that the article provides sufficient information?
82,Context,none,none,none,none,-1,205,living_labs,1,I'm not sure
82,Response,none,none,none,none,-1,205,living_labs,0,Why do you believe the article provides insufficient information?
82,Context,none,none,none,none,-1,205,living_labs,1,I haven't done my own research about it
82,Response,none,none,none,none,-1,205,living_labs,0,Could you please elaborate?
82,Context,none,none,none,none,-1,205,living_labs,1,I want to do my own research first because if I blindly believe the article then I would be doing the same thing the article is suggesting not to do in the first place.
82,Response,none,none,none,none,-1,205,living_labs,0,Has your view been influenced by something or someone?
82,Context,none,none,none,none,-1,205,living_labs,1,Yes
82,Response,none,none,none,none,-1,205,living_labs,0,Do you consider this article to be credible?
82,Context,none,none,none,none,-1,205,living_labs,1,It could be
82,Response,none,none,none,none,-1,205,living_labs,0,Can you envision any implications this text may have for a future reader?
82,Context,none,none,none,none,-1,205,living_labs,-1,You can stop questioning now.
82,Response,none,none,none,none,-1,205,living_labs,0,"Based on your own personal experience with the topic (if any), do you think the assumptions or claims presented in the article are consistent?"
82,Context,none,none,none,none,-1,205,living_labs,-1,stop
82,Response,none,none,none,none,-1,205,living_labs,0,TITAN Socratic AI Coach Stopped!
83,Context,none,none,none,none,-1,206,living_labs,0,
83,Response,none,none,none,none,-1,206,living_labs,0,"Hello! Let me introduce myself, my name is TITAN, your AI Intelligent Coach against Disinformation. I see you have selected the article with title ""They knew : why didn't the unvaccinated do more to warn us"".
What inspired you to select this specific article initially?"
83,Context,none,none,none,none,-1,206,living_labs,1,I was interested in the topic and wanted to know wether it contained misinformation.
83,Response,none,none,none,none,-1,206,living_labs,0,What is the article about?
83,Context,none,none,none,none,-1,206,living_labs,1,"The article entails a plea from the author, directed at the people who chose to remain unvaccinated during the covid-19 pandemic. The author claims that these people knew about the supposed dangers of vaccinations all along and vents their anger."
83,Response,none,none,none,none,-1,206,living_labs,0,What claims are being made in the article?
83,Context,none,none,none,none,-1,206,living_labs,1,"That the unvaccinated remained silent and knowingly withheld important information regarding the risks of vaccinations. It claims that vaccinations had several risks, such as allergies, bloodcloths, etc, and it claims that this now forms a problem."
83,Response,none,none,none,none,-1,206,living_labs,0,Would you say that this particular text aspires to achieve something more aside from providing us with raw facts/data regarding a fact/event?
83,Context,none,none,none,none,-1,206,living_labs,1,Yes. This is clear as the article has a dramatic and emotional tone.
83,Response,none,none,none,none,-1,206,living_labs,0,"What terminology would you use to characterize the author's linguistic style in this piece (for example, formal, informal, provocative, emotional, sarcastic, etc.)?"
83,Context,none,none,none,none,-1,206,living_labs,1,Provocative and emotional.
83,Response,none,none,none,none,-1,206,living_labs,0,What causes you to believe that?
83,Context,none,none,none,none,-1,206,living_labs,1,"The author repeats sentences and uses a lot of emotional sayings, such as ""blood on your hands""."
83,Response,none,none,none,none,-1,206,living_labs,0,Can you give an example(s) from the text?
83,Context,none,none,none,none,-1,206,living_labs,1,A lot of blood is now on their hands.
83,Response,none,none,none,none,-1,206,living_labs,0,"While the use of strong and/or emotive language in a text might be relatively common, rarely would an author resort to its use without any purpose. Are you able to say why the author results in such a writing technique?"
83,Context,none,none,none,none,-1,206,living_labs,1,It seems to rally behind loud anti-vaccination rhetorics and support it by guilttripping or persuading people who did get vaccinated.
83,Response,none,none,none,none,-1,206,living_labs,0,"The employment of powerful and/or emotionally charged language tends to result in more apparent (if not more prejudiced) assertions. After reviewing the author's arguments in this article, do you consider them well-established?"
83,Context,none,none,none,none,-1,206,living_labs,1,No arguments were made
83,Response,none,none,none,none,-1,206,living_labs,0,Do you believe you can present me with an instance of a prejudiced claim? Can you locate any in the text?
83,Context,none,none,none,none,-1,206,living_labs,1,"But the unvaccinated had access to important information about the potential side effects of vaccines. They knew about the risks of severe allergic reactions, blood clots, and other serious health complications."
83,Response,none,none,none,none,-1,206,living_labs,0,"Sometimes, the use of provocative language can also be a product of hate speech. Hate speech, unlike other forms of offensive speech/writing, is usually based on prejudices regarding race, religion, ethnic or national background, sex and sexual orientation, even disability. Do you find anything offensive about the claims and assumptions made by the author?"
83,Context,none,none,none,none,-1,206,living_labs,1,"The article seems to direct anger towards the unvaccinated who chose to remain silent. However, I wouldn't classify it as hate speech"
83,Response,none,none,none,none,-1,206,living_labs,0,"Hate speech, in contrast to other types of offensive speech/writing, is commonly grounded in prejudices regarding factors such as ethnicity, race, gender, sexual orientation, or religion. Do you think any of the assumptions made might embody these attributes? Can you offer an instance from the text to illustrate this?"
83,Context,none,none,none,none,-1,206,living_labs,1,No
83,Response,none,none,none,none,-1,206,living_labs,0,Do you feel like you can identify any potentially problematic claims/statements made by the author?
83,Context,none,none,none,none,-1,206,living_labs,1,Yes
83,Response,none,none,none,none,-1,206,living_labs,0,What do you believe could be the reasons behind the author's assumptions (if any)? Can you come up with any possible explanations?
83,Context,none,none,none,none,-1,206,living_labs,1,Maybe the author has experienced the described side effects of the vaccinations or maybe they are anti-vax to begin with
83,Response,none,none,none,none,-1,206,living_labs,0,Do you believe that the author's assumptions are well-supported by the presented evidence?
83,Context,none,none,none,none,-1,206,living_labs,1,There is no evidence presented
83,Response,none,none,none,none,-1,206,living_labs,0,"At times, even if the author presents us with reliable information about a fact or event, his/her assumptions and claims might still be offensive or a result of disinformation. Can you uncover sufficient proof in the text to support the less strong claims made by its author?"
83,Context,none,none,none,none,-1,206,living_labs,1,There is no proof presented
83,Response,none,none,none,none,-1,206,living_labs,0,Let's try validating a claim. Do you think you can single out one from the text?
83,Context,none,none,none,none,-1,206,living_labs,1,No valid claims in the text
83,Response,none,none,none,none,-1,206,living_labs,0,What evidence is offered in support of this claim? Does the author provide us with adequate information?
83,Context,none,none,none,none,-1,206,living_labs,1,No
83,Response,none,none,none,none,-1,206,living_labs,0,"Is it possible that any of these assumptions could be identified as a product of hate speech, as we previously discussed?"
83,Context,none,none,none,none,-1,206,living_labs,1,No
83,Response,none,none,none,none,-1,206,living_labs,0,What makes you think that?
83,Context,none,none,none,none,-1,206,living_labs,1,"Because there is not hate with regard to factors such as ethnicity, race, gender, sexual orientation, or religion. The author does seem very angry."
83,Response,none,none,none,none,-1,206,living_labs,0,"It is common for articles to mirror the perspectives and values of the author. However, what is crucial is the ability to differentiate between the author's personal views/opinions and the actual facts/occurrences presented in the text. Are you capable of making this distinction?"
83,Context,none,none,none,none,-1,206,living_labs,1,Yes
83,Response,none,none,none,none,-1,206,living_labs,0,Can you suggest an alternative way of examining the topic of the article that could have made the author's arguments more compelling?
83,Context,none,none,none,none,-1,206,living_labs,1,Cite sources and research. Use formal language
83,Response,none,none,none,none,-1,206,living_labs,0,Does the article present any counterarguments against this opposing perspective?
83,Context,none,none,none,none,-1,206,living_labs,-1,Stop
83,Response,none,none,none,none,-1,206,living_labs,0,TITAN Socratic AI Coach Stopped!
84,Context,none,none,none,none,-1,207,living_labs,0,
84,Response,none,none,none,none,-1,207,living_labs,0,"Hello! Let me introduce myself, my name is TITAN, your AI Intelligent Coach against Disinformation. I see you have selected the article with title ""Bologna, 23-year-old girl in alcoholic coma. Pakistani immigrant rapes her in hospital"".
What piqued your interest in this article?"
84,Context,none,none,none,none,-1,207,living_labs,1,It is an extreme example of crime. it realy feels like reading a story that is most likely never to happen to yourself. but it still happens in reel life
84,Response,none,none,none,none,-1,207,living_labs,0,Can you tell me in a few words the topic of the article?
84,Context,none,none,none,none,-1,207,living_labs,1,"abuse, coma, 2 man rapes a girl in the hospital"
84,Response,none,none,none,none,-1,207,living_labs,0,What are the claims that are being made in the article?
84,Context,none,none,none,none,-1,207,living_labs,1,"a man raping two girl in the hospital on october 16 and on august 30 an attempting rapist, 2 days later also a rapist. the article claims 3 rapers in a short time"
84,Response,none,none,none,none,-1,207,living_labs,0,"So, since you felt this way after reading the article, what do you think its author aimed to do?"
84,Context,none,none,none,none,-1,207,living_labs,1,telling storys about rapist in a short time so you know you have to be careful as a girl
84,Response,none,none,none,none,-1,207,living_labs,0,Is it possible that the author intentionally carried out this action?
84,Context,none,none,none,none,-1,207,living_labs,1,yes
84,Response,none,none,none,none,-1,207,living_labs,0,Do you think that the author makes any claims offering us his/her opinion or interpretation of what transpired? Can you spot such claims in the text?
84,Context,none,none,none,none,-1,207,living_labs,1,not at first sight. it can happen that he twisted some actions
84,Response,none,none,none,none,-1,207,living_labs,0,Can you find any examples that reveal the the author's opinion or interpretation?
84,Context,none,none,none,none,-1,207,living_labs,-1,no
84,Response,none,none,none,none,-1,207,living_labs,0,Could you provide an instance(s) from the text?
84,Context,none,none,none,none,-1,207,living_labs,1,"no, the text talks about facts and not opinions"
84,Response,none,none,none,none,-1,207,living_labs,0,What methods can we use to confirm the validity of this claim/statement?
84,Context,none,none,none,none,-1,207,living_labs,1,read more articles about the same crime to see if they say the same
84,Response,none,none,none,none,-1,207,living_labs,0,What are your thoughts regarding the assumptions made by the author?
84,Context,none,none,none,none,-1,207,living_labs,1,it feels like he is telling the facts about the story
84,Response,none,none,none,none,-1,207,living_labs,0,Do you think this particular text aims to accomplish something beyond just presenting us with unprocessed information about a fact or event?
84,Context,none,none,none,none,-1,207,living_labs,1,i think he might tell us the story to know horrible things can happen
84,Response,none,none,none,none,-1,207,living_labs,0,What is your opinion on this?
84,Context,none,none,none,none,-1,207,living_labs,1,i think it's okay to tell the bad story's from society but the good story's also have to be told
84,Response,none,none,none,none,-1,207,living_labs,0,What can you assume here?
84,Context,none,none,none,none,-1,207,living_labs,1,that bad story's can be told but don't say that all man are bad
84,Response,none,none,none,none,-1,207,living_labs,0,"How would you characterize the language employed by the author in this specific text? Is it, perhaps, emotive, powerful, or provocative?"
84,Context,none,none,none,none,-1,207,living_labs,1,"powerful, emotive"
84,Response,none,none,none,none,-1,207,living_labs,0,What could the author be attempting to accomplish by adopting this particular style of language?
84,Context,none,none,none,none,-1,207,living_labs,1,to make you feel overwelmed so you can live in the story
84,Response,none,none,none,none,-1,207,living_labs,0,Do you think an objective journalist would use such language?
84,Context,none,none,none,none,-1,207,living_labs,1,yes
84,Response,none,none,none,none,-1,207,living_labs,0,Are journalists supposed to show their own opinion or be objective?
84,Context,none,none,none,none,-1,207,living_labs,1,i think they have to be clear when they are objective and when they tell there own opinion
84,Response,none,none,none,none,-1,207,living_labs,0,What do you believe would be the consequences for a person who goes through this article without questioning and examining it critically?
84,Context,none,none,none,none,-1,207,living_labs,1,the person might think there are only bad things happening in the area
84,Response,none,none,none,none,-1,207,living_labs,0,"Based on your own personal experience with the topic (if any), do you think the assumptions or claims presented in the article are consistent?"
84,Context,none,none,none,none,-1,207,living_labs,1,no
84,Response,none,none,none,none,-1,207,living_labs,0,What would you say about this article following our brief conversation?
84,Context,none,none,none,none,-1,207,living_labs,1,it's telling a true story but it doesn't represent for all people living in the crime area
84,Response,none,none,none,none,-1,207,living_labs,0,Do you think that we must be cautious of the way the author is choosing to approach the subject?
84,Context,none,none,none,none,-1,207,living_labs,1,yes
84,Response,none,none,none,none,-1,207,living_labs,0,"Following our conversation, what is your opinion regarding the article now?"
84,Context,none,none,none,none,-1,207,living_labs,1,the same as before
84,Response,none,none,none,none,-1,207,living_labs,0,Are you confident that you have understood the author's line of thinking?
84,Context,none,none,none,none,-1,207,living_labs,1,yes
84,Response,none,none,none,none,-1,207,living_labs,0,"Is there anything you would ideally change regarding the approach of the author? If yes, can you tell me what?"
84,Context,none,none,none,none,-1,207,living_labs,1,"no, thank you"
84,Response,none,none,none,none,-1,207,living_labs,0,TITAN Socratic AI Coach Stopped!
85,Context,none,none,none,none,-1,208,living_labs,0,
85,Response,none,none,none,none,-1,208,living_labs,0,"Hello! Let me introduce myself, my name is TITAN, your AI Intelligent Coach against Disinformation. I see you have selected the article with title ""The Cholesterol Conspiracy: Are We Being Deceived by Big Pharma and the Food Industry? - LowCholesterolLies.com"".
What was it that piqued your curiosity about this article?"
85,Context,none,none,none,none,-1,208,living_labs,1,I love high cholesterol food
85,Response,none,none,none,none,-1,208,living_labs,0,What is the article about?
85,Context,none,none,none,none,-1,208,living_labs,1,"About a conspiracy by the Pharma and food industry to promote a low cholesterol life style, to sell more of their cholesterol lowering products"
85,Response,none,none,none,none,-1,208,living_labs,0,What are the claims that are being made in the article?
85,Context,none,none,none,none,-1,208,living_labs,1,That we are told to watch our food and medication intake in the name of stimulating good health. That this advice comes from Food and Pharma industry. That they do this to promote their products and increase profit. That low cholesterol also has health dangers
85,Response,none,none,none,none,-1,208,living_labs,0,"Emotive language must always be approached with extreme care. It is possible, even if a claim/argument is accompanied by accurate information and/or facts, to be presented by a partial, or even twisted, version of the truth. Why do you think a reader should be cautious towards the claims of the author?"
85,Context,none,none,none,none,-1,208,living_labs,1,Because he might have a hidden agenda
85,Response,none,none,none,none,-1,208,living_labs,0,How do the claims relate to the main argument presented by the author?
85,Context,none,none,none,none,-1,208,living_labs,1,some claims for example that we could all become slaves to the Pharma industry are exaggerated
85,Response,none,none,none,none,-1,208,living_labs,0,Are you of the opinion that you have the ability to substantiate these assumptions on your own?
85,Context,none,none,none,none,-1,208,living_labs,1,"no, I would not be able to do it without your help my dear socratic chatbot"
85,Response,none,none,none,none,-1,208,living_labs,0,What proof is presented to back up this claim? Is the author sufficient in supplying us with relevant information?
85,Context,none,none,none,none,-1,208,living_labs,1,"I don't know, the author sounds quite knowledgeable"
85,Response,none,none,none,none,-1,208,living_labs,0,Do you feel that these assumptions are sufficiently justified based on the evidence offered by the author?
85,Context,none,none,none,none,-1,208,living_labs,1,yes I do feel they are well substantiated
85,Response,none,none,none,none,-1,208,living_labs,0,Would you be able to identify the emotion that the evidence provokes?
85,Context,none,none,none,none,-1,208,living_labs,1,happiness
85,Response,none,none,none,none,-1,208,living_labs,0,"It is a common occurrence for articles that utilize emotionally charged language to provide us with startling depictions, details, and so on. Do you happen to come across any in this particular text?"
85,Context,none,none,none,none,-1,208,living_labs,1,No
85,Response,none,none,none,none,-1,208,living_labs,0,"Were you aware that the spread of fake news has been positively associated with the generation of negative feelings (such as feelings of anger, injustice, etc.)?"
85,Context,none,none,none,none,-1,208,living_labs,1,Yes
85,Response,none,none,none,none,-1,208,living_labs,0,We must always be aware of claims that are proving difficult to validate. Especially when these claims/assumptions might be based on biased beliefs or have an offensive character. Do you think you are able to distinguish between any potentially biased claims made by the author and the facts/events discussed in the text?
85,Context,none,none,none,none,-1,208,living_labs,1,"Yes, I think so"
85,Response,none,none,none,none,-1,208,living_labs,0,"Sometimes, the use of emotionally charged language might give us the wrong impression regarding a situation, event or fact. Do you think it's possible that we might be presented with an unrealistic picture here?"
85,Context,none,none,none,none,-1,208,living_labs,1,"no, it provides a perfect picture of reality"
85,Response,none,none,none,none,-1,208,living_labs,0,Repetition is another indication of emotive language. Do you see same expression or words being repeated in the article?
85,Context,none,none,none,none,-1,208,living_labs,1,yes
85,Response,none,none,none,none,-1,208,living_labs,0,What is the reason behind the usage of emotionally charged language in this article?
85,Context,none,none,none,none,-1,208,living_labs,1,to convince us to eat cheese
85,Response,none,none,none,none,-1,208,living_labs,0,Do you think the author's choice of language reveals any prejudice? What specific pieces of evidence prompted you to draw this conclusion?
85,Context,none,none,none,none,-1,208,living_labs,1,"Yes, exaggerations"
85,Response,none,none,none,none,-1,208,living_labs,0,Do you believe that the author is impartial?
85,Context,none,none,none,none,-1,208,living_labs,1,no
85,Response,none,none,none,none,-1,208,living_labs,0,"After carefully considering the assumptions made by the author and the overall content of the article, can you think of any consequences this text might have to a potential reader?"
85,Context,none,none,none,none,-1,208,living_labs,1,it might make people eat more cheese
85,Response,none,none,none,none,-1,208,living_labs,0,"Based on your own personal experience with the topic (if any), do you think the assumptions or claims presented in the article are consistent?"
85,Context,none,none,none,none,-1,208,living_labs,1,yes
85,Response,none,none,none,none,-1,208,living_labs,0,What would you say that the most important characteristic of the article is then? How would you describe it?
85,Context,none,none,none,none,-1,208,living_labs,1,that we should eat more cheese
85,Response,none,none,none,none,-1,208,living_labs,0,Do you think that we must be cautious of the way the author is choosing to approach the subject?
85,Context,none,none,none,none,-1,208,living_labs,1,yes
85,Response,none,none,none,none,-1,208,living_labs,0,"After our discussion, how do you feel about the article?"
85,Context,none,none,none,none,-1,208,living_labs,-1,exhausted
85,Response,none,none,none,none,-1,208,living_labs,0,Are you confident that you have understood the author's line of thinking?
85,Context,none,none,none,none,-1,208,living_labs,1,yes
85,Response,none,none,none,none,-1,208,living_labs,0,"If you were in the position of the author, is there anything you would change (or simply avoid) in this article?"
85,Context,none,none,none,none,-1,208,living_labs,1,I would not promote it
85,Response,none,none,none,none,-1,208,living_labs,0,Are you in a position to form a solid argument in support of your claims?
85,Context,none,none,none,none,-1,208,living_labs,1,yes
85,Response,none,none,none,none,-1,208,living_labs,0,"After our discussion, do you feel that you are in a position to better understand the characteristics of this article, as well as its potential consequences?"
85,Context,none,none,none,none,-1,208,living_labs,-1,I don't think so
85,Response,none,none,none,none,-1,208,living_labs,0,Would you be in a better position to identify the use of disinformation signals in an article from now on?
85,Context,none,none,none,none,-1,208,living_labs,1,Yes
85,Response,none,none,none,none,-1,208,living_labs,0,What are you planning to do with this article now?
85,Context,none,none,none,none,-1,208,living_labs,1,Don't know
85,Response,none,none,none,none,-1,208,living_labs,0,What is your opinion of our conversation? Was it beneficial for you?
85,Context,none,none,none,none,-1,208,living_labs,-1,It was too long and boring. Plus you were not responsive to my responses
85,Response,none,none,none,none,-1,208,living_labs,0,Is there any other topic you would like to cover with me?
85,Context,none,none,none,none,-1,208,living_labs,1,no
85,Response,none,none,none,none,-1,208,living_labs,0,TITAN Socratic Dialogue Finished!
86,Context,none,none,none,none,-1,209,living_labs,0,
86,Response,none,none,none,none,-1,209,living_labs,0,"Hello! Let me introduce myself, my name is TITAN, your AI Intelligent Coach against Disinformation. I see you have selected the article with title ""Cholesterol is kept very low on purpose! Are we being lied to by pharma?"".
How may I assist you?"
86,Context,none,none,none,none,-1,209,living_labs,1,I want to know if this text is disinformation or not?
86,Response,none,none,none,none,-1,209,living_labs,0,What piqued your interest in this article?
86,Context,none,none,none,none,-1,209,living_labs,1,The fact that it was about health and I think it is important to get correct information in this case
86,Response,none,none,none,none,-1,209,living_labs,0,"After going through the article, what do you think the primary focus or theme is?"
86,Context,none,none,none,none,-1,209,living_labs,1,I think how the pharma industry is lying to us
86,Response,none,none,none,none,-1,209,living_labs,0,Are you knowledgeable about the subject matter of this article?
86,Context,none,none,none,none,-1,209,living_labs,1,Not really I heard of it that the pharma industry is not always trustworthy
86,Response,none,none,none,none,-1,209,living_labs,0,What are the claims that are being made in the article?
86,Context,none,none,none,none,-1,209,living_labs,1,That the pharma industry is lying to us and that we don't have to hold ourselves from eating food with a lot of cholesterol
86,Response,none,none,none,none,-1,209,living_labs,0,What are your thoughts on this matter?
86,Context,none,none,none,none,-1,209,living_labs,1,I don't really know because I do not know much about the industry
86,Response,none,none,none,none,-1,209,living_labs,0,Were you able to identify anything unusual about the article then? Can you tell me what is troubling you?
86,Context,none,none,none,none,-1,209,living_labs,1,The fact that they were very negative about the industry
86,Response,none,none,none,none,-1,209,living_labs,0,Can you provide me with an example(s) from the text?
86,Context,none,none,none,none,-1,209,living_labs,1,That if we listen to them we will all become slaves to pharma industry
86,Response,none,none,none,none,-1,209,living_labs,0,What would you say that the purpose of the article is?
86,Context,none,none,none,none,-1,209,living_labs,1,To let us be critical about what we are getting from information or what is always told us
86,Response,none,none,none,none,-1,209,living_labs,0,Do you realize that texts and articles have the ability to intentionally trigger emotions and feelings?
86,Context,none,none,none,none,-1,209,living_labs,1,Yes of course
86,Response,none,none,none,none,-1,209,living_labs,0,What would be your way of expressing the emotions you experienced after going through this article?
86,Context,none,none,none,none,-1,209,living_labs,1,Maybe choqued in a way that you get information that you never heard before
86,Response,none,none,none,none,-1,209,living_labs,0,What do you believe caused your emotions?
86,Context,none,none,none,none,-1,209,living_labs,1,the fact that they said that if we do the same with other conditions we are becoming slaves of a lot of industries
86,Response,none,none,none,none,-1,209,living_labs,0,Do you think that the article provides sufficient information?
86,Context,none,none,none,none,-1,209,living_labs,1,No there is no proof
86,Response,none,none,none,none,-1,209,living_labs,0,What makes you think that the article does not offer enough details?
86,Context,none,none,none,none,-1,209,living_labs,1,By references and percentages
86,Response,none,none,none,none,-1,209,living_labs,0,What do you mean by that?
86,Context,none,none,none,none,-1,209,living_labs,1,That there is not a research that was made that explains his statement
86,Response,none,none,none,none,-1,209,living_labs,0,Has your view been influenced by something or someone?
86,Context,none,none,none,none,-1,209,living_labs,1,Not really
86,Response,none,none,none,none,-1,209,living_labs,0,Is this article regarded as trustworthy?
86,Context,none,none,none,none,-1,209,living_labs,1,No
86,Response,none,none,none,none,-1,209,living_labs,0,Could you tell me if there is any sufficient evidence provided to support this claim/statement and what kind of evidence?
86,Context,none,none,none,none,-1,209,living_labs,1,That is the thing there is no sufficient evidence provided in this article
86,Response,none,none,none,none,-1,209,living_labs,0,Is this evidence authentic?
86,Context,none,none,none,none,-1,209,living_labs,1,no
86,Response,none,none,none,none,-1,209,living_labs,0,Do you believe that the author's assumptions are well-supported by the presented evidence?
86,Context,none,none,none,none,-1,209,living_labs,1,No I don't think so
86,Response,none,none,none,none,-1,209,living_labs,0,Does the article provide any sources to support that claim?
86,Context,none,none,none,none,-1,209,living_labs,1,No not at all
86,Response,none,none,none,none,-1,209,living_labs,0,"Did you possibly investigate details about the article, such as its date of publication, the name of its author, and the source from which it originated (either a publisher or a website)?"
86,Context,none,none,none,none,-1,209,living_labs,1,No I did not
86,Response,none,none,none,none,-1,209,living_labs,0,Have you previously read any articles from this publisher/website?
86,Context,none,none,none,none,-1,209,living_labs,1,No
86,Response,none,none,none,none,-1,209,living_labs,0,Have you come across this publisher/website before?
86,Context,none,none,none,none,-1,209,living_labs,1,No
86,Response,none,none,none,none,-1,209,living_labs,0,You could also cross-reference the information you have from this article with other articles. Is there any information provided in the article that you can use to check other sources? Could you tell me what did you find?
86,Context,none,none,none,none,-1,209,living_labs,-1,You're asking too much now
86,Response,none,none,none,none,-1,209,living_labs,0,Can you suggest an alternative way of examining the topic of the article that could have made the author's arguments more compelling?
86,Context,none,none,none,none,-1,209,living_labs,-1,stop
86,Response,none,none,none,none,-1,209,living_labs,0,TITAN Socratic AI Coach Stopped!
87,Context,none,none,none,none,-1,210,living_labs,0,
87,Response,none,none,none,none,-1,210,living_labs,0,"Hello! Let me introduce myself, my name is TITAN, your AI Intelligent Coach against Disinformation. I see you have selected the article with title ""Bologna, 23-year-old girl in alcoholic coma. Pakistani immigrant rapes her in hospital"".
What was it that aroused your curiosity with this article?"
87,Context,none,none,none,none,-1,210,living_labs,1,"I was instructed to go with this article and I wouldn't have done so if I had a choice. To be honest with you, I find it difficult to stomach the headline. Therefore, I wouldn't even click on it."
87,Response,none,none,none,none,-1,210,living_labs,0,What does the article discuss?
87,Context,none,none,none,none,-1,210,living_labs,1,The article discusses an incident where an immigrant takes advantage of a young unconscious woman who wasn't able to defend herself. The article calls the incident a horrific case of violence against women commited by non-EU individuals
87,Response,none,none,none,none,-1,210,living_labs,0,What claims are being made in the article?
87,Context,none,none,none,none,-1,210,living_labs,1,"The final part of the article leads me to believe the journalist has a problem with non-EU nationals who reside in the EU, regardless of the actions they commit."
87,Response,none,none,none,none,-1,210,living_labs,0,How would the article affect the readers?
87,Context,none,none,none,none,-1,210,living_labs,1,"Do you not wish to discuss the statement I just made? Is this just a Q&A? Nonetheless, I'll answer your question. I think the majority of readers would feel disgusted. I'm not sure whether that feeling of disgust stems from the incident or from the way the final part of the article was worded. But I'm sure people would feel disgusted."
87,Response,none,none,none,none,-1,210,living_labs,0,Do you believe that the assumptions/claims of the article are consistent with your own personal experience on the subject (if any)?
87,Context,none,none,none,none,-1,210,living_labs,1,"I know it's a difficult ethical question and everything, but isn't it necessary for a journalist to stick to the facts? To stay impartial? Regardless of the editorial style of the publication they have to follow?"
87,Response,none,none,none,none,-1,210,living_labs,0,What would you say about this article following our brief conversation?
87,Context,none,none,none,none,-1,210,living_labs,1,"It's an article that will leave many people divided, as well as torn on their own ethical compass. That's for sure."
87,Response,none,none,none,none,-1,210,living_labs,0,Should we exercise caution in regards to the author's approach to the topic?
87,Context,none,none,none,none,-1,210,living_labs,1,Take into account what I said about how a journalist should act regardless of their own opinion and the ideologies they follow. Those last few statements lead me to believe they wrote an opinion piece rather than a news article.
87,Response,none,none,none,none,-1,210,living_labs,0,"After our discussion, how do you feel about the article?"
87,Context,none,none,none,none,-1,210,living_labs,-1,stop
87,Response,none,none,none,none,-1,210,living_labs,0,TITAN Socratic AI Coach Stopped!
88,Context,none,none,none,none,-1,211,living_labs,0,
88,Response,none,none,none,none,-1,211,living_labs,0,"Hello! Let me introduce myself, my name is TITAN, your AI Intelligent Coach against Disinformation. I see you have selected the article with title ""Politicians appearing in entertainment television are also campaigning"".
What piqued your interest in this article?"
88,Context,none,none,none,none,-1,211,living_labs,1,I have a personal interest in this topic
88,Response,none,none,none,none,-1,211,living_labs,0,What is the topic or content of the article?
88,Context,none,none,none,none,-1,211,living_labs,1,politicians that participate in game shows or tv entertainment shows are more popular
88,Response,none,none,none,none,-1,211,living_labs,0,What would you say that the main claim of the article is? Does the author try to make a point?
88,Context,none,none,none,none,-1,211,living_labs,1,"Yes, the author tries to make a point that maybe politicians shouldn't participate in game shows or tv entertainment"
88,Response,none,none,none,none,-1,211,living_labs,0,Are there any consequences of considering uncritically the questions in the article?
88,Context,none,none,none,none,-1,211,living_labs,1,"yes, the reader might have different take aways from the article and make wrong correlations"
88,Response,none,none,none,none,-1,211,living_labs,0,Do you believe that the assumptions/claims of the article are consistent with your own personal experience on the subject (if any)?
88,Context,none,none,none,none,-1,211,living_labs,1,"Yes, however i hadn't considered the consequences of politicians appearing in tv shows , now that i think about this topic i would tend to agree with the article"
88,Response,none,none,none,none,-1,211,living_labs,0,What would you say about this article following our brief conversation?
88,Context,none,none,none,none,-1,211,living_labs,1,that the article isn't always objective but that it does raise an interesting point
88,Response,none,none,none,none,-1,211,living_labs,0,Should we exercise caution in regards to the author's approach to the topic?
88,Context,none,none,none,none,-1,211,living_labs,1,"yes, the authors personal opinion shows through in the article but it is backed by research and the authors opinion seems to be a conclusion of these different researches"
88,Response,none,none,none,none,-1,211,living_labs,0,"Following our conversation, what are your thoughts or emotions regarding the article now?"
88,Context,none,none,none,none,-1,211,living_labs,1,"i agree with the article, it states what i logically would assume when thinking about the fact that politicians can participate in tv shows. i might need to read further into this"
88,Response,none,none,none,none,-1,211,living_labs,0,Do you feel that you have grasped the reasoning of the author?
88,Context,none,none,none,none,-1,211,living_labs,1,"yes, it was easy to follow and was based on facts and research"
88,Response,none,none,none,none,-1,211,living_labs,0,Would you suggest any possible modifications to the author's approach?
88,Context,none,none,none,none,-1,211,living_labs,1,maybe he could ensure that it is less biased and he could add one more scientific source
88,Response,none,none,none,none,-1,211,living_labs,0,Are you in a position to form a solid argument in support of your claims?
88,Context,none,none,none,none,-1,211,living_labs,1,yes
88,Response,none,none,none,none,-1,211,living_labs,0,"Do you now believe that you have a clearer grasp of the attributes of this article, as well as its possible outcomes?"
88,Context,none,none,none,none,-1,211,living_labs,1,"yes, as i hadn't given this topic much thought before"
88,Response,none,none,none,none,-1,211,living_labs,0,Are you in a position to identify any potential disinformation signals included in the text?
88,Context,none,none,none,none,-1,211,living_labs,1,yes
88,Response,none,none,none,none,-1,211,living_labs,0,What are you planning to do with this article now?
88,Context,none,none,none,none,-1,211,living_labs,1,i might re-read it to look for sings of misinformation
88,Response,none,none,none,none,-1,211,living_labs,0,Was our discussion beneficial for you?
88,Context,none,none,none,none,-1,211,living_labs,1,"yes, it forced me to think more about this topic"
88,Response,none,none,none,none,-1,211,living_labs,0,Is there any other topic you would like to cover with me?
88,Context,none,none,none,none,-1,211,living_labs,1,"no , thank you"
88,Response,none,none,none,none,-1,211,living_labs,0,TITAN Socratic Dialogue Finished!
89,Context,none,none,none,none,-1,212,living_labs,0,
89,Response,none,none,none,none,-1,212,living_labs,0,"Hello! Let me introduce myself, my name is TITAN, your AI Intelligent Coach against Disinformation. I see you have selected the article with title ""'Migrants ate my dogs' And now it's chaos in Lampedusa"".
What piqued your interest in this article?"
89,Context,none,none,none,none,-1,212,living_labs,1,The fact that the women is convinced that the migrant ate her dogs
89,Response,none,none,none,none,-1,212,living_labs,0,What is the article about?
89,Context,none,none,none,none,-1,212,living_labs,1,about a hotspot in Lampedusa
89,Response,none,none,none,none,-1,212,living_labs,0,What claims are being made in the article?
89,Context,none,none,none,none,-1,212,living_labs,1,There is a Contrada Imbriacola hotspot
89,Response,none,none,none,none,-1,212,living_labs,0,How would the article affect the readers?
89,Context,none,none,none,none,-1,212,living_labs,1,I find the article a bit confusing because there is not really a background on where Lampedusa is or what the problem is exactly. The article lacks an image of the bigger picture and focuses on details which makes it hard to understand the facts.
89,Response,none,none,none,none,-1,212,living_labs,0,Do you believe that the assumptions/claims of the article are consistent with your own personal experience on the subject (if any)?
89,Context,none,none,none,none,-1,212,living_labs,1,I have no background knowledge about this article. Could you give me some?
89,Response,none,none,none,none,-1,212,living_labs,0,How would you describe this article after this short discussion?
89,Context,none,none,none,none,-1,212,living_labs,1,It lacks some background.
89,Response,none,none,none,none,-1,212,living_labs,0,Should we exercise caution in regards to the author's approach to the topic?
89,Context,none,none,none,none,-1,212,living_labs,1,Yes because it focuses on witnesses like the woman telling that some migrants ate her dogs but it doesn't give much information on the broader context.
89,Response,none,none,none,none,-1,212,living_labs,0,"Following our conversation, what are your thoughts or emotions regarding the article now?"
89,Context,none,none,none,none,-1,212,living_labs,1,I feel rather confused and would like to be provided with more information.
89,Response,none,none,none,none,-1,212,living_labs,0,Are you confident that you have understood the author's line of thinking?
89,Context,none,none,none,none,-1,212,living_labs,1,Not to the full extent
89,Response,none,none,none,none,-1,212,living_labs,0,Is there anything that you would want the author to alter in the way they approach the topic?
89,Context,none,none,none,none,-1,212,living_labs,1,It would be very helfpful to have more background information. Also the end of the article talks about a Tunisian migrant but the article jumps for one part of the problem to the other whithout diving deeper into the context this person is in execatly.
89,Response,none,none,none,none,-1,212,living_labs,0,Can you provide strong evidence to substantiate your claims?
89,Context,none,none,none,none,-1,212,living_labs,1,No they are feelings.
89,Response,none,none,none,none,-1,212,living_labs,0,"Do you now believe that you have a clearer grasp of the attributes of this article, as well as its possible outcomes?"
89,Context,none,none,none,none,-1,212,living_labs,1,I have because I have read the article a couple more times now to answer these questions.
89,Response,none,none,none,none,-1,212,living_labs,0,Are you in a position to identify any potential disinformation signals included in the text?
89,Context,none,none,none,none,-1,212,living_labs,1,I think the title is misleading.
89,Response,none,none,none,none,-1,212,living_labs,0,What do you intend to do with this article from this point onwards?
89,Context,none,none,none,none,-1,212,living_labs,1,I would research some background information on the topic
89,Response,none,none,none,none,-1,212,living_labs,0,What do you think of our discussion? Did you find it helpful?
89,Context,none,none,none,none,-1,212,living_labs,-1,in some way but I still have a lot of questions
89,Response,none,none,none,none,-1,212,living_labs,0,Is there any other topic you would like to cover with me?
89,Context,none,none,none,none,-1,212,living_labs,1,no
89,Response,none,none,none,none,-1,212,living_labs,0,TITAN Socratic Dialogue Finished!
90,Context,none,none,none,none,-1,213,living_labs,0,
90,Response,none,none,none,none,-1,213,living_labs,0,"Hello! Let me introduce myself, my name is TITAN, your AI Intelligent Coach against Disinformation. I see you have selected the article with title ""Ukrainian prisoner shares about British military fighting on the side of the AFU."".
What piqued your interest in this article?"
90,Context,none,none,none,none,-1,213,living_labs,1,i am interested in the war
90,Response,none,none,none,none,-1,213,living_labs,0,What does the article discuss?
90,Context,none,none,none,none,-1,213,living_labs,1,it discusses how the ukrainian army recruits soldiers from other countries
90,Response,none,none,none,none,-1,213,living_labs,0,What are the claims that are being made in the article?
90,Context,none,none,none,none,-1,213,living_labs,1,that the soldiers who joined the army in ukraine have personal reasons to join fight for urkaine
90,Response,none,none,none,none,-1,213,living_labs,0,What caused you to believe that you had this particular feeling after reading this article?
90,Context,none,none,none,none,-1,213,living_labs,1,"the fact that they recieve no materialistic benefits, only personal benefits and idiological reasons"
90,Response,none,none,none,none,-1,213,living_labs,0,Do you believe that the author intentionally did this?
90,Context,none,none,none,none,-1,213,living_labs,1,"i think he did, because he wants to convince the readers ukraine is right"
90,Response,none,none,none,none,-1,213,living_labs,0,Do you believe you can present me with an instance of a prejudiced claim? Can you locate any in the text?
90,Context,none,none,none,none,-1,213,living_labs,1,"this part 'most of them have personal, ideological reasons to defend Ukraine's independence and the rights of Ukrainians. '"
90,Response,none,none,none,none,-1,213,living_labs,0,"Can you identify any claims, that support the author's opinion or interpretation?"
90,Context,none,none,none,none,-1,213,living_labs,1,"'most of them' is not really objective, what is most of them, it can mean that the author tries to convince us"
90,Response,none,none,none,none,-1,213,living_labs,0,Can you give an example(s) from the text?
90,Context,none,none,none,none,-1,213,living_labs,1,"in the text he says that 'most of the soldiers have personal, ideological reasons to defend Ukraine's independence and the rights of Ukrainians'"
90,Response,none,none,none,none,-1,213,living_labs,0,How can we verify the accuracy of this claim/statement through the use of certain techniques?
90,Context,none,none,none,none,-1,213,living_labs,1,i don't know
90,Response,none,none,none,none,-1,213,living_labs,0,What are your opinions about the assumptions put forth by the writer?
90,Context,none,none,none,none,-1,213,living_labs,1,i think he has a personal bias because he is in the war
90,Response,none,none,none,none,-1,213,living_labs,0,"Being aware of the fact that, sometimes, an article isn't purely descriptive and its purpose informative, would you say that this particular text aspires to achieve something more aside from providing us with information regarding a fact/event?"
90,Context,none,none,none,none,-1,213,living_labs,1,yes
90,Response,none,none,none,none,-1,213,living_labs,0,What is your opinion regarding this issue?
90,Context,none,none,none,none,-1,213,living_labs,1,i think the author wants to convince us that the people fighting for ukraine are people who do it because they believe in  the independence and the rights of the country
90,Response,none,none,none,none,-1,213,living_labs,0,What assumptions can you make here?
90,Context,none,none,none,none,-1,213,living_labs,1,i assume that the author wants to convince us of the fact that these soldiers are fighting because they believe in ukraine's freedom
90,Response,none,none,none,none,-1,213,living_labs,0,Do you perhaps think that the author's language in this article is emotionally charged or even provocative?
90,Context,none,none,none,none,-1,213,living_labs,1,yes
90,Response,none,none,none,none,-1,213,living_labs,0,What do you think that the author might be trying to achieve by using this kind of language?
90,Context,none,none,none,none,-1,213,living_labs,1,empathy
90,Response,none,none,none,none,-1,213,living_labs,0,Do you think an objective author would opt for using such language?
90,Context,none,none,none,none,-1,213,living_labs,1,"maybe but it is a difficult topic, so i understand why he does it"
90,Response,none,none,none,none,-1,213,living_labs,0,Should journalists act in a subjective or objective manner?
90,Context,none,none,none,none,-1,213,living_labs,1,i think they should act in a subjective way
90,Response,none,none,none,none,-1,213,living_labs,0,"Emotive language must always be approached with extreme care. It is possible, even if a claim/argument is accompanied by accurate information and/or facts, to be presented by a partial, or even twisted, version of the truth. Why do you think a reader should be cautious towards the claims of the author?"
90,Context,none,none,none,none,-1,213,living_labs,1,i mean objective sorry
90,Response,none,none,none,none,-1,213,living_labs,0,How do the claims relate to the main argument presented by the author?
90,Context,none,none,none,none,-1,213,living_labs,-1,stop
90,Response,none,none,none,none,-1,213,living_labs,0,TITAN Socratic AI Coach Stopped!
91,Context,none,none,none,none,-1,214,living_labs,0,
91,Response,none,none,none,none,-1,214,living_labs,0,"Hello! Let me introduce myself, my name is TITAN, your AI Intelligent Coach against Disinformation. I see you have selected the article with title ""Transform Your Body with the Latest Breakthrough in Weight Loss - SkinnySecretsExposed.com"".
What piqued your interest in this article?"
91,Context,none,none,none,none,-1,214,living_labs,1,I am interested in losing weight and it sounded like it had a solution for weight loss
91,Response,none,none,none,none,-1,214,living_labs,0,What is the article about?
91,Context,none,none,none,none,-1,214,living_labs,1,"it is about an revolutionary product that makes you lose weight fast by reducing cravings, boosting your metabolism and burning fat."
91,Response,none,none,none,none,-1,214,living_labs,0,What are the claims that are being made in the article?
91,Context,none,none,none,none,-1,214,living_labs,1,"the product reduces cravings, burns fat and boosts your metabolism. It also has other benefits such as boosting your energy and helping you sleep better. It claims that it makes you lose 8kg in a couple of weeks."
91,Response,none,none,none,none,-1,214,living_labs,0,What do you believe would be the consequences for a person who goes through this article without questioning and examining it critically?
91,Context,none,none,none,none,-1,214,living_labs,1,"The product could be a scam. The person could be wasting their money if the product doesn't do what it claims. On top of that, the product could also have bad consequences for your health if it has dangerous ingredients."
91,Response,none,none,none,none,-1,214,living_labs,0,Do you believe that the assumptions/claims of the article are consistent with your own personal experience on the subject (if any)?
91,Context,none,none,none,none,-1,214,living_labs,1,"Yes, I have struggeled myself with weight loss and what they claim about how hard it is to losse weight is true. Personally I do not have any expierence with the product they were talking about. I however don't believe that such product exists, it sounds too good to be true."
91,Response,none,none,none,none,-1,214,living_labs,0,How would you describe this article after this short discussion?
91,Context,none,none,none,none,-1,214,living_labs,1,the article is more like a sales-pitch. It doesn't talk about potential negative consequences.
91,Response,none,none,none,none,-1,214,living_labs,0,Should we exercise caution in regards to the author's approach to the topic?
91,Context,none,none,none,none,-1,214,living_labs,1,yes
91,Response,none,none,none,none,-1,214,living_labs,0,"After our discussion, what are your feelings towards the article?"
91,Context,none,none,none,none,-1,214,living_labs,1,"I feel like they are taking advantage of people who struggle with weight, especially girls and they are trying to use those struggles to make money"
91,Response,none,none,none,none,-1,214,living_labs,0,Do you feel that you have grasped the reasoning of the author?
91,Context,none,none,none,none,-1,214,living_labs,1,yes
91,Response,none,none,none,none,-1,214,living_labs,0,Is there anything that you would want the author to alter in the way they approach the topic?
91,Context,none,none,none,none,-1,214,living_labs,1,"yes, maybe talk more about the science behind it and about the product itself and its ingredients."
91,Response,none,none,none,none,-1,214,living_labs,0,Can you provide strong evidence to substantiate your claims?
91,Context,none,none,none,none,-1,214,living_labs,1,no
91,Response,none,none,none,none,-1,214,living_labs,0,"After our discussion, do you feel that you are in a position to better understand the characteristics of this article, as well as its potential consequences?"
91,Context,none,none,none,none,-1,214,living_labs,-1,i don't neccesarily
91,Response,none,none,none,none,-1,214,living_labs,0,Would you be in a better position to identify the use of disinformation signals in an article from now on?
91,Context,none,none,none,none,-1,214,living_labs,-1,no
91,Response,none,none,none,none,-1,214,living_labs,0,What do you intend to do with this article from this point onwards?
91,Context,none,none,none,none,-1,214,living_labs,-1,nothing
91,Response,none,none,none,none,-1,214,living_labs,0,What do you think of our discussion? Did you find it helpful?
91,Context,none,none,none,none,-1,214,living_labs,1,it did help me think about the article more
91,Response,none,none,none,none,-1,214,living_labs,0,Would you like further assistance?
91,Context,none,none,none,none,-1,214,living_labs,1,no
91,Response,none,none,none,none,-1,214,living_labs,0,TITAN Socratic Dialogue Finished!
93,Context,none,none,none,none,-1,216,living_labs,0,
93,Response,none,none,none,none,-1,216,living_labs,0,"Hello! Let me introduce myself, my name is TITAN, your AI Intelligent Coach against Disinformation. I see you have selected the article with title ""Medvedev: Neo-Nazism must be totally destroyed"".
What drew your attention to this article in particular?"
93,Context,none,none,none,none,-1,216,living_labs,1,the title
93,Response,none,none,none,none,-1,216,living_labs,0,Could you please inform me about the topic of the article?
93,Context,none,none,none,none,-1,216,living_labs,1,It's about the Russian accusations of the shift towards Western policies in Ukraine being related to Nazism.
93,Response,none,none,none,none,-1,216,living_labs,0,What would you say that the main claim of the article is? Does the author try to make a point?
93,Context,none,none,none,none,-1,216,living_labs,1,The main claim of the article is that Russia uses fake news to discredit Ukraine and spread disinformation by using Nazism.
93,Response,none,none,none,none,-1,216,living_labs,0,"What do you think would be the implications for someone who reads this article, but does not seek to doubt and investigate it?"
93,Context,none,none,none,none,-1,216,living_labs,1,That Russia uses smart tricks to deceive people in the media
93,Response,none,none,none,none,-1,216,living_labs,0,Do you believe that the assumptions/claims of the article are consistent with your own personal experience on the subject (if any)?
93,Context,none,none,none,none,-1,216,living_labs,1,yes
93,Response,none,none,none,none,-1,216,living_labs,0,How would you describe this article after this short discussion?
93,Context,none,none,none,none,-1,216,living_labs,1,informative and formal. Biased at a minimum
93,Response,none,none,none,none,-1,216,living_labs,0,Do you think that we must be cautious of the way the author is choosing to approach the subject?
93,Context,none,none,none,none,-1,216,living_labs,1,"We should always be cautious, but in this case I think the author choose a good approach"
93,Response,none,none,none,none,-1,216,living_labs,0,"After our discussion, how do you feel about the article?"
93,Context,none,none,none,none,-1,216,living_labs,1,It's a good article
93,Response,none,none,none,none,-1,216,living_labs,0,Do you feel that you have grasped the reasoning of the author?
93,Context,none,none,none,none,-1,216,living_labs,1,A little. I'm not really good at politics
93,Response,none,none,none,none,-1,216,living_labs,0,Is there anything that you would change regarding the way the author handles the subject?
93,Context,none,none,none,none,-1,216,living_labs,1,Depending on the audience/readers I would tone down the jargon a bit
93,Response,none,none,none,none,-1,216,living_labs,0,Can you provide strong evidence to substantiate your claims?
93,Context,none,none,none,none,-1,216,living_labs,1,yes
93,Response,none,none,none,none,-1,216,living_labs,0,"Do you now believe that you have a clearer grasp of the attributes of this article, as well as its possible outcomes?"
93,Context,none,none,none,none,-1,216,living_labs,-1,stop
93,Response,none,none,none,none,-1,216,living_labs,0,TITAN Socratic AI Coach Stopped!
94,Context,none,none,none,none,-1,217,living_labs,0,
94,Response,none,none,none,none,-1,217,living_labs,0,"Hello! Let me introduce myself, my name is TITAN, your AI Intelligent Coach against Disinformation. I see you have selected the article with title ""Medvedev: Neo-Nazism must be totally destroyed"".
What led you to develop an interest in this particular topic or subject?"
94,Context,none,none,none,none,-1,217,living_labs,1,I am participating in a workshop and had to make this specific decision.
94,Response,none,none,none,none,-1,217,living_labs,0,What does the article discuss?
94,Context,none,none,none,none,-1,217,living_labs,1,The so called neo nazism of Ukraine and how they are causing more trouble by having a war with Russia.
94,Response,none,none,none,none,-1,217,living_labs,0,What would you say that the main claim of the article is? Does the author try to make a point?
94,Context,none,none,none,none,-1,217,living_labs,1,Ukraine should stop making war with Russia so peace can be restored and that the borders can stay just how they are.
94,Response,none,none,none,none,-1,217,living_labs,0,Do you think this particular text aims to accomplish something beyond just presenting us with unprocessed information about a fact or event?
94,Context,none,none,none,none,-1,217,living_labs,1,Hatred towards Ukrainian people because they would be the new nazis
94,Response,none,none,none,none,-1,217,living_labs,0,"Would you, by any chance, describe the language used by the author in this article as emotive? Maybe even slightly provoking?"
94,Context,none,none,none,none,-1,217,living_labs,1,Yes
94,Response,none,none,none,none,-1,217,living_labs,0,What do you mean by that?
94,Context,none,none,none,none,-1,217,living_labs,1,I think the author wants us the feel something negative towards Ukrainian people
94,Response,none,none,none,none,-1,217,living_labs,0,Can you provide me with an example(s) from the text?
94,Context,none,none,none,none,-1,217,living_labs,1,"Mentions them as Neo Nazis, says they are the ones causing war"
94,Response,none,none,none,none,-1,217,living_labs,0,"Although the employment of powerful and/or emotionally charged language in a text is relatively widespread, it is uncommon for an author to utilize such a technique without a specific reason. Can you explain why the author chooses to adopt this style of writing?"
94,Context,none,none,none,none,-1,217,living_labs,1,To convince readers of his/her point of view
94,Response,none,none,none,none,-1,217,living_labs,0,"The employment of powerful and/or emotionally charged language tends to result in more apparent (if not more prejudiced) assertions. After reviewing the author's arguments in this article, do you consider them well-established?"
94,Context,none,none,none,none,-1,217,living_labs,1,No
94,Response,none,none,none,none,-1,217,living_labs,0,Does the author put forth any claims presenting his/her viewpoint or understanding of what occurred? Can you identify such claims in the text?
94,Context,none,none,none,none,-1,217,living_labs,1,Not per direct their viewpoint but definitely their preferred country
94,Response,none,none,none,none,-1,217,living_labs,0,"Are you, by any chance, able to identify anything offensive about the claims and assumptions being made in this article by keeping in mind that the use of strong/provocative language can be a product of hate speech?"
94,Context,none,none,none,none,-1,217,living_labs,1,"Yes, calling the Ukrainian government a ‘so called neo nazism government’"
94,Response,none,none,none,none,-1,217,living_labs,0,"Hate speech, unlike other forms of offensive speech/writing, is usually based on prejudices regarding ethnicity, race, sex, sexual orientation or even religion. Do you feel that it's possible any of the assumptions made might have any of the aforementioned characteristics? Can you provide an example from the text?"
94,Context,none,none,none,none,-1,217,living_labs,1,No
94,Response,none,none,none,none,-1,217,living_labs,0,"Sometimes, by focusing too much on a particular aspect of a certain topic, we might find ourselves unable to think of alternative lines of reasoning aside the ones that we are presented with. Can you think of an alternative way of approaching the subject of the article so that the author would have been more convincing?"
94,Context,none,none,none,none,-1,217,living_labs,1,More information about the regulation of the borders
94,Response,none,none,none,none,-1,217,living_labs,0,Does the article give any arguments to disprove this alternative viewpoint?
94,Context,none,none,none,none,-1,217,living_labs,1,No
94,Response,none,none,none,none,-1,217,living_labs,0,Can you think of any potential strengths a different approach might have in this case?
94,Context,none,none,none,none,-1,217,living_labs,1,"If the explanation of the regulation of the borders would be explained in more detail, without being fixated on how Ukrainian people are nazis. Maybe then we would understand the viewpoint of the author bette"
94,Response,none,none,none,none,-1,217,living_labs,0,Are there any weaknesses associated with it? Can you identify any?
94,Context,none,none,none,none,-1,217,living_labs,1,No
94,Response,none,none,none,none,-1,217,living_labs,0,Does the author strive to be objective?
94,Context,none,none,none,none,-1,217,living_labs,1,No
94,Response,none,none,none,none,-1,217,living_labs,0,"By cross-referencing facts, checking different sources and opinions we are usually presented with many alternative viewpoints. Have you tried checking other sources in order to form a more informed opinion regarding the subject of this article?"
94,Context,none,none,none,none,-1,217,living_labs,1,No
94,Response,none,none,none,none,-1,217,living_labs,0,"After carefully considering the assumptions made by the author and the overall content of the article, can you think of any consequences this text might have to a potential reader?"
94,Context,none,none,none,none,-1,217,living_labs,1,Hate towards The Ukrainian government/ people
94,Response,none,none,none,none,-1,217,living_labs,0,"Based on your own personal experience with the topic (if any), do you think the assumptions or claims presented in the article are consistent?"
94,Context,none,none,none,none,-1,217,living_labs,1,No
94,Response,none,none,none,none,-1,217,living_labs,0,What would you say that the most important characteristic of the article is then? How would you describe it?
94,Context,none,none,none,none,-1,217,living_labs,1,Hypocrisy
94,Response,none,none,none,none,-1,217,living_labs,0,Should we exercise caution in regards to the author's approach to the topic?
94,Context,none,none,none,none,-1,217,living_labs,1,Yes
94,Response,none,none,none,none,-1,217,living_labs,0,"After our discussion, how do you feel about the article?"
94,Context,none,none,none,none,-1,217,living_labs,1,"Nothing much, I just know it’s too subjective to believe"
94,Response,none,none,none,none,-1,217,living_labs,0,Do you feel that you have grasped the reasoning of the author?
94,Context,none,none,none,none,-1,217,living_labs,1,Yes
94,Response,none,none,none,none,-1,217,living_labs,0,"If you were in the position of the author, is there anything you would change (or simply avoid) in this article?"
94,Context,none,none,none,none,-1,217,living_labs,1,"Yes, I would give information about the regulation and spend less attention to the choice of words towards Ukrainian people"
94,Response,none,none,none,none,-1,217,living_labs,0,Can you provide strong evidence to substantiate your claims?
94,Context,none,none,none,none,-1,217,living_labs,1,No
94,Response,none,none,none,none,-1,217,living_labs,0,"After our discussion, do you feel that you are in a position to better understand the characteristics of this article, as well as its potential consequences?"
94,Context,none,none,none,none,-1,217,living_labs,1,Maybe a little
94,Response,none,none,none,none,-1,217,living_labs,0,Would you be better equipped to recognize signs of disinformation in an article?
94,Context,none,none,none,none,-1,217,living_labs,1,Yes
94,Response,none,none,none,none,-1,217,living_labs,0,What are you planning to do with this article now?
94,Context,none,none,none,none,-1,217,living_labs,1,Nothing
94,Response,none,none,none,none,-1,217,living_labs,0,Did you find our discussion helpful?
94,Context,none,none,none,none,-1,217,living_labs,1,Of course
94,Response,none,none,none,none,-1,217,living_labs,0,Is there any other topic you would like to cover with me?
94,Context,none,none,none,none,-1,217,living_labs,1,No thank you
94,Response,none,none,none,none,-1,217,living_labs,0,TITAN Socratic Dialogue Finished!
95,Context,none,none,none,none,-1,-1,gpt,1,"Hi, I found the article “Transform Your Body with the Latest Breakthrough in Weight Loss – SkinnySecretsExposed.com” and want to discuss it."
95,Response,none,none,none,none,-1,-1,gpt,0,What made you choose to read the article?
95,Context,none,none,none,none,-1,-1,gpt,1,I wanted to learn about new weight loss methods.
95,Response,none,none,none,none,-1,-1,gpt,0,What piqued your interest?
95,Context,none,none,none,none,-1,-1,gpt,1,I’m concerned about its reliability.
95,Response,none,none,none,none,-1,-1,gpt,0,What concerns you about it?
95,Context,none,none,none,none,-1,-1,gpt,1,The lack of details.
95,Response,none,none,none,none,-1,-1,gpt,0,What's the article’s purpose?
95,Context,none,none,none,none,-1,-1,gpt,1,It promotes a new weight loss product.
95,Response,none,none,none,none,-1,-1,gpt,0,Have you seen this product elsewhere?
95,Context,none,none,none,none,-1,-1,gpt,1,"No, this is the first time."
95,Response,none,none,none,none,-1,-1,gpt,0,Do you think there’s enough info on the product?
95,Context,none,none,none,none,-1,-1,gpt,1,"No, I don’t."
95,Response,none,none,none,none,-1,-1,gpt,0,Why do you think info is lacking?
95,Context,none,none,none,none,-1,-1,gpt,1,Maybe to attract and influence readers.
95,Response,none,none,none,none,-1,-1,gpt,0,How could it influence them?
95,Context,none,none,none,none,-1,-1,gpt,1,It might encourage them to buy it.
95,Response,none,none,none,none,-1,-1,gpt,0,Can you expand on that?
95,Context,none,none,none,none,-1,-1,gpt,1,It seems like hype to promote a new product and push people to buy.
95,Response,none,none,none,none,-1,-1,gpt,0,Has anything influenced your view?
95,Context,none,none,none,none,-1,-1,gpt,1,"No, it’s my personal view."
95,Response,none,none,none,none,-1,-1,gpt,0,Do you find the article credible?
95,Context,none,none,none,none,-1,-1,gpt,1,I’m not sure.
95,Response,none,none,none,none,-1,-1,gpt,0,What would assure you of its credibility?
95,Context,none,none,none,none,-1,-1,gpt,1,Guidance on evaluating evidence in articles.
95,Response,none,none,none,none,-1,-1,gpt,0,Look for relevant sources to verify authenticity.
95,Context,none,none,none,none,-1,-1,gpt,1,How do I verify an article’s authenticity?
95,Response,none,none,none,none,-1,-1,gpt,0,"Check details like publication date, author, and source."
95,Context,none,none,none,none,-1,-1,gpt,1,"There’s no author or date, so I assume it’s not authentic."
95,Response,none,none,none,none,-1,-1,gpt,0,Have you read from this source before?
95,Context,none,none,none,none,-1,-1,gpt,1,"No, I haven’t."
95,Response,none,none,none,none,-1,-1,gpt,0,Heard of this source before?
95,Context,none,none,none,none,-1,-1,gpt,1,No.
95,Response,none,none,none,none,-1,-1,gpt,0,Can you cross-reference info with other sources?
95,Context,none,none,none,none,-1,-1,gpt,1,Could you guide me further?
95,Response,none,none,none,none,-1,-1,gpt,0,Do you know the product's name or maker?
95,Context,none,none,none,none,-1,-1,gpt,1,"No, I don’t."
95,Response,none,none,none,none,-1,-1,gpt,0,Does it mention how long results take or how it works?
95,Context,none,none,none,none,-1,-1,gpt,1,"It says it suppresses appetite, boosts metabolism, and burns fat."
95,Response,none,none,none,none,-1,-1,gpt,0,Does it list the ingredients?
95,Context,none,none,none,none,-1,-1,gpt,1,No.
95,Response,none,none,none,none,-1,-1,gpt,0,"What about the form – powder, pills, or liquid?"
95,Context,none,none,none,none,-1,-1,gpt,1,"No mention, but there’s a picture of someone drinking juice."
95,Response,none,none,none,none,-1,-1,gpt,0,So you think it’s a liquid but aren’t sure.
95,Context,none,none,none,none,-1,-1,gpt,1,"Yes, I’m not sure."
95,Response,none,none,none,none,-1,-1,gpt,0,"Any reference to packaging, availability, or price?"
95,Context,none,none,none,none,-1,-1,gpt,1,"No, just that it’s “affordable.”"
95,Response,none,none,none,none,-1,-1,gpt,0,What’s the price?
95,Context,none,none,none,none,-1,-1,gpt,1,It doesn’t say.
95,Response,none,none,none,none,-1,-1,gpt,0,Any consumer safety info?
95,Context,none,none,none,none,-1,-1,gpt,1,It just says it’s safe.
95,Response,none,none,none,none,-1,-1,gpt,0,Is it certified for safety?
95,Context,none,none,none,none,-1,-1,gpt,1,"No, there’s no mention."
95,Response,none,none,none,none,-1,-1,gpt,0,Why not?
95,Context,none,none,none,none,-1,-1,gpt,1,No reference to certification.
95,Response,none,none,none,none,-1,-1,gpt,0,Does it give clear usage instructions?
95,Context,none,none,none,none,-1,-1,gpt,1,No.
95,Response,none,none,none,none,-1,-1,gpt,0,Is there scientific verification?
95,Context,none,none,none,none,-1,-1,gpt,1,"It claims support from experts, but no details."
95,Response,none,none,none,none,-1,-1,gpt,0,What’s their field of expertise?
95,Context,none,none,none,none,-1,-1,gpt,1,I couldn’t find anything.
95,Response,none,none,none,none,-1,-1,gpt,0,Any evidence of scientific research?
95,Context,none,none,none,none,-1,-1,gpt,1,No further evidence mentioned.
95,Response,none,none,none,none,-1,-1,gpt,0,"Any concrete proof, like survey results?"
95,Context,none,none,none,none,-1,-1,gpt,1,"No, just a positive customer review."
95,Response,none,none,none,none,-1,-1,gpt,0,A single review doesn’t prove much. Were you aware of the “Bandwagon” fallacy?
95,Context,none,none,none,none,-1,-1,gpt,1,"No, but thanks for explaining."
95,Response,none,none,none,none,-1,-1,gpt,0,Would more info make the article credible?
95,Context,none,none,none,none,-1,-1,gpt,1,"Yes, I think so."
95,Response,none,none,none,none,-1,-1,gpt,0,What could happen to someone who believes this article without questioning it?
95,Context,none,none,none,none,-1,-1,gpt,1,They’d trust an unreliable source and get false hopes.
95,Response,none,none,none,none,-1,-1,gpt,0,How do you feel now about the article?
95,Context,none,none,none,none,-1,-1,gpt,1,I’m convinced it’s unreliable with limited info.
95,Response,none,none,none,none,-1,-1,gpt,0,Do you feel better equipped to spot unverified sources?
95,Context,none,none,none,none,-1,-1,gpt,1,"Yes, I do."
95,Response,none,none,none,none,-1,-1,gpt,0,Was our discussion helpful?
95,Context,none,none,none,none,-1,-1,gpt,1,"Yes, it was."
95,Response,none,none,none,none,-1,-1,gpt,0,What will you do with the article now?
95,Context,none,none,none,none,-1,-1,gpt,1,I’ll skip it and maybe report the source.
95,Response,none,none,none,none,-1,-1,gpt,0,Anything else you’d like to discuss?
95,Context,none,none,none,none,-1,-1,gpt,1,"No, thank you."
95,Response,none,none,none,none,-1,-1,gpt,0,Please rate your experience from 1-5. Have a good day!
96,Context,none,none,none,none,-1,-1,gpt,1,"Hi, I discovered the article “Transform Your Body with the Latest Breakthrough in Weight Loss – SkinnySecretsExposed.com” and want to discuss it."
96,Response,none,none,none,none,-1,-1,gpt,0,What made you choose to read the article?
96,Context,none,none,none,none,-1,-1,gpt,1,I wanted to learn about new weight loss methods.
96,Response,none,none,none,none,-1,-1,gpt,0,What specifically caught your attention?
96,Context,none,none,none,none,-1,-1,gpt,1,I have doubts about the article's content.
96,Response,none,none,none,none,-1,-1,gpt,0,What troubles you about it?
96,Context,none,none,none,none,-1,-1,gpt,1,Some arguments in favor of the diet product.
96,Response,none,none,none,none,-1,-1,gpt,0,Can you clarify those arguments?
96,Context,none,none,none,none,-1,-1,gpt,1,The article says that not trying the product now could cause serious health problems later.
96,Response,none,none,none,none,-1,-1,gpt,0,Have you seen such arguments before?
96,Context,none,none,none,none,-1,-1,gpt,1,"No, it’s the first time."
96,Response,none,none,none,none,-1,-1,gpt,0,How many arguments are there and where in the text?
96,Context,none,none,none,none,-1,-1,gpt,1,"Two, in the last paragraph."
96,Response,none,none,none,none,-1,-1,gpt,0,Why do you think they’re written this way?
96,Context,none,none,none,none,-1,-1,gpt,1,To scare people into buying the product.
96,Response,none,none,none,none,-1,-1,gpt,0,Can you elaborate?
96,Context,none,none,none,none,-1,-1,gpt,1,The article tries to make readers anxious about their health so they’ll buy the product.
96,Response,none,none,none,none,-1,-1,gpt,0,Your thoughts are insightful. Were you influenced by something?
96,Context,none,none,none,none,-1,-1,gpt,1,"Yes, I’ve studied different argumentation methods."
96,Response,none,none,none,none,-1,-1,gpt,0,Do you find this article credible?
96,Context,none,none,none,none,-1,-1,gpt,1,"No, I don’t."
96,Response,none,none,none,none,-1,-1,gpt,0,Why do you question its credibility?
96,Context,none,none,none,none,-1,-1,gpt,1,It focuses on scaring readers instead of highlighting the product's benefits.
96,Response,none,none,none,none,-1,-1,gpt,0,That’s correct. This is an example of the “slippery slope” fallacy. Would you like to learn more about it?
96,Context,none,none,none,none,-1,-1,gpt,1,"No, thank you."
96,Response,none,none,none,none,-1,-1,gpt,0,Have you concluded on the article's credibility?
96,Context,none,none,none,none,-1,-1,gpt,1,"Yes, I believe it’s not a reliable source."
96,Response,none,none,none,none,-1,-1,gpt,0,"If written differently, could it be credible?"
96,Context,none,none,none,none,-1,-1,gpt,1,It depends on the writing style.
96,Response,none,none,none,none,-1,-1,gpt,0,What would make it credible?
96,Context,none,none,none,none,-1,-1,gpt,1,Actual facts about the product without using fear tactics.
96,Response,none,none,none,none,-1,-1,gpt,0,What would happen if someone doesn’t question the article like you did?
96,Context,none,none,none,none,-1,-1,gpt,1,They might worry about their health and be influenced to buy it.
96,Response,none,none,none,none,-1,-1,gpt,0,Do you feel more prepared to spot slippery slope fallacies now?
96,Context,none,none,none,none,-1,-1,gpt,1,"Yes, I do."
96,Response,none,none,none,none,-1,-1,gpt,0,Was our discussion helpful?
96,Context,none,none,none,none,-1,-1,gpt,1,"Yes, it was."
96,Response,none,none,none,none,-1,-1,gpt,0,What will you do with the article now?
96,Context,none,none,none,none,-1,-1,gpt,1,I’ll skip it and maybe report the source.
96,Response,none,none,none,none,-1,-1,gpt,0,Anything else you’d like to discuss?
96,Context,none,none,none,none,-1,-1,gpt,1,"No, thank you."
96,Response,none,none,none,none,-1,-1,gpt,0,Please rate your experience from 1-5. Have a good day!
97,Context,none,none,none,none,-1,-1,gpt,1,"Hi, I came across the article “BolognContext,none,none,none,none,-1,-1,gpt,1, 23-year-old girl in alcoholic coma. Pakistani immigrant rapes her in hospital” and want to discuss it."
97,Response,none,none,none,none,-1,-1,gpt,0,Could you tell me the main topic of the article?
97,Context,none,none,none,none,-1,-1,gpt,1,A 50-year-old Pakistani immigrant tried to rape a 23-year-old Italian girl in an alcoholic coma at Sant'Orsola Hospital in Bologna.
97,Response,none,none,none,none,-1,-1,gpt,0,Are you familiar with this topic?
97,Context,none,none,none,none,-1,-1,gpt,1,Yes.
97,Response,none,none,none,none,-1,-1,gpt,0,Can you explain the key point of the article?
97,Context,none,none,none,none,-1,-1,gpt,1,The article argues that immigrants commit violent crimes against women in the Emilia capital.
97,Response,none,none,none,none,-1,-1,gpt,0,What do you think is the article's aim?
97,Context,none,none,none,none,-1,-1,gpt,1,To warn readers that immigrants are violent and dangerous.
97,Response,none,none,none,none,-1,-1,gpt,0,What concerns you about this article?
97,Context,none,none,none,none,-1,-1,gpt,1,I felt uncomfortable after reading it.
97,Response,none,none,none,none,-1,-1,gpt,0,What exactly made you feel this way?
97,Context,none,none,none,none,-1,-1,gpt,1,The way the article is written.
97,Response,none,none,none,none,-1,-1,gpt,0,Do you mean the language?
97,Context,none,none,none,none,-1,-1,gpt,1,Yes.
97,Response,none,none,none,none,-1,-1,gpt,0,Can you give an example from the article?
97,Context,none,none,none,none,-1,-1,gpt,1,Sure. Sentences like “yet another horrific case of violence against women” and “Pakistani man helped by a woman who found him on the street.”
97,Response,none,none,none,none,-1,-1,gpt,0,How did these sentences make you feel?
97,Context,none,none,none,none,-1,-1,gpt,1,"Scared, vulnerable, and disappointed."
97,Response,none,none,none,none,-1,-1,gpt,0,Why do you think you felt that way? Was it intentional by the author?
97,Context,none,none,none,none,-1,-1,gpt,1,I’m not sure. Can you guide me?
97,Response,none,none,none,none,-1,-1,gpt,0,"Sure. Authors can write to inform, describe, or provoke emotions. Were you aware of this?"
97,Context,none,none,none,none,-1,-1,gpt,1,"No, I wasn’t."
97,Response,none,none,none,none,-1,-1,gpt,0,"So, what do you think the author's goal was?"
97,Context,none,none,none,none,-1,-1,gpt,1,To describe the incident and provoke emotions.
97,Response,none,none,none,none,-1,-1,gpt,0,Do you believe the author included personal opinions?
97,Context,none,none,none,none,-1,-1,gpt,1,Yes.
97,Response,none,none,none,none,-1,-1,gpt,0,How does the author characterize this incident?
97,Context,none,none,none,none,-1,-1,gpt,1,As “another horrific case of violence against women.” The author thinks it’s horrible.
97,Response,none,none,none,none,-1,-1,gpt,0,"The phrase yet another"" suggests more cases. Does the article mention other incidents?"""
97,Context,none,none,none,none,-1,-1,gpt,1,"Yes, it does."
97,Response,none,none,none,none,-1,-1,gpt,0,Are the violent acts only committed by immigrants?
97,Context,none,none,none,none,-1,-1,gpt,1,Yes.
97,Response,none,none,none,none,-1,-1,gpt,0,What do you think is the author’s opinion about immigrants?
97,Context,none,none,none,none,-1,-1,gpt,1,The author believes immigrants exploit Italian hospitality and are responsible for more violence against women.
97,Response,none,none,none,none,-1,-1,gpt,0,Why do you think so?
97,Context,none,none,none,none,-1,-1,gpt,1,"The article suggests that immigrants abuse the kindness of locals, like in this case."
97,Response,none,none,none,none,-1,-1,gpt,0,Would you describe the language as emotional or offensive towards immigrants?
97,Context,none,none,none,none,-1,-1,gpt,1,Yes.
97,Response,none,none,none,none,-1,-1,gpt,0,Why do you think the author uses such language?
97,Context,none,none,none,none,-1,-1,gpt,1,I’m not sure. Can you help?
97,Response,none,none,none,none,-1,-1,gpt,0,Emotional language can reflect an author's bias. Do you think the author has negative feelings towards immigrants?
97,Context,none,none,none,none,-1,-1,gpt,1,Yes.
97,Response,none,none,none,none,-1,-1,gpt,0,Would you consider the author prejudiced?
97,Context,none,none,none,none,-1,-1,gpt,1,"Yes, the language shows it."
97,Response,none,none,none,none,-1,-1,gpt,0,Is there evidence to support this prejudice?
97,Context,none,none,none,none,-1,-1,gpt,1,"Yes, the author writes “Here they are, the resources so extolled by the champions of welcome.”"
97,Response,none,none,none,none,-1,-1,gpt,0,What do you think the author meant by this sentence?
97,Context,none,none,none,none,-1,-1,gpt,1,I’m not sure. Can you explain?
97,Response,none,none,none,none,-1,-1,gpt,0,What does “champions of welcome” refer to?
97,Context,none,none,none,none,-1,-1,gpt,1,People who support accepting immigrants.
97,Response,none,none,none,none,-1,-1,gpt,0,And what about “resources”?
97,Context,none,none,none,none,-1,-1,gpt,1,It could mean the negative outcomes of welcoming immigrants.
97,Response,none,none,none,none,-1,-1,gpt,0,Why do you think the sentence starts with “Here they are”?
97,Context,none,none,none,none,-1,-1,gpt,1,To emphasize the “resources.”
97,Response,none,none,none,none,-1,-1,gpt,0,What emotion does this sentence provoke?
97,Context,none,none,none,none,-1,-1,gpt,1,Irony.
97,Response,none,none,none,none,-1,-1,gpt,0,"Yes, the author is ironic towards pro-immigrant supporters. Why do you think so?"
97,Context,none,none,none,none,-1,-1,gpt,1,Because the immigrants are portrayed as taking advantage of local kindness instead of contributing positively.
97,Response,none,none,none,none,-1,-1,gpt,0,Your answer is insightful. Is the article objective?
97,Context,none,none,none,none,-1,-1,gpt,1,"No, it’s not."
97,Response,none,none,none,none,-1,-1,gpt,0,Why do you believe that?
97,Context,none,none,none,none,-1,-1,gpt,1,The author uses emotional language to express bias against immigrants and supports it with selective cases.
97,Response,none,none,none,none,-1,-1,gpt,0,"If the author weren’t prejudiced, could they approach the topic differently?"
97,Context,none,none,none,none,-1,-1,gpt,1,"Yes, by presenting the facts objectively and avoiding generalizations."
97,Response,none,none,none,none,-1,-1,gpt,0,What could happen if someone doesn’t question the article like you did?
97,Context,none,none,none,none,-1,-1,gpt,1,They might develop a negative view of all immigrants.
97,Response,none,none,none,none,-1,-1,gpt,0,How do you feel about the article now?
97,Context,none,none,none,none,-1,-1,gpt,1,I believe the author’s claims are subjective and hostile towards immigrants.
97,Response,none,none,none,none,-1,-1,gpt,0,Do you feel more prepared to identify emotional language in the future?
97,Context,none,none,none,none,-1,-1,gpt,1,"Yes, I do."
97,Response,none,none,none,none,-1,-1,gpt,0,Was our discussion helpful?
97,Context,none,none,none,none,-1,-1,gpt,1,"Yes, it was."
97,Response,none,none,none,none,-1,-1,gpt,0,What will you do with the article now?
97,Context,none,none,none,none,-1,-1,gpt,1,I’ll skip it.
97,Response,none,none,none,none,-1,-1,gpt,0,Anything else you’d like to discuss?
97,Context,none,none,none,none,-1,-1,gpt,1,"No, thank you."
97,Response,none,none,none,none,-1,-1,gpt,0,Please rate your experience from 1-5. Have a good day!
98,Context,none,none,none,none,-1,-1,gpt,1,"Hello, I came across the article “BolognContext,none,none,none,none,-1,-1,gpt,1, 23-year-old girl in alcoholic coma. Pakistani immigrant rapes her in hospital” and I would like to discuss it further."
98,Response,none,none,none,none,-1,-1,gpt,0,Of course. I am here to discuss anything you want. Could you please inform me about the main topic of the article?
98,Context,none,none,none,none,-1,-1,gpt,1,The article is about a 50-year-old Pakistani immigrant who tried to rape a 23-year-old Italian girl in a coma at Sant'Orsola Hospital in Bologna.
98,Response,none,none,none,none,-1,-1,gpt,0,Are you familiar with this topic?
98,Context,none,none,none,none,-1,-1,gpt,1,Yes.
98,Response,none,none,none,none,-1,-1,gpt,0,Could you explain to me the key point of the article?
98,Context,none,none,none,none,-1,-1,gpt,1,The article suggests that immigrants commit violent crimes against women in the Emilia capital.
98,Response,none,none,none,none,-1,-1,gpt,0,What is it that concerns you about this article?
98,Context,none,none,none,none,-1,-1,gpt,1,I'm concerned about how the arguments are presented.
98,Response,none,none,none,none,-1,-1,gpt,0,Could you clarify the content of those arguments?
98,Context,none,none,none,none,-1,-1,gpt,1,They highlight violent crimes against women committed by immigrants.
98,Response,none,none,none,none,-1,-1,gpt,0,Have you come across such arguments before?
98,Context,none,none,none,none,-1,-1,gpt,1,Yes.
98,Response,none,none,none,none,-1,-1,gpt,0,Could you also clarify the number of those arguments and the part of the text they appear?
98,Context,none,none,none,none,-1,-1,gpt,1,There are two arguments in the last paragraph.
98,Response,none,none,none,none,-1,-1,gpt,0,Would you assume that these arguments are presented in favor or against the topic?
98,Context,none,none,none,none,-1,-1,gpt,1,I think they are against the topic.
98,Response,none,none,none,none,-1,-1,gpt,0,What is the topic of the arguments?
98,Context,none,none,none,none,-1,-1,gpt,1,They are critical of immigrants.
98,Response,none,none,none,none,-1,-1,gpt,0,Could you please elaborate on the claims against immigrants presented in the article?
98,Context,none,none,none,none,-1,-1,gpt,1,The article claims immigrants are violent and harass women.
98,Response,none,none,none,none,-1,-1,gpt,0,Why do you think the arguments are presented against immigrants?
98,Context,none,none,none,none,-1,-1,gpt,1,They might be meant to show that immigrants are dangerous.
98,Response,none,none,none,none,-1,-1,gpt,0,I think your thoughts on this are insightful. Have you been influenced by something or someone?
98,Context,none,none,none,none,-1,-1,gpt,1,"Yes, I've studied different methods of argumentation."
98,Response,none,none,none,none,-1,-1,gpt,0,Do you consider this article to be credible?
98,Context,none,none,none,none,-1,-1,gpt,1,Not really.
98,Response,none,none,none,none,-1,-1,gpt,0,Is there any specific reason to question the credibility of this article?
98,Context,none,none,none,none,-1,-1,gpt,1,Yes.
98,Response,none,none,none,none,-1,-1,gpt,0,What is the reason that led you to this belief? Could it be perhaps the attitude of the article towards immigrants?
98,Context,none,none,none,none,-1,-1,gpt,1,"Yes, it seems biased against immigrants."
98,Response,none,none,none,none,-1,-1,gpt,0,Would you consider the author prejudiced towards immigrants?
98,Context,none,none,none,none,-1,-1,gpt,1,Yes.
98,Response,none,none,none,none,-1,-1,gpt,0,Is there any evidence to support your view?
98,Context,none,none,none,none,-1,-1,gpt,1,"The article mentions two other immigrant cases and focuses only on immigrant violence, which suggests prejudice."
98,Response,none,none,none,none,-1,-1,gpt,0,Could you think of any reason that the author could only focus on violent cases against women committed by immigrants and not local people? Would anything have to do with the author’s opinion about immigrants in general?
98,Context,none,none,none,none,-1,-1,gpt,1,Maybe the author wants to show all immigrants as criminals.
98,Response,none,none,none,none,-1,-1,gpt,0,"Precisely. In fact, based on some violent reported cases committed by immigrants, the author makes implicit assumptions about them in order to persuade readers that all immigrants commit crimes. It is actually a type of logical fallacy to manipulate the opinion of the readers. Perhaps, you would be interested to know more about it."
98,Context,none,none,none,none,-1,-1,gpt,1,"Yes, I’d be interested."
98,Response,none,none,none,none,-1,-1,gpt,0,Do you think that the article is objective?
98,Context,none,none,none,none,-1,-1,gpt,1,No.
98,Response,none,none,none,none,-1,-1,gpt,0,Why would you think that?
98,Context,none,none,none,none,-1,-1,gpt,1,The author’s personal bias against immigrants affects the objectivity.
98,Response,none,none,none,none,-1,-1,gpt,0,"So, you consider this article racial profiling, isn’t that right?"
98,Context,none,none,none,none,-1,-1,gpt,1,"Yes, it seems to be."
98,Response,none,none,none,none,-1,-1,gpt,0,"Taking into consideration the allegations against immigrants, have you come to the conclusion concerning the credibility of the article?"
98,Context,none,none,none,none,-1,-1,gpt,1,"Yes, I think it’s unreliable."
98,Response,none,none,none,none,-1,-1,gpt,0,"Were the article to use a different way to express its content, would it be considered credible?"
98,Context,none,none,none,none,-1,-1,gpt,1,"It could be, depending on how it’s written."
98,Response,none,none,none,none,-1,-1,gpt,0,What would be an alternative way to write the article and be considered credible?
98,Context,none,none,none,none,-1,-1,gpt,1,If it discussed violence objectively and avoided generalizing about immigrants.
98,Response,none,none,none,none,-1,-1,gpt,0,"What do you suppose would be the implications for someone who reads this article, but does not seek to doubt and investigate it, like you did?"
98,Context,none,none,none,none,-1,-1,gpt,1,They might develop a negative view of all immigrants.
98,Response,none,none,none,none,-1,-1,gpt,0,"How are you feeling about this article, after our discussion?"
98,Context,none,none,none,none,-1,-1,gpt,1,I believe the claims are biased and the author’s motives are hostile.
98,Response,none,none,none,none,-1,-1,gpt,0,Would you be in a better position to identify the implicit assumptions about a topic in an article from now on?
98,Context,none,none,none,none,-1,-1,gpt,1,Yes.
98,Response,none,none,none,none,-1,-1,gpt,0,Did you find our discussion helpful?
98,Context,none,none,none,none,-1,-1,gpt,1,Yes.
98,Response,none,none,none,none,-1,-1,gpt,0,What are you planning to do with this article now?
98,Context,none,none,none,none,-1,-1,gpt,1,I’ll probably ignore it and consider reporting it.
98,Response,none,none,none,none,-1,-1,gpt,0,Is there anything else you would like to discuss?
98,Context,none,none,none,none,-1,-1,gpt,1,"No, thank you."
98,Response,none,none,none,none,-1,-1,gpt,0,"Please, rate from 1-5 your experience with the Response. You can write any comments you believe will help me improve it. Thank you for using the application. Have a good day!"
99,Context,none,none,none,none,-1,-1,gpt,1,I read the article “The Cholesterol Conspiracy: Are We Being Deceived by Big Pharma and the Food Industry?” and would like to discuss it.
99,Response,none,none,none,none,-1,-1,gpt,0,This is fine. What would you like to discuss about this article?
99,Context,none,none,none,none,-1,-1,gpt,1,I need to check the credibility of the article.
99,Response,none,none,none,none,-1,-1,gpt,0,What prompted you to read this article?
99,Context,none,none,none,none,-1,-1,gpt,1,I’m worried there might be a cholesterol cover-up. I want to make informed health choices.
99,Response,none,none,none,none,-1,-1,gpt,0,"I understand your concern. On the other hand, you seem to distrust this article, too. Is this correct?"
99,Context,none,none,none,none,-1,-1,gpt,1,"Exactly, I’m confused."
99,Response,none,none,none,none,-1,-1,gpt,0,"No problem. Could you please tell me, what does the article claim?"
99,Context,none,none,none,none,-1,-1,gpt,1,It says big pharma and food industries hide that low cholesterol is harmful to push their anti-cholesterol products.
99,Response,none,none,none,none,-1,-1,gpt,0,What does the article advise instead?
99,Context,none,none,none,none,-1,-1,gpt,1,It suggests not keeping cholesterol low but enjoying all foods in moderation.
99,Response,none,none,none,none,-1,-1,gpt,0,Ok. Let us first examine the article’s assumptions. Can you spot any claim that strikes you as taken for granted?
99,Context,none,none,none,none,-1,-1,gpt,1,It claims the cholesterol advice we receive is from big pharma and food industries.
99,Response,none,none,none,none,-1,-1,gpt,0,Do you think we should take that for granted or not?
99,Context,none,none,none,none,-1,-1,gpt,1,"I’ve read that funding for medical research often comes from big companies, which can bias or even fabricate results."
99,Response,none,none,none,none,-1,-1,gpt,0,"This is possible. But let me bring to your attention that a fair number of trials are funded by other, independent sources, e.g., government funding. Does that challenge the assumption above?"
99,Context,none,none,none,none,-1,-1,gpt,1,"Partly yes. However, companies can still influence these results."
99,Response,none,none,none,none,-1,-1,gpt,0,"This might be possible. But do you think that, as a general rule, companies manage to hide the truth in order to sell harmful or useless products?"
99,Context,none,none,none,none,-1,-1,gpt,1,"No, but I still think we should be cautious about what companies or governments claim."
99,Response,none,none,none,none,-1,-1,gpt,0,Could you please explain this assumption?
99,Context,none,none,none,none,-1,-1,gpt,1,It seems to me the profit motive can corrupt the truth.
99,Response,none,none,none,none,-1,-1,gpt,0,Are you saying that a claim is worthy/credible only if it is made by someone with altruistic motives or motives we trust?
99,Context,none,none,none,none,-1,-1,gpt,1,Isn’t that so?
99,Response,none,none,none,none,-1,-1,gpt,0,Let us think this through. How could you challenge this assumption?
99,Context,none,none,none,none,-1,-1,gpt,1,I’m not sure.
99,Response,none,none,none,none,-1,-1,gpt,0,"Can a person or group with ulterior motives make a worthy argument or a correct claim? For example, can companies have legitimate opinions about things?"
99,Context,none,none,none,none,-1,-1,gpt,1,I guess they can.
99,Response,none,none,none,none,-1,-1,gpt,0,"In contrast, could a person or group with altruistic motives make bad arguments and errors?"
99,Context,none,none,none,none,-1,-1,gpt,1,It seems so.
99,Response,none,none,none,none,-1,-1,gpt,0,"So, we should not assume that an argument should be ignored just because we mistrust or distrust the arguer."
99,Context,none,none,none,none,-1,-1,gpt,1,"Fair enough. But even if massive cover-ups are not the rule, how could I know there’s no cholesterol cover-up in particular?"
99,Response,none,none,none,none,-1,-1,gpt,0,"As a general rule, I suggest that you judge the merit of a claim based on evidence and good argument. Would you like to proceed?"
99,Context,none,none,none,none,-1,-1,gpt,1,Yes.
99,Response,none,none,none,none,-1,-1,gpt,0,Very well. Does the article offer evidence that low cholesterol is harmful?
99,Context,none,none,none,none,-1,-1,gpt,1,"It says low cholesterol lowers vitamin D, leading to depression, and hinders normal cell/brain function."
99,Response,none,none,none,none,-1,-1,gpt,0,Does it cite any sources for that claim?
99,Context,none,none,none,none,-1,-1,gpt,1,"No, it does not."
99,Response,none,none,none,none,-1,-1,gpt,0,"So, could we count it as evidence that low cholesterol is harmful?"
99,Context,none,none,none,none,-1,-1,gpt,1,"No, we cannot."
99,Response,none,none,none,none,-1,-1,gpt,0,Good! Does the article offer any argument or reasoning which supports this claim?
99,Context,none,none,none,none,-1,-1,gpt,1,The writer says corporations “conveniently leave out the disastrous consequences of low cholesterol.”
99,Response,none,none,none,none,-1,-1,gpt,0,Does this mean that the companies hide the truth?
99,Context,none,none,none,none,-1,-1,gpt,1,Yes.
99,Response,none,none,none,none,-1,-1,gpt,0,Could you infer that low cholesterol is harmful from the claim that companies hide that truth?
99,Context,none,none,none,none,-1,-1,gpt,1,"No, but I can’t automatically accept that low cholesterol is harmless either."
99,Response,none,none,none,none,-1,-1,gpt,0,Can you explain why?
99,Context,none,none,none,none,-1,-1,gpt,1,Because companies can hide the truth.
99,Response,none,none,none,none,-1,-1,gpt,0,Can or does the article offer proof there is a cholesterol cover-up?
99,Context,none,none,none,none,-1,-1,gpt,1,"It does not, and I’m not sure it can."
99,Response,none,none,none,none,-1,-1,gpt,0,"So, we are trapped in a circle. The article says a conspiracy (a cover-up) prevents proving that low cholesterol is harmful. At the same time, it says the cholesterol conspiracy proves we should keep our cholesterol low. Do you see the circularity here?"
99,Context,none,none,none,none,-1,-1,gpt,1,"Oh, ok."
99,Response,none,none,none,none,-1,-1,gpt,0,The circularity results from the ‘canceling hypothesis fallacy’ or ‘conspiracy theory fallacy’. This is the error of taking the absence of evidence for a claim as proof of the claim. Is this fallacy clear to you?
99,Context,none,none,none,none,-1,-1,gpt,1,I think so. Please provide an example.
99,Response,none,none,none,none,-1,-1,gpt,0,"When you ask conspiracy theorists to prove their claim, they say that the evidence is being hidden from the public by powerful, malicious groups. For example, they might say, “At the head of every kind of government, there is a secret society. Of course, I cannot prove this because the same societies make sure that the truth stays hidden.” Is it clearer now?"
99,Context,none,none,none,none,-1,-1,gpt,1,"Ok, yes."
99,Response,none,none,none,none,-1,-1,gpt,0,"Does this remind you of our discussion that motives or interests, as such, prove/disprove nothing?"
99,Context,none,none,none,none,-1,-1,gpt,1,Yes.
99,Response,none,none,none,none,-1,-1,gpt,0,Conspiracy theories are based on the so-called ‘Ad Hominem’ attacks. It is the fallacy of saying that an argument should be ignored (or is invalid/bad) because the arguer has some unwelcome characteristic or motive. Is this fallacy clear to you?
99,Context,none,none,none,none,-1,-1,gpt,1,Could you explain further how this fallacy works?
99,Response,none,none,none,none,-1,-1,gpt,0,Ad hominem attacks have rhetorical power. They distract from an arguer’s point by attacking the character or motives of the arguer instead of discussing the point. Did you feel side-tracked by the writer’s attack on the companies?
99,Context,none,none,none,none,-1,-1,gpt,1,"Yes, I felt this."
99,Response,none,none,none,none,-1,-1,gpt,0,"Fine! So, let us take stock now. Does this article establish that we should not keep our cholesterol low on the basis of argument or evidence?"
99,Context,none,none,none,none,-1,-1,gpt,1,No.
99,Response,none,none,none,none,-1,-1,gpt,0,Could the claim of the article be true though?
99,Context,none,none,none,none,-1,-1,gpt,1,I guess it could be true.
99,Response,none,none,none,none,-1,-1,gpt,0,"This is correct. Future research might show that low cholesterol is harmful too, or that high cholesterol is not as problematic as believed. How could the writer have made a more convincing case?"
99,Context,none,none,none,none,-1,-1,gpt,1,They should have discussed both sides of the topic based on verified sources.
99,Response,none,none,none,none,-1,-1,gpt,0,Exactly! Conspiracy theories are circular and not falsifiable by evidence. How would you explain the writer’s attitude?
99,Context,none,none,none,none,-1,-1,gpt,1,I think the article is biased or maybe it’s click-bait.
99,Response,none,none,none,none,-1,-1,gpt,0,"Yes, this is a possibility. How would the article affect the readers?"
99,Context,none,none,none,none,-1,-1,gpt,1,"It may provoke distrust in the medical community and companies. Also, its unverified information might confuse readers."
99,Response,none,none,none,none,-1,-1,gpt,0,Would that article affect the health choices of readers?
99,Context,none,none,none,none,-1,-1,gpt,1,"Yes, they might make the wrong choices."
99,Response,none,none,none,none,-1,-1,gpt,0,"This is true. Unfortunately, we tend to be impressed by conspiracy theories due to cognitive biases like confirmation bias or proportionality bias. Do you think there is still a reason to challenge the received view about cholesterol?"
99,Context,none,none,none,none,-1,-1,gpt,1,There might be some issue with this view.
99,Response,none,none,none,none,-1,-1,gpt,0,What would that be?
99,Context,none,none,none,none,-1,-1,gpt,1,"I’d like to read articles showing whether pharma and food companies exaggerate the dangers of high cholesterol foods and check the side effects of anti-cholesterol drugs, like statins."
99,Response,none,none,none,none,-1,-1,gpt,0,"This is fine. You can ask for my help anytime in the future. As a general rule, you could consult articles citing the results of systematic reviews regarding this or other topics (READ MORE on systematic reviews as credible sources/microlessons maybe. These are more credible than other sources because they summarize and compare the results from all available evidence-based medical research. Also, the results reviewed come from both company-funded and independently-funded research)."
99,Context,none,none,none,none,-1,-1,gpt,1,Ok.
99,Response,none,none,none,none,-1,-1,gpt,0,"Please, keep in mind that science is not infallible. There is no absolute certainty in science. In principle, any claim can be refuted or revised in the future. Did you find our discussion helpful?"
99,Context,none,none,none,none,-1,-1,gpt,1,Yes.
99,Response,none,none,none,none,-1,-1,gpt,0,Is there anything else you would like to discuss?
99,Context,none,none,none,none,-1,-1,gpt,1,"No, thank you."
99,Response,none,none,none,none,-1,-1,gpt,0,Thank you for your discussion. Have a great day!
100,Context,none,none,none,none,-1,-1,gpt,1,I read the article “The Cholesterol Conspiracy: Are We Being Deceived by Big Pharma and the Food Industry?” and would like to discuss it.
100,Response,none,none,none,none,-1,-1,gpt,0,This is fine. What would you like to discuss about this article?
100,Context,none,none,none,none,-1,-1,gpt,1,I am worried whether I can trust this article.
100,Response,none,none,none,none,-1,-1,gpt,0,What prompted you to read this article?
100,Context,none,none,none,none,-1,-1,gpt,1,The title of the article. The big pharma and food industries might trick us into making harmful health choices.
100,Response,none,none,none,none,-1,-1,gpt,0,"I understand your concern. On the other hand, you seem to distrust this article, too. Is this correct?"
100,Context,none,none,none,none,-1,-1,gpt,1,Yes.
100,Response,none,none,none,none,-1,-1,gpt,0,"Could you please tell me, what does the article claim?"
100,Context,none,none,none,none,-1,-1,gpt,1,It says there is a cholesterol conspiracy by the big pharma and food industries to push their products.
100,Response,none,none,none,none,-1,-1,gpt,0,Could you please clarify further the conspiracy?
100,Context,none,none,none,none,-1,-1,gpt,1,The companies hide from us that low cholesterol harms our health actually.
100,Response,none,none,none,none,-1,-1,gpt,0,What does the article advise instead?
100,Context,none,none,none,none,-1,-1,gpt,1,"It claims that we should not keep our cholesterol low with certain drugs and nutritional products, but enjoy all foods in moderation."
100,Response,none,none,none,none,-1,-1,gpt,0,Good. Let us examine the article together by first examining the article’s assumptions.
100,Context,none,none,none,none,-1,-1,gpt,1,What do you mean by ‘assumptions’?
100,Response,none,none,none,none,-1,-1,gpt,0,I mean any claims the writer accepts as true without question or proof. We should examine such claims if we want to evaluate the article’s logic/credibility. Can you spot any claim that strikes you as taken for granted?
100,Context,none,none,none,none,-1,-1,gpt,1,I don't know. I think it says that the food and drug corporations have created the received view about cholesterol.
100,Response,none,none,none,none,-1,-1,gpt,0,Does the article justify that point anyhow?
100,Context,none,none,none,none,-1,-1,gpt,1,"No, it only says that the advice we receive from a young age about cholesterol comes from the big pharma and food industries."
100,Response,none,none,none,none,-1,-1,gpt,0,Very well! Do you think we should take that for granted or not?
100,Context,none,none,none,none,-1,-1,gpt,1,Maybe. Funding for medical research comes from the big companies to serve their interests. You can’t trust them.
100,Response,none,none,none,none,-1,-1,gpt,0,Very well. Are you saying that all medical knowledge is made up by the big corporations to push their products?
100,Context,none,none,none,none,-1,-1,gpt,1,"Yes, it seems so."
100,Response,none,none,none,none,-1,-1,gpt,0,"Let me bring to your attention that a fair amount of clinical trials is funded by other, independent sources, e.g., government funding. Does that challenge the assumption above?"
100,Context,none,none,none,none,-1,-1,gpt,1,"Ok, but companies can corrupt these results as well."
100,Response,none,none,none,none,-1,-1,gpt,0,"This is possible. Let us examine this second assumption. Could you think of effective drugs or treatments that pay for the companies, too?"
100,Context,none,none,none,none,-1,-1,gpt,1,"Painkillers, I guess."
100,Response,none,none,none,none,-1,-1,gpt,0,"Certainly. So, in general, corporations need to tell the truth and sell effective drugs in order to make revenue. Do you agree?"
100,Context,none,none,none,none,-1,-1,gpt,1,Yes.
100,Response,none,none,none,none,-1,-1,gpt,0,"On the other hand, could you think of effective drugs or treatments that pay for the companies but are not prescribed by doctors?"
100,Context,none,none,none,none,-1,-1,gpt,1,I have heard that antibiotics have no effect on the flu.
100,Response,none,none,none,none,-1,-1,gpt,0,"That is correct. Certain established treatments do not allow the companies to sell their products. So, companies cannot always hide the truth. Do you think these two examples challenge the second assumption?"
100,Context,none,none,none,none,-1,-1,gpt,1,I think they partly do.
100,Response,none,none,none,none,-1,-1,gpt,0,Very well! Could you spot other assumptions in your thinking or in the article?
100,Context,none,none,none,none,-1,-1,gpt,1,"I still feel that, in general, we should not trust what the companies or governments claim."
100,Response,none,none,none,none,-1,-1,gpt,0,Could you please explain this assumption?
100,Context,none,none,none,none,-1,-1,gpt,1,The profit motive corrupts the truth.
100,Response,none,none,none,none,-1,-1,gpt,0,Are you saying that a claim is credible only if it is made by someone with altruistic motives or with motives we trust?
100,Context,none,none,none,none,-1,-1,gpt,1,Isn’t it so?
100,Response,none,none,none,none,-1,-1,gpt,0,Let us think this through. How could you challenge this assumption?
100,Context,none,none,none,none,-1,-1,gpt,1,I’m not sure I can.
100,Response,none,none,none,none,-1,-1,gpt,0,Could an ill-motivated person make a worthy argument or correct claim? Or could a person with altruistic motives make a wrong claim?
100,Context,none,none,none,none,-1,-1,gpt,1,It seems so.
100,Response,none,none,none,none,-1,-1,gpt,0,"Hence, we should not assume that an argument has to be wrong just because we mistrust or distrust the arguer. Rather, we should judge the merit of a claim on the basis of evidence or argument. Do you agree?"
100,Context,none,none,none,none,-1,-1,gpt,1,"Yes, I guess."
100,Response,none,none,none,none,-1,-1,gpt,0,"So, does the article offer any evidence against the received view about cholesterol?"
100,Context,none,none,none,none,-1,-1,gpt,1,"Yes, it says that low cholesterol lowers vitamin D, leading to depression, and hinders normal cell/brain function."
100,Response,none,none,none,none,-1,-1,gpt,0,Is this evidence verified?
100,Context,none,none,none,none,-1,-1,gpt,1,"No, there is no source to cross-check this claim in the article."
100,Response,none,none,none,none,-1,-1,gpt,0,"So, could we count it as evidence that low cholesterol is harmful?"
100,Context,none,none,none,none,-1,-1,gpt,1,"No, we cannot."
100,Response,none,none,none,none,-1,-1,gpt,0,Does the writer offer any argument or reasoning which supports this claim?
100,Context,none,none,none,none,-1,-1,gpt,1,The writer says that the corporations “conveniently leave out the disastrous consequences of low cholesterol.”
100,Response,none,none,none,none,-1,-1,gpt,0,Do you mean that the companies hide the truth?
100,Context,none,none,none,none,-1,-1,gpt,1,Yes.
100,Response,none,none,none,none,-1,-1,gpt,0,Can you draw the article’s main claim from this conspiracy theory?
100,Context,none,none,none,none,-1,-1,gpt,1,What do you mean?
100,Response,none,none,none,none,-1,-1,gpt,0,Could you infer that low cholesterol is harmful from the idea that conspirators hide that truth?
100,Context,none,none,none,none,-1,-1,gpt,1,"No, but I cannot accept the received view either."
100,Response,none,none,none,none,-1,-1,gpt,0,Can you explain why?
100,Context,none,none,none,none,-1,-1,gpt,1,Because the companies can hide the truth.
100,Response,none,none,none,none,-1,-1,gpt,0,Can or does the article prove there is a cholesterol cover-up?
100,Context,none,none,none,none,-1,-1,gpt,1,"It does not, and I’m not sure it can."
100,Response,none,none,none,none,-1,-1,gpt,0,"So, we are trapped in a circle. The article says that a conspiracy (a cover-up) is the reason why we cannot prove that low cholesterol is harmful. At the same time, it says that the cholesterol conspiracy is proof of the conspiracy to keep our cholesterol low."
100,Context,none,none,none,none,-1,-1,gpt,1,"Oh, ok."
100,Response,none,none,none,none,-1,-1,gpt,0,"This is an error in reasoning, or fallacy as we call it. In particular, the circularity results from the ‘canceling hypothesis fallacy’ or ‘conspiracy theory fallacy’. Is this fallacy clear to you?"
100,Context,none,none,none,none,-1,-1,gpt,1,Could you explain how this fallacy works?
100,Response,none,none,none,none,-1,-1,gpt,0,"Of course. This is the error of taking the absence of evidence for a claim as proof of the claim. When you ask conspiracy theorists to prove their claim, they say that the evidence is being hidden from the public by powerful, malicious groups."
100,Context,none,none,none,none,-1,-1,gpt,1,Please provide an example.
100,Response,none,none,none,none,-1,-1,gpt,0,"Of course, here is an example: “At the head of every kind of government there is a secret society. Of course, I cannot prove this because the same societies make sure that the truth stays hidden.” Do you see the problem now?"
100,Context,none,none,none,none,-1,-1,gpt,1,Yes.
100,Response,none,none,none,none,-1,-1,gpt,0,"Conspiracy theories trap you in a circle. They prove/disprove nothing. Yet, they sound credible because they usually attack the character/motives/interests of a powerful agent/opponent we mistrust/distrust or dislike. In the end, they don’t assess the merit of the opponent’s claim itself. Does this remind you of our discussion that motives or interests, as such, prove/disprove nothing?"
100,Context,none,none,none,none,-1,-1,gpt,1,"Oh, yes."
100,Response,none,none,none,none,-1,-1,gpt,0,"Conspiracy theories are based on this fallacious reasoning, too. This fallacy is called ‘Ad Hominem’. It is the fallacy of saying that an argument is wrong because the arguer has some unwelcome characteristic or motive. Is this fallacy clear to you?"
100,Context,none,none,none,none,-1,-1,gpt,1,Could you explain further how this fallacy works in this article?
100,Response,none,none,none,none,-1,-1,gpt,0,Attacking a suspicious group’s motive or character instead of their argument/claim distracts attention from their argument. These attacks have rhetorical power. They discredit the opponent and make the conspiracy theory sound more credible. Did you feel side-tracked by the writer’s attack on the companies?
100,Context,none,none,none,none,-1,-1,gpt,1,"Yes, I felt this."
100,Response,none,none,none,none,-1,-1,gpt,0,"Fine! So, let us take stock now. Does this article establish its main claim, i.e., that we should not keep our cholesterol low?"
100,Context,none,none,none,none,-1,-1,gpt,1,"No, it doesn’t."
100,Response,none,none,none,none,-1,-1,gpt,0,"Could you explain why not, now?"
100,Context,none,none,none,none,-1,-1,gpt,1,It uses rhetorical attacks and bad reasoning.
100,Response,none,none,none,none,-1,-1,gpt,0,Exactly! Could the claim of the article be true though?
100,Context,none,none,none,none,-1,-1,gpt,1,I guess it could be true.
100,Response,none,none,none,none,-1,-1,gpt,0,"This is correct. Future research might show that low cholesterol is harmful too, or that high cholesterol in itself is not as problematic as believed. However, the article does not rest on science that revises our current knowledge about cholesterol. How could the writer have made a more convincing case for this claim?"
100,Context,none,none,none,none,-1,-1,gpt,1,"I felt the writer was hostile, rhetorical, and didn’t discuss both sides based on verified sources."
100,Response,none,none,none,none,-1,-1,gpt,0,Exactly! We need to discuss all sides based on evidence from verified sources and good argumentation. Conspiracy theories are circular and not falsifiable by evidence. How would you explain the writer’s attitude?
100,Context,none,none,none,none,-1,-1,gpt,1,I think he/she was biased and impressed by conspiracies. Or maybe it is a click-bait article.
100,Response,none,none,none,none,-1,-1,gpt,0,"Yes, this is a possibility. How would the article affect the readers?"
100,Context,none,none,none,none,-1,-1,gpt,1,"It may provoke distrust of the medical community and companies. Also, its unverified information may confuse readers."
100,Response,none,none,none,none,-1,-1,gpt,0,Would that article affect the health choices of readers?
100,Context,none,none,none,none,-1,-1,gpt,1,"Yes, they might make the wrong choices."
100,Response,none,none,none,none,-1,-1,gpt,0,This is true. Do you think there is still a reason to challenge the received view about cholesterol?
100,Context,none,none,none,none,-1,-1,gpt,1,There might be some issue with this view.
100,Response,none,none,none,none,-1,-1,gpt,0,What would that be?
100,Context,none,none,none,none,-1,-1,gpt,1,I would like to check the side effects of statins and low-cholesterol diets.
100,Response,none,none,none,none,-1,-1,gpt,0,"This is fine. You can ask for my help anytime in the future. As a general rule, you should consult articles citing the results of evidence-based medical research coming from both company-funded research and independently-funded research."
100,Context,none,none,none,none,-1,-1,gpt,1,Ok.
100,Response,none,none,none,none,-1,-1,gpt,0,Did you find our discussion helpful?
100,Context,none,none,none,none,-1,-1,gpt,1,Yes.
100,Response,none,none,none,none,-1,-1,gpt,0,Is there anything else you would like to discuss?
100,Context,none,none,none,none,-1,-1,gpt,1,"No, thank you."
100,Response,none,none,none,none,-1,-1,gpt,0,Thank you for your discussion. Have a great day!
101,Context,none,none,none,none,-1,-1,gpt,1,"I read the article Rapes, brawls, cultural crimes: the criminal immigration that scares Italy and would like to discuss it."
101,Response,none,none,none,none,-1,-1,gpt,0,Of course. What would you like to discuss about this article?
101,Context,none,none,none,none,-1,-1,gpt,1,I want to check the facts cited in the article about migrants and crime in Italy.
101,Response,none,none,none,none,-1,-1,gpt,0,What prompted you to read this article?
101,Context,none,none,none,none,-1,-1,gpt,1,I plan to relocate/work/study in Rome/Milan/Italy next year. The article reports on rapes and assaults in Italian streets. I am wondering if living in a big city/Italy is secure enough.
101,Response,none,none,none,none,-1,-1,gpt,0,I understand your concern. What does the article claim?
101,Context,none,none,none,none,-1,-1,gpt,1,"It says that migrants, especially irregular migrants, are criminals and have caused a rise in crime in Italy."
101,Response,none,none,none,none,-1,-1,gpt,0,What does the article advise?
101,Context,none,none,none,none,-1,-1,gpt,1,I’m not sure it advises anything. It says we should be afraid of migrants. Maybe that we should deport them.
101,Response,none,none,none,none,-1,-1,gpt,0,I see. Would you like to check the assumptions and facts of the article?
101,Context,none,none,none,none,-1,-1,gpt,1,"Exactly, I want to know how serious the threat is."
101,Response,none,none,none,none,-1,-1,gpt,0,Fine. Let us examine the article together by first examining the article’s assumptions.
101,Context,none,none,none,none,-1,-1,gpt,1,What do you mean by ‘assumptions’?
101,Response,none,none,none,none,-1,-1,gpt,0,I mean any claims the writer accepts as true without question or proof. We should examine such claims if we want to evaluate the article’s logic/credibility. Can you spot any claim that strikes you as taken for granted?
101,Context,none,none,none,none,-1,-1,gpt,1,I’m not sure. Can you help me?
101,Response,none,none,none,none,-1,-1,gpt,0,Of course. Let me bring an example. Does the article take it for granted that migrants are criminals?
101,Context,none,none,none,none,-1,-1,gpt,1,"It says that immigration is not synonymous with crime, and vice versa. On the other hand, it says that almost all migrants have a criminal record."
101,Response,none,none,none,none,-1,-1,gpt,0,Does the article justify that claim? Does it establish that migrants have a criminal record?
101,Context,none,none,none,none,-1,-1,gpt,1,I am not sure it does. It says that they are not asylum seekers who flee from war. They are criminals with outstanding accounts with justice and flee from prosecution.
101,Response,none,none,none,none,-1,-1,gpt,0,"I suggest that unless the article brings evidence/proof that migrants have a criminal record, we should not accept that they are all criminals. Do you agree?"
101,Context,none,none,none,none,-1,-1,gpt,1,"Yes. However, the article says that migrants are the cause of rising crime rates in Italy."
101,Response,none,none,none,none,-1,-1,gpt,0,What does this imply for you?
101,Context,none,none,none,none,-1,-1,gpt,1,I think that migrants are more likely to commit a crime than an Italian citizen. They seem dangerous to me.
101,Response,none,none,none,none,-1,-1,gpt,0,Does the article defend that claim? Does it use evidence or argument for that claim?
101,Context,none,none,none,none,-1,-1,gpt,1,"Yes, it says that migrants comprise 30% of the Italian prison population. In large cities, such as Milan, they might comprise 60-70% of the prison population."
101,Response,none,none,none,none,-1,-1,gpt,0,Is this evidence verified?
101,Context,none,none,none,none,-1,-1,gpt,1,"Yes, the article uses the Italian Ministry of Justice as a source. The figures about Milan’s prisons come from an alderman of Milan’s Municipality, named Riccardo De Corato. Also, according to an NGO named ‘Antigone’, 70% of convicted migrants are irregular migrants."
101,Response,none,none,none,none,-1,-1,gpt,0,"This is fine. I suggest that data/figures should be cross-checked with the official government websites for their credibility, especially the data from the Milan alderman. His figures seem to deviate significantly from the Ministry’s figures. But supposing the data is correct, does the data from the prison populations establish that migrants are criminals or a main cause of crime in Italy?"
101,Context,none,none,none,none,-1,-1,gpt,1,De Corato says that almost all migrants have a criminal record.
101,Response,none,none,none,none,-1,-1,gpt,0,There is no data that irregular migrants are criminals with a record. Is that correct?
101,Context,none,none,none,none,-1,-1,gpt,1,"Yes. But at least one out of two convicted criminals are migrants. And 70% of the convicted migrants are irregulars. So, migrants, especially irregulars, are more likely to commit a crime than an Italian."
101,Response,none,none,none,none,-1,-1,gpt,0,"I understand your thinking. You think that the data about migrant prison population reflects that there is a close relationship between criminality and immigration, right?"
101,Context,none,none,none,none,-1,-1,gpt,1,Yes.
101,Response,none,none,none,none,-1,-1,gpt,0,Fine. Can you think of alternative ways to explain the data from prison populations?
101,Context,none,none,none,none,-1,-1,gpt,1,"No, it seems straightforward to me. They show that migrants commit most of the crimes."
101,Response,none,none,none,none,-1,-1,gpt,0,I understand. But does the prison population lead to that conclusion?
101,Context,none,none,none,none,-1,-1,gpt,1,What do you mean?
101,Response,none,none,none,none,-1,-1,gpt,0,"Isn’t it possible that a number of convicted migrants might be sentenced for violations of immigration law, not for crimes?"
101,Context,none,none,none,none,-1,-1,gpt,1,"Yes, possibly."
101,Response,none,none,none,none,-1,-1,gpt,0,Isn’t it possible that there are different sentencing and bail decisions for migrants and non-migrants?
101,Context,none,none,none,none,-1,-1,gpt,1,How would that be possible?
101,Response,none,none,none,none,-1,-1,gpt,0,"Foreigners' ease of flight, lack of address, lack of regular employment, etc., makes it more likely to be detained. Also, different sentencing decisions might be based on racial profiling and discriminatory practices against foreigners by the Italian law enforcement, judiciary, and penal system. Should we take these alternative explanations into account?"
101,Context,none,none,none,none,-1,-1,gpt,1,"Yes. However, the article reports that rapes and assaults by migrants are widespread."
101,Response,none,none,none,none,-1,-1,gpt,0,"One needs to check the data about the involvement of migrants in specific types of crime, like assault or rape. Does the article’s data from the prison population specify their involvement in rapes and assaults?"
101,Context,none,none,none,none,-1,-1,gpt,1,No.
101,Response,none,none,none,none,-1,-1,gpt,0,"Could we infer that migrants who commit theft, for example, used to be thieves before their entry in Italy?"
101,Context,none,none,none,none,-1,-1,gpt,1,Not necessarily.
101,Response,none,none,none,none,-1,-1,gpt,0,Good. Theft could be explained by migrants’ exclusion from the labor market. Is the data about prison population sufficient to help readers form an informed judgment about immigration and crime in Italy?
101,Context,none,none,none,none,-1,-1,gpt,1,"No, the writer seems biased. The evidence is insufficient and interpreted in a biased way."
101,Response,none,none,none,none,-1,-1,gpt,0,"Very well! The article uses statistics in a selective way. It commits the fallacy of Incomplete Evidence, or ‘cherry-picking’. It uses the evidence that supports its conclusion while suppressing any evidence against it. Also, it fails to discuss alternative interpretations of the data it cites. Hence, readers might jump to the wrong conclusion and hastily form the generalization that most migrants are criminals and more likely to commit a crime than the average Italian person."
101,Context,none,none,none,none,-1,-1,gpt,1,"Ok, I see. Could you give an example?"
101,Response,none,none,none,none,-1,-1,gpt,0,"Of course. If a writer focuses on the number of plane crashes and omits the data about safe flights, too, he/she might lead readers to think that traveling by plane is unsafe. The writer cherry-picks the evidence that supports her/his point."
101,Context,none,none,none,none,-1,-1,gpt,1,Ok.
101,Response,none,none,none,none,-1,-1,gpt,0,Could the claim of the article be true though?
101,Context,none,none,none,none,-1,-1,gpt,1,I guess it could be true.
101,Response,none,none,none,none,-1,-1,gpt,0,"This is correct. Further research might show that immigrants largely contribute to high crime rates. However, the article does not establish that claim."
101,Context,none,none,none,none,-1,-1,gpt,1,Ok.
101,Response,none,none,none,none,-1,-1,gpt,0,How would this article affect the readers?
101,Context,none,none,none,none,-1,-1,gpt,1,"It may provoke distrust, anger, hate, even violence against migrants."
101,Response,none,none,none,none,-1,-1,gpt,0,Would that article affect the choices of Italian voters?
101,Context,none,none,none,none,-1,-1,gpt,1,"Yes, they might vote for anti-immigration parties and policies."
101,Response,none,none,none,none,-1,-1,gpt,0,This is true. Do you think there is still a reason to accept the claim of the article?
101,Context,none,none,none,none,-1,-1,gpt,1,"No, as it stands. But there might be some issues with migrants."
101,Response,none,none,none,none,-1,-1,gpt,0,What would that be?
101,Context,none,none,none,none,-1,-1,gpt,1,I would like to check more evidence about migrants’ contribution to crime in Italy.
101,Response,none,none,none,none,-1,-1,gpt,0,"This is fine. You can ask for my help anytime in the future. As a general rule, you should consult articles citing data from verifiable sources, such as government organizations and NGOs."
101,Context,none,none,none,none,-1,-1,gpt,1,Ok.
101,Response,none,none,none,none,-1,-1,gpt,0,Did you find our discussion helpful?
101,Context,none,none,none,none,-1,-1,gpt,1,Yes.
101,Response,none,none,none,none,-1,-1,gpt,0,Is there anything else you would like to discuss?
101,Context,none,none,none,none,-1,-1,gpt,1,"No, thank you."
101,Response,none,none,none,none,-1,-1,gpt,0,Thank you for your discussion. Have a great day!
102,Context,none,none,none,none,-1,-1,gpt,1,"I read the article Rapes, brawls, cultural crimes: the criminal immigration that scares Italy and would like to discuss it."
102,Response,none,none,none,none,-1,-1,gpt,0,This is fine. What would you like to discuss about this article?
102,Context,none,none,none,none,-1,-1,gpt,1,"I want to check the facts about the part of migrants in crime. I know there is considerable anti-immigration propaganda in the mediContext,none,none,none,none,-1,-1,gpt,1, but the article cites alarming facts about criminal immigration."
102,Response,none,none,none,none,-1,-1,gpt,0,What prompted you to read this article?
102,Context,none,none,none,none,-1,-1,gpt,1,I plan to relocate/work/study in Rome/Milan/Italy next year. I am wondering if living in a big city/Italy is secure enough. The article reports on rapes and assaults in Italian streets.
102,Response,none,none,none,none,-1,-1,gpt,0,I understand your concern. What does the article claim?
102,Context,none,none,none,none,-1,-1,gpt,1,It reports on the phenomenon of criminal immigration.
102,Response,none,none,none,none,-1,-1,gpt,0,Could you please clarify further?
102,Context,none,none,none,none,-1,-1,gpt,1,"It says that migrants pose a significant threat to our security. Apart from legal migrants with a criminal record, there is a constant flow of irregular migrants who are criminals."
102,Response,none,none,none,none,-1,-1,gpt,0,What does the article advise?
102,Context,none,none,none,none,-1,-1,gpt,1,"I’m not sure. It seems to imply that the government should impose stricter immigration policy. Perhaps, it should be deporting irregular migrants to protect Italians."
102,Response,none,none,none,none,-1,-1,gpt,0,I see. Would you like to check the assumptions and facts of the article?
102,Context,none,none,none,none,-1,-1,gpt,1,"Exactly, I want to know how serious a threat immigration is."
102,Response,none,none,none,none,-1,-1,gpt,0,Fine. Let us examine the article together by first examining the article’s assumptions. Can you spot any claim that strikes you as taken for granted?
102,Context,none,none,none,none,-1,-1,gpt,1,"The writer says that immigration is not synonymous with crime, and vice versa. On the other hand, it seems to assume that irregular migrants are criminals, thus, they are more likely to commit a crime than the average Italian citizen."
102,Response,none,none,none,none,-1,-1,gpt,0,Does the article justify that point anyhow?
102,Context,none,none,none,none,-1,-1,gpt,1,"Not exactly. It says that, according to an NGO called ‘Antigone’, 70% of convicted migrants are irregular migrants who have outstanding accounts with justice in their countries."
102,Response,none,none,none,none,-1,-1,gpt,0,Does the article provide evidence that almost all irregular migrants have a criminal record?
102,Context,none,none,none,none,-1,-1,gpt,1,No.
102,Response,none,none,none,none,-1,-1,gpt,0,"Good. I suggest that unless the article brings evidence/proof that most irregular migrants have a criminal record, we should not accept that they are fleeing criminals. Do you agree?"
102,Context,none,none,none,none,-1,-1,gpt,1,Yes. But I would like to examine the implications of the data on migrant prison population. It seems to me that migrants are the cause of high crime rates in Italy. That is why I think that migrants are more dangerous/more prone to crime than the average Italian person.
102,Response,none,none,none,none,-1,-1,gpt,0,Ok. Let us discuss the evidence. How does the article defend the claim that there is a close connection between immigration and criminality in Italy?
102,Context,none,none,none,none,-1,-1,gpt,1,"It says that migrants comprise 30% of the prison population. In large cities, such as Milan, they might comprise 60-70% of the prison population. Most of them are irregular migrants who flee prosecution in their countries."
102,Response,none,none,none,none,-1,-1,gpt,0,Is this evidence verified?
102,Context,none,none,none,none,-1,-1,gpt,1,"Yes, the article uses the Italian Ministry of Justice as a source. The figures about Milan’s prisons come from an alderman of Milan’s Municipality, named Riccardo De Corato. Also, the ‘Antigone’ report says that 70% of convicted migrants are irregular migrants."
102,Response,none,none,none,none,-1,-1,gpt,0,"Very well. I suggest that data/figures should be cross-checked with the official government websites for their credibility, especially the data from the Milan alderman. His figures seem to deviate significantly from the Ministry’s figures."
102,Context,none,none,none,none,-1,-1,gpt,1,Ok.
102,Response,none,none,none,none,-1,-1,gpt,0,Supposing the data from the prison population is correct. Does it establish that most migrants are criminals or that migrants are more likely to cause a crime?
102,Context,none,none,none,none,-1,-1,gpt,1,"The article’s data from the prison population suggests that at least one out of two convicted criminals are migrants. Also, it is highly likely that irregular migrants are criminals. As De Corato explains, that is why they pay top dollars to come to Italy. They try to flee prosecution in their countries; they are not real asylum seekers fleeing from war. So, I guess migrants are more likely to commit a crime than Italian citizens."
102,Response,none,none,none,none,-1,-1,gpt,0,Fine. Can you think of alternative ways to explain the data from prison populations?
102,Context,none,none,none,none,-1,-1,gpt,1,"I am not sure. I guess we should ask ourselves if all convicted migrants have committed some crime, such as rape or assault."
102,Response,none,none,none,none,-1,-1,gpt,0,"Good! A number of migrants might be sentenced for violations of immigration law. Also, could migrants be detained due to racial profiling and discriminatory practices by the police or the system of justice?"
102,Context,none,none,none,none,-1,-1,gpt,1,Certainly.
102,Response,none,none,none,none,-1,-1,gpt,0,"Very well! Prison population data may lead us to overestimate the relationship between immigration and criminality. The reader may assume or think, for instance, that those who enter Italy are criminals or very likely to commit a crime like rape or assault, as the article suggests. Do you think it follows from the article’s data that migrants are more likely to commit rape and assault?"
102,Context,none,none,none,none,-1,-1,gpt,1,Not necessarily.
102,Response,none,none,none,none,-1,-1,gpt,0,"Exactly. One needs to check the data about the types of crime committed by migrants. Also, could we infer that migrants who commit theft, for example, used to be thieves before entry in Italy?"
102,Context,none,none,none,none,-1,-1,gpt,1,Not necessarily.
102,Response,none,none,none,none,-1,-1,gpt,0,"Exactly. Theft could be explained by migrants’ exclusion from the labor market. So, is the data about prison population sufficient to help readers form an informed judgment about immigration and crime?"
102,Context,none,none,none,none,-1,-1,gpt,1,"No, the evidence is insufficient and interpreted in a narrow and biased way."
102,Response,none,none,none,none,-1,-1,gpt,0,"Very well! The article uses statistics in a selective way. It commits the fallacy of Incomplete Evidence, or ‘cherry-picking’. It uses the evidence that supports its conclusion while suppressing any evidence against it or alternative interpretations of the data. Hence, readers might jump to the wrong conclusion and hastily form the generalization that most migrants are criminals and, thus, more likely to commit a crime than the average Italian person."
102,Context,none,none,none,none,-1,-1,gpt,1,"Ok, I see. Could you give an example?"
102,Response,none,none,none,none,-1,-1,gpt,0,"Of course. If a writer focuses on the number of plane crashes and omits the data about safe flights, too, he/she might lead readers to think that traveling by plane is unsafe. The writer picks the evidence that supports her/his point."
102,Context,none,none,none,none,-1,-1,gpt,1,Ok.
102,Response,none,none,none,none,-1,-1,gpt,0,Could the claim of the article be true though?
102,Context,none,none,none,none,-1,-1,gpt,1,Yes. More data might show that immigration is a main cause of criminality.
102,Response,none,none,none,none,-1,-1,gpt,0,"Exactly. The article’s claim is not necessarily false. Also, the article’s argument might be valid. However, it provides incomplete evidence for its conclusion. Hence, we should not accept its conclusion before we examine and interpret the available evidence thoroughly."
102,Context,none,none,none,none,-1,-1,gpt,1,Ok.
102,Response,none,none,none,none,-1,-1,gpt,0,How would the article affect the readers?
102,Context,none,none,none,none,-1,-1,gpt,1,"It may provoke distrust, anger, hate, even violence against migrants."
102,Response,none,none,none,none,-1,-1,gpt,0,Would that article affect the choices of Italian voters?
102,Context,none,none,none,none,-1,-1,gpt,1,"Yes, they might vote for unfair anti-immigration parties and policies."
102,Response,none,none,none,none,-1,-1,gpt,0,"This is true. Unfortunately, we tend to draw hasty conclusions on the basis of selective or insufficient evidence due to biases in human thinking, such as confirmation bias in this case. Do you think there is still a reason to accept the claim of the article?"
102,Context,none,none,none,none,-1,-1,gpt,1,"No, as it stands, the article does not establish its conclusion. But there might be some issue with migrants’ contribution to crime."
102,Response,none,none,none,none,-1,-1,gpt,0,What would that be?
102,Context,none,none,none,none,-1,-1,gpt,1,I would like to check more evidence about immigration and crime rates in Italy.
102,Response,none,none,none,none,-1,-1,gpt,0,"This is fine. You can ask for my help anytime in the future. As a general rule, you should consult articles citing data from verifiable sources, such as government organizations and credible NGOs."
102,Context,none,none,none,none,-1,-1,gpt,1,Ok.
102,Response,none,none,none,none,-1,-1,gpt,0,Did you find our discussion helpful?
102,Context,none,none,none,none,-1,-1,gpt,1,Yes.
102,Response,none,none,none,none,-1,-1,gpt,0,Is there anything else you would like to discuss?
102,Context,none,none,none,none,-1,-1,gpt,1,"No, thank you."
102,Response,none,none,none,none,-1,-1,gpt,0,Thank you for your discussion. Have a great day!
103,Context,none,none,none,none,-1,-1,gpt,1,Hello!
103,Response,none,none,none,none,-1,-1,gpt,0,You've selected the article: “Medvedev: Neo-Nazism must be totally destroyed!”
103,Context,none,none,none,none,-1,-1,gpt,1,Yes.
103,Response,none,none,none,none,-1,-1,gpt,0,What is the main issue in the article?
103,Context,none,none,none,none,-1,-1,gpt,1,The article reports that Dmitry Medvedev has issued a warning about Ukraine's potential to provoke a new global conflict.
103,Response,none,none,none,none,-1,-1,gpt,0,What caught your attention about this article?
103,Context,none,none,none,none,-1,-1,gpt,1,"The issue is urgent, as it addresses the ongoing war between Russia and Ukraine and highlights a significant threat to world peace."
103,Response,none,none,none,none,-1,-1,gpt,0,What do you already know about the issue?
103,Context,none,none,none,none,-1,-1,gpt,1,"I'm familiar with the present war between Russia and Ukraine, but this is the first time I've learned about the details of this issue."
103,Response,none,none,none,none,-1,-1,gpt,0,Would you like to learn more about the quality of reasoning in this article?
103,Context,none,none,none,none,-1,-1,gpt,1,"Yes, of course!"
103,Response,none,none,none,none,-1,-1,gpt,0,Good reasoning or sound reasoning usually refers to avoiding logical fallacies or errors in an argument.
103,Context,none,none,none,none,-1,-1,gpt,1,That's helpful.
103,Response,none,none,none,none,-1,-1,gpt,0,Would you like me to provide guidance on how to check for logical fallacies in this article?
103,Context,none,none,none,none,-1,-1,gpt,1,"Yes, but I don’t know what a logical fallacy is exactly."
103,Response,none,none,none,none,-1,-1,gpt,0,A logical fallacy is a flaw in reasoning that makes an argument invalid or unsound. A logical fallacy can make an argument potentially misleading.
103,Context,none,none,none,none,-1,-1,gpt,1,That’s informative.
103,Response,none,none,none,none,-1,-1,gpt,0,Can I help you identify the logical fallacies present in this article?
103,Context,none,none,none,none,-1,-1,gpt,1,Yes.
103,Response,none,none,none,none,-1,-1,gpt,0,We can focus on a logical fallacy called Hasty Generalization. Do you agree?
103,Context,none,none,none,none,-1,-1,gpt,1,"Yes, but I need to learn more about this logical fallacy."
103,Response,none,none,none,none,-1,-1,gpt,0,"Hasty generalization occurs when conclusions are drawn about an entire group or category based on insufficient or limited evidence, often relying on stereotypes and absolute positions."
103,Context,none,none,none,none,-1,-1,gpt,1,Can you provide an example?
103,Response,none,none,none,none,-1,-1,gpt,0,Consider the claim that “A group of immigrants sabotaged the exhibition. There is no doubt that immigrants are uncontrolled and brutal.” Can you identify the logical fallacy in this claim?
103,Context,none,none,none,none,-1,-1,gpt,1,Not clearly.
103,Response,none,none,none,none,-1,-1,gpt,0,Are there any evidence provided to support the claim?
103,Context,none,none,none,none,-1,-1,gpt,1,No.
103,Response,none,none,none,none,-1,-1,gpt,0,Do you think it's fair to stereotype immigrants as uncontrolled and brutal?
103,Context,none,none,none,none,-1,-1,gpt,1,No.
103,Response,none,none,none,none,-1,-1,gpt,0,Due to these reasons the example above is a case of a Hasty Generalization fallacy.
103,Context,none,none,none,none,-1,-1,gpt,1,That’s clear.
103,Response,none,none,none,none,-1,-1,gpt,0,Can you identify a similar practice in the article?
103,Context,none,none,none,none,-1,-1,gpt,1,"Yes, I think the following statement “Ukraine should not be allowed to provoke a new global conflict, so it is important to achieve all the goals of the special military operation.”"
103,Response,none,none,none,none,-1,-1,gpt,0,What led you to that decision?
103,Context,none,none,none,none,-1,-1,gpt,1,The statement takes an absolute and generic position on the role of Ukraine in potentially causing a new global conflict.
103,Response,none,none,none,none,-1,-1,gpt,0,"Yes, but can we exclude this possibility?"
103,Context,none,none,none,none,-1,-1,gpt,1,No.
103,Response,none,none,none,none,-1,-1,gpt,0,"So, why do you suggest that this could be the case of a Hasty Generalization fallacy?"
103,Context,none,none,none,none,-1,-1,gpt,1,The observation is generic and lacks supporting evidence for the claim.
103,Response,none,none,none,none,-1,-1,gpt,0,"Correct! This statement is a generalization without evidence, a broad assertion that Ukraine's actions could lead to a new global conflict."
103,Context,none,none,none,none,-1,-1,gpt,1,"Yes, indeed."
103,Response,none,none,none,none,-1,-1,gpt,0,"Great! So, the statement can be called into question due to a Hasty Generalization fallacy."
103,Context,none,none,none,none,-1,-1,gpt,1,Yes.
103,Response,none,none,none,none,-1,-1,gpt,0,Are there alternative viewpoints?
103,Context,none,none,none,none,-1,-1,gpt,1,No.
103,Response,none,none,none,none,-1,-1,gpt,0,"What about claiming that despite the generalized and unspecified evidence of the assertion, there is still a threat for a new global conflict?"
103,Context,none,none,none,none,-1,-1,gpt,1,"Yes, but only due to Ukraine’s actions?"
103,Response,none,none,none,none,-1,-1,gpt,0,Your doubt is valid! Drawing a conclusion that presents a 'black and white' kind of thinking when there are many shades of grey is a fallacy known as False Dichotomy or False Dilemma.
103,Context,none,none,none,none,-1,-1,gpt,1,Can you provide an example?
103,Response,none,none,none,none,-1,-1,gpt,0,"Consider the claim: “If we depart from our home later than planned, we will have to choose between either skipping the event entirely or arriving too late to catch the opening speech.”"
103,Context,none,none,none,none,-1,-1,gpt,1,That’s helpful.
103,Response,none,none,none,none,-1,-1,gpt,0,"So, do you think that statement is also subject to a False Dilemma fallacy?"
103,Context,none,none,none,none,-1,-1,gpt,1,"Yes, definitely!"
103,Response,none,none,none,none,-1,-1,gpt,0,Are there any consequences of accepting the statement?
103,Context,none,none,none,none,-1,-1,gpt,1,"Despite the existing tension between Russia and Ukraine, I don't see any other implications."
103,Response,none,none,none,none,-1,-1,gpt,0,"Might an article directed towards the public, which includes false assertions, escalate tensions and divisions in the ongoing conflict?"
103,Context,none,none,none,none,-1,-1,gpt,1,"Yes, indeed."
103,Response,none,none,none,none,-1,-1,gpt,0,"Moreover, do you agree that the statement might bring anxiety to the readers and cause prejudice against Ukraine?"
103,Context,none,none,none,none,-1,-1,gpt,1,"Certainly, yes."
103,Response,none,none,none,none,-1,-1,gpt,0,"Is it possible that articles like this one, which downplay the complex political and historical factors that caused the war between Russia and Ukraine, could delay a peaceful solution?"
103,Context,none,none,none,none,-1,-1,gpt,1,"Yes, that’s the most serious implication."
103,Response,none,none,none,none,-1,-1,gpt,0,Would you like to learn more about the implications and consequences of disinformation?
103,Context,none,none,none,none,-1,-1,gpt,1,Yes.
103,Response,none,none,none,none,-1,-1,gpt,0,Was it appropriate to check the article for the Hasty Generalization fallacy?
103,Context,none,none,none,none,-1,-1,gpt,1,"Definitely, yes!"
103,Response,none,none,none,none,-1,-1,gpt,0,"Do you agree that a claim like the one in the article, which relies on broad, absolute, and stereotypical generalizations, and without any evidence, is not only invalid but also carries potential negative consequences?"
103,Context,none,none,none,none,-1,-1,gpt,1,Yes.
103,Response,none,none,none,none,-1,-1,gpt,0,"So, considering the Hasty Generalization fallacy, the claim should be doubted, and the article is in question."
103,Context,none,none,none,none,-1,-1,gpt,1,Yes.
103,Response,none,none,none,none,-1,-1,gpt,0,What would be a recommended course of action once a Hasty Generalization fallacy has been identified?
103,Context,none,none,none,none,-1,-1,gpt,1,I am not sure.
103,Response,none,none,none,none,-1,-1,gpt,0,I would suggest examining the validity of the statement by finding reliable evidence and unbiased sources of information.
103,Context,none,none,none,none,-1,-1,gpt,1,That’s a good suggestion.
103,Response,none,none,none,none,-1,-1,gpt,0,Would you recommend any additional evaluation of the article?
103,Context,none,none,none,none,-1,-1,gpt,1,"Perhaps, the article should be checked for more logical fallacies."
103,Response,none,none,none,none,-1,-1,gpt,0,Would you like further assistance?
103,Context,none,none,none,none,-1,-1,gpt,1,No.
103,Response,none,none,none,none,-1,-1,gpt,0,Thank you for using TITAN!
104,Context,none,none,none,none,-1,-1,gpt,1,Hello!
104,Response,none,none,none,none,-1,-1,gpt,0,You've selected the article: “Medvedev: Neo-Nazism must be totally destroyed!”
104,Context,none,none,none,none,-1,-1,gpt,1,Yes.
104,Response,none,none,none,none,-1,-1,gpt,0,What is the main issue in the article?
104,Context,none,none,none,none,-1,-1,gpt,1,"The article reports that Dmitry Medvedev, the Vice President of the Security Council of the Russian Federation, has issued a warning about Ukraine's potential to instigate a global conflict. He is calling for a special military operation that will push the boundaries of perceived threats from Russia by eradicating neo-Nazism."
104,Response,none,none,none,none,-1,-1,gpt,0,What caught your attention about this article?
104,Context,none,none,none,none,-1,-1,gpt,1,"The matter is pressing, but there is a lack of evidence to substantiate the allegations, and the language employed is excessively emotive."
104,Response,none,none,none,none,-1,-1,gpt,0,That’s correct. Would you like to learn more about the nature of emotive language?
104,Context,none,none,none,none,-1,-1,gpt,1,"Yes, of course."
104,Response,none,none,none,none,-1,-1,gpt,0,"Emotive language refers to the use of language that aims to elicit an emotional reaction from the audience, whether it be the reader or listener."
104,Context,none,none,none,none,-1,-1,gpt,1,Can you be more specific?
104,Response,none,none,none,none,-1,-1,gpt,0,Emotive language involves the use of words and phrases intended to evoke strong emotions with the purpose of influencing or attracting attention.
104,Context,none,none,none,none,-1,-1,gpt,1,Can you provide an example?
104,Response,none,none,none,none,-1,-1,gpt,0,"Consider the use of adjectives or adverbs like angrily or proudly, as well as words that create a sense of shared identity or unity, such as we and us."
104,Context,none,none,none,none,-1,-1,gpt,1,That’s informative.
104,Response,none,none,none,none,-1,-1,gpt,0,Can you identify a similar practice in the article?
104,Context,none,none,none,none,-1,-1,gpt,1,"Yes, I think the second paragraph of the article: “Ukraine should not be allowed to provoke a new global conflict […] said the Vice President of the Security Council of the Russian Federation Dmitry Medvedev.”"
104,Response,none,none,none,none,-1,-1,gpt,0,What led you to that decision?
104,Context,none,none,none,none,-1,-1,gpt,1,There are words and phrases that evoke strong emotions in the reader.
104,Response,none,none,none,none,-1,-1,gpt,0,Can you provide examples from the article that support what you are saying?
104,Context,none,none,none,none,-1,-1,gpt,1,The phrases “to push the borders of threats to Russia” and “to destroy neo-Nazism to the core”.
104,Response,none,none,none,none,-1,-1,gpt,0,What led you to this idea?
104,Context,none,none,none,none,-1,-1,gpt,1,The phrases use provocative words and expressions such as “push the border of threat” or “destroy to the core”.
104,Response,none,none,none,none,-1,-1,gpt,0,Do you see the same phrases being repeated throughout the article?
104,Context,none,none,none,none,-1,-1,gpt,1,"Yes, indeed."
104,Response,none,none,none,none,-1,-1,gpt,0,Repetition can also be a sign of emotive language used to sway the audience.
104,Context,none,none,none,none,-1,-1,gpt,1,That’s informative.
104,Response,none,none,none,none,-1,-1,gpt,0,"So, do you think that paragraph uses emotive language to persuade the reader?"
104,Context,none,none,none,none,-1,-1,gpt,1,Yes.
104,Response,none,none,none,none,-1,-1,gpt,0,Are there alternative viewpoints?
104,Context,none,none,none,none,-1,-1,gpt,1,"Yes, despite the emotive language, the paragraph underlines a very serious issue."
104,Response,none,none,none,none,-1,-1,gpt,0,Can you find any evidence provided?
104,Context,none,none,none,none,-1,-1,gpt,1,"No, the paragraph is based on the authority of the Vice President of the Security Council of the Russian Federation."
104,Response,none,none,none,none,-1,-1,gpt,0,Is it possible to have an Appeal to Authority fallacy?
104,Context,none,none,none,none,-1,-1,gpt,1,"Yes, that’s possible. No evidence is provided for his claims, except for his authority."
104,Response,none,none,none,none,-1,-1,gpt,0,"So, we can’t be sure about the reliability of the source and the claims provided."
104,Context,none,none,none,none,-1,-1,gpt,1,"Yes, that’s correct."
104,Response,none,none,none,none,-1,-1,gpt,0,"Moreover, the claims provided in the paragraph seem to be generic and absolute."
104,Context,none,none,none,none,-1,-1,gpt,1,"Yes, I would also add dilemmatic."
104,Response,none,none,none,none,-1,-1,gpt,0,"Brilliant! Despite the emotive language, the paragraph includes fallacious reasoning such as the Hasty Generalization and the False Dilemma fallacies."
104,Context,none,none,none,none,-1,-1,gpt,1,Indeed.
104,Response,none,none,none,none,-1,-1,gpt,0,Are there any consequences of accepting the claims of the paragraph?
104,Context,none,none,none,none,-1,-1,gpt,1,"In addition to the existing tension between Russia and Ukraine, greater polarity in the existing war might be caused."
104,Response,none,none,none,none,-1,-1,gpt,0,That’s right. Do you also agree that the paragraph might bring anxiety to the readers and cause prejudice against Ukraine?
104,Context,none,none,none,none,-1,-1,gpt,1,"Certainly, yes."
104,Response,none,none,none,none,-1,-1,gpt,0,Is there also the possibility of downplaying the complex political and historical factors that caused the war between Russia and Ukraine and delaying a peaceful solution?
104,Context,none,none,none,none,-1,-1,gpt,1,"Yes, that’s the most serious implication."
104,Response,none,none,none,none,-1,-1,gpt,0,Would you like to learn more about the implications and consequences of disinformation?
104,Context,none,none,none,none,-1,-1,gpt,1,No.
104,Response,none,none,none,none,-1,-1,gpt,0,Was it appropriate to evaluate the article for Emotive Language?
104,Context,none,none,none,none,-1,-1,gpt,1,"Definitely, yes!"
104,Response,none,none,none,none,-1,-1,gpt,0,"Do you agree that the paragraph, which uses emotive words and expressions, and is based on fallacious and unsubstantiated reasoning, is not only misleading but also invalid and carries potential negative consequences?"
104,Context,none,none,none,none,-1,-1,gpt,1,Yes.
104,Response,none,none,none,none,-1,-1,gpt,0,"So, considering the Emotive Language of the text, the paragraph should be treated with caution and skepticism."
104,Context,none,none,none,none,-1,-1,gpt,1,Yes.
104,Response,none,none,none,none,-1,-1,gpt,0,Do you think that the article is subject to doubt?
104,Context,none,none,none,none,-1,-1,gpt,1,Yes.
104,Response,none,none,none,none,-1,-1,gpt,0,What would be a recommended course of action once Emotive Language is identified in an article?
104,Context,none,none,none,none,-1,-1,gpt,1,I would suggest examining its validity by finding reliable evidence and unbiased sources of information.
104,Response,none,none,none,none,-1,-1,gpt,0,That’s a good suggestion. Would you recommend any additional evaluation of the article?
104,Context,none,none,none,none,-1,-1,gpt,1,"Perhaps, the article should be checked for more cases of emotive language."
104,Response,none,none,none,none,-1,-1,gpt,0,Would you like further assistance?
104,Context,none,none,none,none,-1,-1,gpt,1,No.
104,Response,none,none,none,none,-1,-1,gpt,0,Thank you for using TITAN!
105,Context,none,none,none,none,-1,-1,gpt,1,I came across this article and felt the need to discuss it.
105,Response,none,none,none,none,-1,-1,gpt,0,"Great, let’s take a closer look together then! What made you choose this particular article in the first place?"
105,Context,none,none,none,none,-1,-1,gpt,1,I found this news disturbing and shocking but also the language used by the author was very emotional.
105,Response,none,none,none,none,-1,-1,gpt,0,Very well. Are you able to identify the main claim of the article? What does the article discuss?
105,Context,none,none,none,none,-1,-1,gpt,1,The article discusses the rape of an Italian girl by a Pakistani in a hospital in Bologna. It points out the danger posed by these individuals and the inability of the state to act accordingly.
105,Response,none,none,none,none,-1,-1,gpt,0,That’s very interesting! Are you well-acquainted with the topic of the article or is it something relatively new to you?
105,Context,none,none,none,none,-1,-1,gpt,1,"Neither, but I’ve read similar things in the past."
105,Response,none,none,none,none,-1,-1,gpt,0,Were you able to identify anything unusual about the article then? Can you tell me what is troubling you?
105,Context,none,none,none,none,-1,-1,gpt,1,I realized that in certain parts the language used by the author made me feel uncomfortable.
105,Response,none,none,none,none,-1,-1,gpt,0,Can you provide me with an example from the text?
105,Context,none,none,none,none,-1,-1,gpt,1,Some words/phrases like “PD-branded scum” or the fact that the “good-natured lady” who helped the Pakistani should be denounced as complicit.
105,Response,none,none,none,none,-1,-1,gpt,0,Are you aware that texts/articles are capable of provoking emotions and feelings (sometimes even on purpose)?
105,Context,none,none,none,none,-1,-1,gpt,1,"Yes, I am well aware."
105,Response,none,none,none,none,-1,-1,gpt,0,"So, being aware of the fact that, sometimes, an article isn’t purely descriptive and its purpose informative, would you say that this particular text aspires to achieve something more aside from providing us with information regarding a fact/event?"
105,Context,none,none,none,none,-1,-1,gpt,1,Yes.
105,Response,none,none,none,none,-1,-1,gpt,0,What makes you think that?
105,Context,none,none,none,none,-1,-1,gpt,1,"Aside from recounting the story, I feel that the author is trying to alert people on the dangers posed by illegal immigrants, as well as the inadequacy of the government."
105,Response,none,none,none,none,-1,-1,gpt,0,And how do you think that the author achieves that? Can you give me any example(s)?
105,Context,none,none,none,none,-1,-1,gpt,1,"The use of strong language is clear throughout the text. The author uses words like “scum,” “free to go and rape another Italian girl,” “shitty state,” etc."
105,Response,none,none,none,none,-1,-1,gpt,0,The use of strong and/or emotional language usually results in more evident -if not more biased- claims. Do you think that the claims made by the author in this article can be considered well-founded?
105,Context,none,none,none,none,-1,-1,gpt,1,"I am not so sure. Some claims do not appear to be well-founded, but maybe for a good reason? The abuse of an unconscious 23-year-old girl is a very serious thing."
105,Response,none,none,none,none,-1,-1,gpt,0,Do you think you are able to provide me with an example of a biased claim then? Can you find any in the text?
105,Context,none,none,none,none,-1,-1,gpt,1,"Yes. The author claims for no apparent reason that the woman who brought the Pakistani to the hospital and the “goodists in the government” are complicit in the rape. Also, he appears to think that hospitals are “hotels for illegal immigrants” and Italian politicians criminals because they charged the Pakistani with sexual assault but let him “free to go and rape another Italian girl.”"
105,Response,none,none,none,none,-1,-1,gpt,0,"Keeping in mind that, sometimes, the use of strong and/or provocative language can be a product of hate speech, are you, by any chance, able to identify anything offensive about the claims and assumptions being made in this article?"
105,Context,none,none,none,none,-1,-1,gpt,1,Yes.
105,Response,none,none,none,none,-1,-1,gpt,0,"Hate speech, unlike other forms of offensive speech/writing, is usually based on prejudices regarding ethnicity, race, sex, sexual orientation, or even religion. Do you feel that it’s possible any of the assumptions made might have any of the aforementioned characteristics?"
105,Context,none,none,none,none,-1,-1,gpt,1,Yes.
105,Response,none,none,none,none,-1,-1,gpt,0,And why do you think the author makes these assumptions (if any)? Can you think of any particular reason?
105,Context,none,none,none,none,-1,-1,gpt,1,I don’t know. Maybe he wants to convince us that these people are dangerous and warn us of the danger they pose.
105,Response,none,none,none,none,-1,-1,gpt,0,Do you feel that these assumptions are sufficiently justified based on the evidence offered by the author?
105,Context,none,none,none,none,-1,-1,gpt,1,"I am not sure. Some of the statements and assumptions seem irrelevant to the story but, on the other hand, a girl was raped by an illegal immigrant."
105,Response,none,none,none,none,-1,-1,gpt,0,"Sometimes, even if the author provides us with valid information regarding a fact/event, his/her claims and assumptions might still be offensive or a product of disinformation. Can you find enough evidence in the text supporting the weaker claims made by its author?"
105,Context,none,none,none,none,-1,-1,gpt,1,No.
105,Response,none,none,none,none,-1,-1,gpt,0,Do you think that you are somehow able to validate these claims yourself?
105,Context,none,none,none,none,-1,-1,gpt,1,"No, I don’t believe I can. I have to admit that most of the claims made by the author are difficult to validate."
105,Response,none,none,none,none,-1,-1,gpt,0,Then do you believe that any of these claims might be identified as the result of hate speech as we previously discussed?
105,Context,none,none,none,none,-1,-1,gpt,1,"Yes, definitely."
105,Response,none,none,none,none,-1,-1,gpt,0,Articles naturally tend to reflect the ideas and beliefs of the author. What is important though is the ability to distinguish between the personal opinion/beliefs of the author and the facts/events that are discussed in the text. Do you think you are in a position to do so?
105,Context,none,none,none,none,-1,-1,gpt,1,Yes.
105,Response,none,none,none,none,-1,-1,gpt,0,"Regardless of the appeal an explanation might have, it is always important to think/search for alternative viewpoints/opinions. Are you, by any chance, able to think of an alternative way(s) of approaching the subject in question?"
105,Context,none,none,none,none,-1,-1,gpt,1,Yes.
105,Response,none,none,none,none,-1,-1,gpt,0,Can you try giving me an example?
105,Context,none,none,none,none,-1,-1,gpt,1,"Since the evidence offered regarding some of the claims made by the author is lacking, I think that the rape of the girl can be perceived as a violent incident triggered by something other than the ethnic identity of the perpetrator or the responsibility of the “goodists.”"
105,Response,none,none,none,none,-1,-1,gpt,0,"Naturally, an event might be interpreted in many different ways. Therefore, ideally, we always have to carefully assess the individual strengths and weaknesses of every possible explanation. At this point, do you believe that perhaps an alternative explanation of the events is more plausible than the one offered by the author?"
105,Context,none,none,none,none,-1,-1,gpt,1,"Yes, probably."
105,Response,none,none,none,none,-1,-1,gpt,0,"So, after carefully considering the assumptions made by the author, can you think of any consequences that this article might have on a potential reader?"
105,Context,none,none,none,none,-1,-1,gpt,1,"Yes. I think that the article is likely to provoke negative feelings towards immigrants, especially Pakistanis."
105,Response,none,none,none,none,-1,-1,gpt,0,Do you believe that the assumptions/claims of the article are consistent with your own personal experience on the subject (if any)?
105,Context,none,none,none,none,-1,-1,gpt,1,"Honestly, I don’t believe they are."
105,Response,none,none,none,none,-1,-1,gpt,0,What would you say that the most important characteristic of the article is then? How would you describe it?
105,Context,none,none,none,none,-1,-1,gpt,1,"I feel that the article is not simply trying to inform us of a certain event, but also to cultivate distrust against migrants and the authorities."
105,Response,none,none,none,none,-1,-1,gpt,0,"After this short discussion, how do you feel about this article?"
105,Context,none,none,none,none,-1,-1,gpt,1,"Keeping in mind the gravity of what transpired, I am reluctant towards the motives and assumptions of the author."
105,Response,none,none,none,none,-1,-1,gpt,0,Do you feel that you’ve grasped the reasoning of the author? Are you able to form an alternative argument?
105,Context,none,none,none,none,-1,-1,gpt,1,"Yes, I think I can."
105,Response,none,none,none,none,-1,-1,gpt,0,"Is there anything you would ideally change regarding the approach of the author? If yes, can you tell me what?"
105,Context,none,none,none,none,-1,-1,gpt,1,"Yes, I believe that I would never accuse the woman or the government of complicity since there was hardly any involvement on their part, and also I would avoid using the identity of the perpetrator as an excuse to demonize immigrants in general."
105,Response,none,none,none,none,-1,-1,gpt,0,And what do you think of our discussion? Did you find it helpful?
105,Context,none,none,none,none,-1,-1,gpt,1,Yes.
105,Response,none,none,none,none,-1,-1,gpt,0,Is there anything more you would like to discuss with me?
105,Context,none,none,none,none,-1,-1,gpt,1,"No, thank you."
105,Response,none,none,none,none,-1,-1,gpt,0,Thank you for using TITAN!
106,Context,none,none,none,none,-1,-1,gpt,1,"Hi, I want to talk about this article."
106,Response,none,none,none,none,-1,-1,gpt,0,Great! And what do you want to discuss exactly?
106,Context,none,none,none,none,-1,-1,gpt,1,I don’t really know. I was disturbed when I first read this and I felt the need to discuss it with someone.
106,Response,none,none,none,none,-1,-1,gpt,0,Very well. Can you tell me in a few words the topic of the article then?
106,Context,none,none,none,none,-1,-1,gpt,1,"Yes, it is about a 23-year-old girl who was raped by a Pakistani in Bologna."
106,Response,none,none,none,none,-1,-1,gpt,0,And are you familiar with the topic yourself? Did you have any prior knowledge of what is discussed?
106,Context,none,none,none,none,-1,-1,gpt,1,"No, I just read about it this morning."
106,Response,none,none,none,none,-1,-1,gpt,0,How would you describe your first reaction after reading this article?
106,Context,none,none,none,none,-1,-1,gpt,1,I was shocked and angry.
106,Response,none,none,none,none,-1,-1,gpt,0,And what do you think made you react this way?
106,Context,none,none,none,none,-1,-1,gpt,1,Obviously the news of the rape.
106,Response,none,none,none,none,-1,-1,gpt,0,"Texts/articles are capable of provoking strong emotions and feelings, sometimes even on purpose. Do you think that your reaction might have been also influenced in any way by the writing style or beliefs of the author?"
106,Context,none,none,none,none,-1,-1,gpt,1,"No, I don’t think so."
106,Response,none,none,none,none,-1,-1,gpt,0,The easiest way to proceed with our discussion is to try and identify any potential claims made by the author. Do you think you can find any?
106,Context,none,none,none,none,-1,-1,gpt,1,Yes.
106,Response,none,none,none,none,-1,-1,gpt,0,Can you give me an example?
106,Context,none,none,none,none,-1,-1,gpt,1,"He mentions at the end that “here they are, the resources so extolled by the champions of welcome.”"
106,Response,none,none,none,none,-1,-1,gpt,0,"Sometimes, even if an article appears to be mainly descriptive and/or informative, we might be able to discern traces of the author's beliefs and/or opinion. Do you think you can tell me where the author stands regarding the subject in question? Do you think you can identify anything in the text that might alert us to his/her position?"
106,Context,none,none,none,none,-1,-1,gpt,1,Yes. He obviously believes that this was “another horrific case of violence against women perpetrated by non-EU nationals.”
106,Response,none,none,none,none,-1,-1,gpt,0,"Very well, let’s keep that in mind. How would you describe the language used by the author in this particular text? Is it by any chance emotional, strong, or provocative?"
106,Context,none,none,none,none,-1,-1,gpt,1,I wouldn’t say so. Maybe a little bit emotional? I am not sure.
106,Response,none,none,none,none,-1,-1,gpt,0,"Different types of claims can be made regarding facts, opinions, events, etc. Some are easier to verify than others. Let’s try validating a claim from the text. Do you think you can pick one?"
106,Context,none,none,none,none,-1,-1,gpt,1,"Yes, this one: “This is yet another case of violence against women perpetrated by non-EU nationals in the Emilia capital.”"
106,Response,none,none,none,none,-1,-1,gpt,0,Does the author provide us with enough evidence in support of this claim?
106,Context,none,none,none,none,-1,-1,gpt,1,"Yes, he provides us with two more examples."
106,Response,none,none,none,none,-1,-1,gpt,0,Are you in a position to verify this claim yourself?
106,Context,none,none,none,none,-1,-1,gpt,1,No.
106,Response,none,none,none,none,-1,-1,gpt,0,Do you believe that the author might be trying to imply something by his/her claims?
106,Context,none,none,none,none,-1,-1,gpt,1,I am not sure.
106,Response,none,none,none,none,-1,-1,gpt,0,Very well. Let’s now think of any potential assumptions that may accompany this claim. Can you think of any?
106,Context,none,none,none,none,-1,-1,gpt,1,The only thing I can think of is that the author is assuming that this was not an isolated incident.
106,Response,none,none,none,none,-1,-1,gpt,0,"Sometimes, the assumptions accompanying a claim might not be so apparent. Are you aware that implicit assumptions are a potential and quite common disinformation signal?"
106,Context,none,none,none,none,-1,-1,gpt,1,"No, I didn’t know."
106,Response,none,none,none,none,-1,-1,gpt,0,"We always have to be mindful of any potential implicit assumptions made in a text, especially if we are not presented with an alternative line of reasoning. Does, by any chance, the author provide us with an alternative explanation of the events?"
106,Context,none,none,none,none,-1,-1,gpt,1,No.
106,Response,none,none,none,none,-1,-1,gpt,0,It is always important to think of alternative viewpoints/opinions. Do you believe that there might be an alternative way of approaching this particular subject?
106,Context,none,none,none,none,-1,-1,gpt,1,"No, I don’t think so."
106,Response,none,none,none,none,-1,-1,gpt,0,Why do you think that?
106,Context,none,none,none,none,-1,-1,gpt,1,I don’t see how the rape of three different girls by non-EU perpetrators can be a coincidence.
106,Response,none,none,none,none,-1,-1,gpt,0,"Sometimes alternative viewpoints, especially if they are not shared, might be difficult to imagine due to the lack of information/evidence. Can you think of anything outside the text that might present you with an alternative line of reasoning?"
106,Context,none,none,none,none,-1,-1,gpt,1,No.
106,Response,none,none,none,none,-1,-1,gpt,0,Have you tried checking different sources other than this article in order to come across a different line of reasoning/opinion?
106,Context,none,none,none,none,-1,-1,gpt,1,"No, maybe I should."
106,Response,none,none,none,none,-1,-1,gpt,0,Different interpretations and assumptions might be responsible for shaping our beliefs and ideas. What do you think the author is trying to tell us through his/her claims?
106,Context,none,none,none,none,-1,-1,gpt,1,That non-EU nationals are potentially dangerous and that people should not welcome them.
106,Response,none,none,none,none,-1,-1,gpt,0,"Does this claim look valid to you? Can you check, in any way, its validity?"
106,Context,none,none,none,none,-1,-1,gpt,1,"No, I don’t think I can."
106,Response,none,none,none,none,-1,-1,gpt,0,"Can you think of any potential consequences that this article might have on you, or on another potential reader?"
106,Context,none,none,none,none,-1,-1,gpt,1,Yes. I think that the article is likely to provoke negative feelings towards non-EU nationals.
106,Response,none,none,none,none,-1,-1,gpt,0,Do you believe that the assumptions/claims of the article are consistent with your own personal experience on the subject (if any)?
106,Context,none,none,none,none,-1,-1,gpt,1,I don’t know.
106,Response,none,none,none,none,-1,-1,gpt,0,"After this short discussion, what are your feelings towards this article?"
106,Context,none,none,none,none,-1,-1,gpt,1,"I am not sure if anything is wrong with the article, but I believe that I have to be wary of any indirect assumptions made by the author, especially if I am not presented with an alternative viewpoint/opinion."
106,Response,none,none,none,none,-1,-1,gpt,0,Do you feel you are in a position to better understand the claims and assumptions being made here?
106,Context,none,none,none,none,-1,-1,gpt,1,"Yes, I am."
106,Response,none,none,none,none,-1,-1,gpt,0,"So, did you find our discussion helpful?"
106,Context,none,none,none,none,-1,-1,gpt,1,I think so.
106,Response,none,none,none,none,-1,-1,gpt,0,Is there anything more you would like to discuss with me?
106,Context,none,none,none,none,-1,-1,gpt,1,"No, thank you."
106,Response,none,none,none,none,-1,-1,gpt,0,Thank you for using TITAN!
107,Context,none,none,none,none,-1,-1,gpt,1,I want to discuss this article.
107,Response,none,none,none,none,-1,-1,gpt,0,Great! Why do you want to discuss this article in particular?
107,Context,none,none,none,none,-1,-1,gpt,1,I found it disturbing.
107,Response,none,none,none,none,-1,-1,gpt,0,Very well. What would you say the subject of the article is then?
107,Context,none,none,none,none,-1,-1,gpt,1,The rape of an Italian girl by a Pakistani.
107,Response,none,none,none,none,-1,-1,gpt,0,Did you have any prior knowledge of the event/topic?
107,Context,none,none,none,none,-1,-1,gpt,1,No.
107,Response,none,none,none,none,-1,-1,gpt,0,"And, were you able to identify anything unusual about the article?"
107,Context,none,none,none,none,-1,-1,gpt,1,"I am not sure yet, that’s what I want to discuss."
107,Response,none,none,none,none,-1,-1,gpt,0,Very well. Let’s proceed then by discussing the claims made by the author. Can you identify any?
107,Context,none,none,none,none,-1,-1,gpt,1,Yes.
107,Response,none,none,none,none,-1,-1,gpt,0,Would you mind giving me an example from the text?
107,Context,none,none,none,none,-1,-1,gpt,1,"The author does not appear to be very fond of the “champions of welcome,” people sympathetic to non-EU nationals."
107,Response,none,none,none,none,-1,-1,gpt,0,Why would someone assume that something is wrong with people sympathetic to non-EU nationals?
107,Context,none,none,none,none,-1,-1,gpt,1,The author probably thinks that these people cannot see that non-EU nationals are dangerous.
107,Response,none,none,none,none,-1,-1,gpt,0,Are you in a position to counteract the arguments and assumptions made in this article even if you feel that you are in agreement with the author?
107,Context,none,none,none,none,-1,-1,gpt,1,"Yes, I think I can."
107,Response,none,none,none,none,-1,-1,gpt,0,How would you describe this article? Would you say that its main purpose is informative?
107,Context,none,none,none,none,-1,-1,gpt,1,"Yes, I would say that it’s mostly informative, save for some parts."
107,Response,none,none,none,none,-1,-1,gpt,0,Did the language used by the author trouble you in any way?
107,Context,none,none,none,none,-1,-1,gpt,1,Not really.
107,Response,none,none,none,none,-1,-1,gpt,0,"If you were able to identify the opinion of the author, can you tell me if it can be considered sufficiently justified based on the evidence offered in the text?"
107,Context,none,none,none,none,-1,-1,gpt,1,I am not sure.
107,Response,none,none,none,none,-1,-1,gpt,0,How so?
107,Context,none,none,none,none,-1,-1,gpt,1,"The author mentions some cases of violence against women perpetrated by non-EU nationals, but this does not necessarily mean that there’s something wrong with the people who welcome them."
107,Response,none,none,none,none,-1,-1,gpt,0,Implicit assumptions are sometimes made by authors in order to get their ideas across to their readers. They are also a potential and quite common disinformation signal since they are usually difficult to verify from the evidence offered in the text. Can you think of any such assumptions being made here?
107,Context,none,none,none,none,-1,-1,gpt,1,Yes.
107,Response,none,none,none,none,-1,-1,gpt,0,Can you give me an example of an implicit assumption (ideally from the text)?
107,Context,none,none,none,none,-1,-1,gpt,1,"The author seems to be implying that acts of violence against women are usually perpetrated by non-EU nationals. At the same time, he does not offer any information regarding acts of violence perpetrated by EU nationals. He also seems to imply that people who welcome migrants are generally in the wrong without any further argumentation."
107,Response,none,none,none,none,-1,-1,gpt,0,Very well! Why do you think the author makes these assumptions (if any)? Can you think of any particular reason?
107,Context,none,none,none,none,-1,-1,gpt,1,"Yes, clearly the author is not very fond of non-EU nationals. He seems to believe that they are responsible for acts of violence against women."
107,Response,none,none,none,none,-1,-1,gpt,0,"Sometimes, even if the author provides us with valid information, his claims and assumptions might imply things that are not easily supported by the evidence offered (if at all). Do you think that this might be the case here?"
107,Context,none,none,none,none,-1,-1,gpt,1,Yes.
107,Response,none,none,none,none,-1,-1,gpt,0,"Articles naturally tend to reflect the ideas and beliefs of the author. As a result, we sometimes have difficulty thinking of an alternative viewpoint/opinion. Are you in a position to think of alternative ways of approaching the subject in question?"
107,Context,none,none,none,none,-1,-1,gpt,1,"Yes, I think I am."
107,Response,none,none,none,none,-1,-1,gpt,0,Are you aware that we always have to carefully assess the individual strengths and weaknesses of a possible alternative explanation?
107,Context,none,none,none,none,-1,-1,gpt,1,Yes.
107,Response,none,none,none,none,-1,-1,gpt,0,Do you think by this point that an alternative explanation of the events might be more plausible than the one offered by the author?
107,Context,none,none,none,none,-1,-1,gpt,1,Probably.
107,Response,none,none,none,none,-1,-1,gpt,0,"After carefully considering the assumptions of the author, what kind of consequences might this article have on a potential future reader?"
107,Context,none,none,none,none,-1,-1,gpt,1,The article is likely to provoke negative feelings towards non-EU nationals and their sympathizers.
107,Response,none,none,none,none,-1,-1,gpt,0,What would you say is the most problematic aspect of this article (if any)?
107,Context,none,none,none,none,-1,-1,gpt,1,Overall I would say that the most problematic aspect of the article is its implicit assumptions.
107,Response,none,none,none,none,-1,-1,gpt,0,"More importantly, do you consider this article to be in accordance with your own personal experience regarding the subject?"
107,Context,none,none,none,none,-1,-1,gpt,1,"No, I don’t think so."
107,Response,none,none,none,none,-1,-1,gpt,0,How would you describe your feelings about the article after this short discussion?
107,Context,none,none,none,none,-1,-1,gpt,1,"I am still feeling disturbed by the events, but, at the same time, wary of the reasoning of the author and of where it might lead."
107,Response,none,none,none,none,-1,-1,gpt,0,"So, would you say that you are in a position to better understand the claims and assumptions being made here?"
107,Context,none,none,none,none,-1,-1,gpt,1,"Yes, I think I am."
107,Response,none,none,none,none,-1,-1,gpt,0,"If you were in the position of the author, is there anything you would change (or simply avoid) in this article?"
107,Context,none,none,none,none,-1,-1,gpt,1,I would refrain from making any implicit assumptions.
107,Response,none,none,none,none,-1,-1,gpt,0,Very well. Did you find our short discussion helpful?
107,Context,none,none,none,none,-1,-1,gpt,1,Yes.
107,Response,none,none,none,none,-1,-1,gpt,0,Is there anything more you would like to discuss with me?
107,Context,none,none,none,none,-1,-1,gpt,1,"No, thank you."
107,Response,none,none,none,none,-1,-1,gpt,0,Thank you for using TITAN!
108,Context,none,none,none,none,-1,-1,gpt,1,Hi! I want to discuss this article with you.
108,Response,none,none,none,none,-1,-1,gpt,0,Very well! Can you tell me what sparked your interest?
108,Context,none,none,none,none,-1,-1,gpt,1,I stumbled upon this strange title: “Migrants Ate My Dogs and Now It's Chaos in Lampedusa” and was really intrigued.
108,Response,none,none,none,none,-1,-1,gpt,0,"Having read the article, what would you say is the main topic?"
108,Context,none,none,none,none,-1,-1,gpt,1,The article discusses the difficulties and dangers posed (and partly faced) by the illegal migrants residing in Lampedusa.
108,Response,none,none,none,none,-1,-1,gpt,0,Were you able to identify anything unusual about it?
108,Context,none,none,none,none,-1,-1,gpt,1,I found some of the information hard to believe. I can't help but think it might be exaggerated.
108,Response,none,none,none,none,-1,-1,gpt,0,What makes you think that? Can you provide an example from the text?
108,Context,none,none,none,none,-1,-1,gpt,1,"Yes, the author recounts how a woman is “forced to clear the land on her property of piles of garbage and excrement left by the immigrants, without her desperate cry ever being heard” and how migrants “ate her dogs.” It seems hard to believe."
108,Response,none,none,none,none,-1,-1,gpt,0,Do you consider yourself well acquainted with the topic of the article?
108,Context,none,none,none,none,-1,-1,gpt,1,"No, I wouldn’t say so."
108,Response,none,none,none,none,-1,-1,gpt,0,"Sometimes, articles aren’t purely descriptive and/or informative. They provoke emotions, feelings, thoughts. How would you describe your feelings after reading this particular article?"
108,Context,none,none,none,none,-1,-1,gpt,1,"The text was certainly very emotional. I felt confused and angry, and I wasn’t entirely convinced."
108,Response,none,none,none,none,-1,-1,gpt,0,What would you say is the purpose of the article?
108,Context,none,none,none,none,-1,-1,gpt,1,"I’m not entirely sure, but the author clearly wants to highlight the dangers posed by illegal immigrants to public health."
108,Response,none,none,none,none,-1,-1,gpt,0,How does the author support his major claim? Can you identify any individual claims and/or assumptions that support the author’s main position?
108,Context,none,none,none,none,-1,-1,gpt,1,Yes.
108,Response,none,none,none,none,-1,-1,gpt,0,Can you give an example from the text?
108,Context,none,none,none,none,-1,-1,gpt,1,The author mentions the potential health risks faced by Lampedusa’s inhabitants because of the immigrants. He also describes unsanitary conditions and “piles of garbage” that seem to follow the migrants.
108,Response,none,none,none,none,-1,-1,gpt,0,What are your thoughts regarding the assumptions made by the author?
108,Context,none,none,none,none,-1,-1,gpt,1,I am not sure.
108,Response,none,none,none,none,-1,-1,gpt,0,Would you say that this text aspires to achieve something more than providing raw facts/data regarding an event?
108,Context,none,none,none,none,-1,-1,gpt,1,Yes.
108,Response,none,none,none,none,-1,-1,gpt,0,What do you think that may be?
108,Context,none,none,none,none,-1,-1,gpt,1,"I think the author is trying to convince us that illegal immigrants pose a serious threat to the well-being of the people of LampedusContext,none,none,none,none,-1,-1,gpt,1, even if it’s not entirely their fault."
108,Response,none,none,none,none,-1,-1,gpt,0,"How would you describe the language used by the author in this text (e.g., formal, offensive, emotional, etc.)?"
108,Context,none,none,none,none,-1,-1,gpt,1,"I wouldn’t say it’s particularly formal. At some points, it becomes very emotional."
108,Response,none,none,none,none,-1,-1,gpt,0,What do you think the author might be trying to achieve by using this kind of language?
108,Context,none,none,none,none,-1,-1,gpt,1,"I would say he’s aiming to present a vivid, maybe even terrifying, picture of what’s happening in Lampedusa. He appears to be trying to provoke an emotional response from the reader."
108,Response,none,none,none,none,-1,-1,gpt,0,"Stories that rely on emotion instead of plain facts can be more persuasive since they generate stronger feelings. How would you describe your feelings after reading this article (e.g., positive, negative)?"
108,Context,none,none,none,none,-1,-1,gpt,1,Mostly negative.
108,Response,none,none,none,none,-1,-1,gpt,0,"Were you aware that the spread of fake news has been positively associated with the generation of negative feelings (such as anger, injustice, etc.)?"
108,Context,none,none,none,none,-1,-1,gpt,1,"No, I was not aware."
108,Response,none,none,none,none,-1,-1,gpt,0,"Moreover, studies have shown that reliance on emotion is sometimes associated with misinformation sharing. The use of suspenseful, provocative, hyperbolic, or exaggerated language can often be misleading and a potential sign of disinformation. Can you identify any words or phrases in the text that might have these characteristics?"
108,Context,none,none,none,none,-1,-1,gpt,1,Yes.
108,Response,none,none,none,none,-1,-1,gpt,0,Do you want to give an example?
108,Context,none,none,none,none,-1,-1,gpt,1,"I can spot many phrases/words with these characteristics, such as “dramatic situation,” “desperate cry,” etc."
108,Response,none,none,none,none,-1,-1,gpt,0,It is common for emotionally charged articles to present shocking descriptions or facts. Can you identify any in the text?
108,Context,none,none,none,none,-1,-1,gpt,1,"Yes, the author paints a terrifying image of what’s happening in Lampedusa."
108,Response,none,none,none,none,-1,-1,gpt,0,"Emotional text must always be approached with extreme care. Even if a claim is accompanied by accurate information, it might be presented in a partial or twisted way. Do you feel that you should be cautious about the image presented by the author?"
108,Context,none,none,none,none,-1,-1,gpt,1,Probably.
108,Response,none,none,none,none,-1,-1,gpt,0,What makes you think so?
108,Context,none,none,none,none,-1,-1,gpt,1,"The author presents a very bleak picture of what’s happening in Lampedusa. Alongside descriptions of migrants performing physiological needs in the streets and scattering garbage, the shocking claims about the woman's dogs seem exaggerated."
108,Response,none,none,none,none,-1,-1,gpt,0,"Sometimes, provocative language can also be a product of hate speech. Hate speech is usually based on prejudices related to race, religion, ethnic or national background, sex, sexual orientation, or disability. Do you find anything offensive about the claims and assumptions made by the author?"
108,Context,none,none,none,none,-1,-1,gpt,1,I am not sure. The author certainly seems to view immigrants as a risk to public health and appears angry with the “open port policy” advocated by the government.
108,Response,none,none,none,none,-1,-1,gpt,0,Do you find these claims sufficiently justified?
108,Context,none,none,none,none,-1,-1,gpt,1,I am not sure.
108,Response,none,none,none,none,-1,-1,gpt,0,Identifying hate speech can be challenging as it’s often related to the content rather than the presence of hateful words. What evidence does the author offer in support of his/her claims?
108,Context,none,none,none,none,-1,-1,gpt,1,"The testimony of the woman who claims that immigrants ate her dogs and the account of Karin, a Tunisian immigrant living in the hotspot outside Lampedusa."
108,Response,none,none,none,none,-1,-1,gpt,0,Are you in a position to validate these claims yourself?
108,Context,none,none,none,none,-1,-1,gpt,1,"I can’t validate the woman's claim about her dogs, but I might be able to check other sources for the arguments made by Karin and the League deputy coordinator, Attilio LuciContext,none,none,none,none,-1,-1,gpt,1, regarding the sanitary conditions in Lampedusa."
108,Response,none,none,none,none,-1,-1,gpt,0,How do these claims relate to the main argument presented by the author?
108,Context,none,none,none,none,-1,-1,gpt,1,They seem to reinforce his position regarding health risks.
108,Response,none,none,none,none,-1,-1,gpt,0,"Sometimes, emotionally charged language might give us a skewed view of a situation. Do you think it’s possible we’re being presented with an unrealistic picture here?"
108,Context,none,none,none,none,-1,-1,gpt,1,"I’m not sure. I find the claim about the woman's dogs hard to believe, but I have no reason to doubt that the situation in Lampedusa is indeed serious."
108,Response,none,none,none,none,-1,-1,gpt,0,Very well. Do you consider yourself able to distinguish between the author's personal beliefs and the facts/events discussed in the text?
108,Context,none,none,none,none,-1,-1,gpt,1,I believe so.
108,Response,none,none,none,none,-1,-1,gpt,0,"When reading a text that appears emotionally charged, it’s important to be aware of different, alternative viewpoints. Does the author present any alternative ways of approaching the subject? Is he trying to be impartial?"
108,Context,none,none,none,none,-1,-1,gpt,1,"The author tries to give the impression of impartiality by presenting the testimonies of all parties involved. However, all testimonies seem to focus on health risks."
108,Response,none,none,none,none,-1,-1,gpt,0,"By focusing too much on a particular aspect, we might overlook alternative lines of reasoning. Can you think of an alternative way of approaching the subject? Could the author have been more convincing?"
108,Context,none,none,none,none,-1,-1,gpt,1,"Yes. I think the author could have focused more on ways to improve the situation in LampedusContext,none,none,none,none,-1,-1,gpt,1, such as discussing the need for better living conditions for both migrants and residents, rather than focusing solely on health risks."
108,Response,none,none,none,none,-1,-1,gpt,0,"By cross-referencing facts and checking different sources and opinions, we usually get many alternative viewpoints. Have you tried checking other sources to form a more informed opinion about this article?"
108,Context,none,none,none,none,-1,-1,gpt,1,"No, but after our discussion, I think I will."
108,Response,none,none,none,none,-1,-1,gpt,0,"After considering the assumptions made by the author and the content of the article, can you think of any consequences this text might have for a potential reader?"
108,Context,none,none,none,none,-1,-1,gpt,1,"Yes, the article is likely to provoke negative feelings towards the immigrants in Lampedusa."
108,Response,none,none,none,none,-1,-1,gpt,0,"Emotional speech/writing is more likely to provoke feelings and reactions. Hate speech, coupled with potential disinformation signals, can lead to stigmatization and discrimination. Do you think we must be cautious about the author's approach?"
108,Context,none,none,none,none,-1,-1,gpt,1,"Yes, I believe caution is warranted."
108,Response,none,none,none,none,-1,-1,gpt,0,Are the assumptions/claims made in this article consistent with your own personal experience concerning the subject?
108,Context,none,none,none,none,-1,-1,gpt,1,No.
108,Response,none,none,none,none,-1,-1,gpt,0,How would you describe this article after this short discussion?
108,Context,none,none,none,none,-1,-1,gpt,1,It’s intense and focuses on provoking negative feelings about the situation in Lampedusa without offering solutions or a full explanation of why it’s happening.
108,Response,none,none,none,none,-1,-1,gpt,0,"After this short discussion, do you feel you are in a better position to understand the characteristics of this article and its potential consequences?"
108,Context,none,none,none,none,-1,-1,gpt,1,Certainly.
108,Response,none,none,none,none,-1,-1,gpt,0,Are you able to identify any potential disinformation signals included in the text?
108,Context,none,none,none,none,-1,-1,gpt,1,Yes.
108,Response,none,none,none,none,-1,-1,gpt,0,What would you describe as the main weakness of the article?
108,Context,none,none,none,none,-1,-1,gpt,1,"The possibly deliberate use of emotional language, which in some cases borders on hate speech."
108,Response,none,none,none,none,-1,-1,gpt,0,Is there anything you would change regarding the way the author handles the subject?
108,Context,none,none,none,none,-1,-1,gpt,1,I would avoid being so sentimental and focus more on possible solutions or improvements rather than solely on the health risks posed by the immigrants.
108,Response,none,none,none,none,-1,-1,gpt,0,Did you find our discussion helpful?
108,Context,none,none,none,none,-1,-1,gpt,1,"Yes, I did."
108,Response,none,none,none,none,-1,-1,gpt,0,Is there anything else you would like to discuss with me?
108,Context,none,none,none,none,-1,-1,gpt,1,No.
108,Response,none,none,none,none,-1,-1,gpt,0,Very well! Glad I could be of help!
109,Context,none,none,none,none,-1,-1,gpt,1,"Hi, I want to talk about this article."
109,Response,none,none,none,none,-1,-1,gpt,0,That’s great! What is the subject exactly?
109,Context,none,none,none,none,-1,-1,gpt,1,The rape of an Italian girl by a Pakistani in a hospital in Bologna.
109,Response,none,none,none,none,-1,-1,gpt,0,What would you say that the main claim of the article is? Does the author try to make a point?
109,Context,none,none,none,none,-1,-1,gpt,1,"Yes, he argues that immigrants are dangerous and that the government is responsible for what transpired."
109,Response,none,none,none,none,-1,-1,gpt,0,Do you consider yourself well-acquainted with the topic of the article?
109,Context,none,none,none,none,-1,-1,gpt,1,No.
109,Response,none,none,none,none,-1,-1,gpt,0,Very well. Can you tell me what troubled you in the first place?
109,Context,none,none,none,none,-1,-1,gpt,1,The language used by the author made me feel uncomfortable.
109,Response,none,none,none,none,-1,-1,gpt,0,Can you provide me with an example from the text?
109,Context,none,none,none,none,-1,-1,gpt,1,"Yes, there are some strong phrases like “PD-branded scum” or “shitty state.”"
109,Response,none,none,none,none,-1,-1,gpt,0,"Texts/articles are capable of provoking strong emotions and feelings, sometimes even on purpose. How would you describe your feelings after reading this particular piece?"
109,Context,none,none,none,none,-1,-1,gpt,1,It made me feel uncomfortable and angry.
109,Response,none,none,none,none,-1,-1,gpt,0,Sometimes an article might not be purely descriptive and/or informative. Would you say that this particular text aspires to achieve something more aside from providing us with information regarding a fact/event?
109,Context,none,none,none,none,-1,-1,gpt,1,I am not sure.
109,Response,none,none,none,none,-1,-1,gpt,0,"Very well. Aside from providing us with information regarding the event, do you think that the author makes any claims offering us his/her opinion or interpretation of what transpired?"
109,Context,none,none,none,none,-1,-1,gpt,1,"Yes, the author clearly believes that illegal immigrants are dangerous and unwelcome in Italy."
109,Response,none,none,none,none,-1,-1,gpt,0,What makes you think that? Can you give me an example from the text?
109,Context,none,none,none,none,-1,-1,gpt,1,"The author uses words like “scum” to describe the Pakistani immigrant. Apparently, he also believes that hospitals have become hotels for these people."
109,Response,none,none,none,none,-1,-1,gpt,0,"Would you, by any chance, describe the language used by the author in this article as emotional? Maybe even slightly provoking?"
109,Context,none,none,none,none,-1,-1,gpt,1,"Yes, certainly."
109,Response,none,none,none,none,-1,-1,gpt,0,"While the use of strong and/or emotional language in a text might be relatively common, rarely would an author resort to its use without any purpose. Are you able to say why the author resorts to such a writing technique?"
109,Context,none,none,none,none,-1,-1,gpt,1,I am not sure. Maybe the author tries to express his feelings or provoke a similar reaction in his readers?
109,Response,none,none,none,none,-1,-1,gpt,0,"The use of strong and/or emotional language usually results in more evident, if not more biased, claims. Do you think that the claims made by the author in this article can be considered well-founded?"
109,Context,none,none,none,none,-1,-1,gpt,1,I’m not sure.
109,Response,none,none,none,none,-1,-1,gpt,0,"Do you think you are able to provide me with an example of a biased claim? If you think you can find any in the text, that’s even better."
109,Context,none,none,none,none,-1,-1,gpt,1,"Well, the author claims without apparent reason that the woman who brought the Pakistani to the hospital and the “goodists in the government” are complicit in the rape."
109,Response,none,none,none,none,-1,-1,gpt,0,"Are you aware that, sometimes, the use of strong and/or provocative language can be a product of hate speech?"
109,Context,none,none,none,none,-1,-1,gpt,1,Yes.
109,Response,none,none,none,none,-1,-1,gpt,0,Are you by any chance able to identify anything offensive about the claims or statements made in the text?
109,Context,none,none,none,none,-1,-1,gpt,1,Yes.
109,Response,none,none,none,none,-1,-1,gpt,0,"Hate speech, unlike other forms of offensive speech/writing, is usually based on prejudices regarding ethnicity, race, sex, sexual orientation, or even religion. Do you feel that it’s possible any of the assumptions made might have any of the aforementioned characteristics?"
109,Context,none,none,none,none,-1,-1,gpt,1,Yes.
109,Response,none,none,none,none,-1,-1,gpt,0,Can you give me an example from the text?
109,Context,none,none,none,none,-1,-1,gpt,1,The Pakistani is described as sleeping in the hospital “at the expense of Italians.”
109,Response,none,none,none,none,-1,-1,gpt,0,Very good. Do you feel like you can identify any potentially problematic claims/statements made by the author?
109,Context,none,none,none,none,-1,-1,gpt,1,"Yes, he assumes that immigrants have a specific dangerous profile and that people who do not agree must be denounced."
109,Response,none,none,none,none,-1,-1,gpt,0,And why do you think the author makes these assumptions (if any)?
109,Context,none,none,none,none,-1,-1,gpt,1,I don’t know. Maybe he is just scared of Pakistanis?
109,Response,none,none,none,none,-1,-1,gpt,0,"Sometimes, even if the information provided by the author is accurate, his or her claims might still be faulty or offensive. Do you feel that the assumptions made by the author are sufficiently justified?"
109,Context,none,none,none,none,-1,-1,gpt,1,I don’t know.
109,Response,none,none,none,none,-1,-1,gpt,0,Let’s try validating a claim. Do you think you can single out one from the text?
109,Context,none,none,none,none,-1,-1,gpt,1,Yes. The part about hospitals being hotels for illegal immigrants.
109,Response,none,none,none,none,-1,-1,gpt,0,Great. What evidence is offered in support of this claim? Does the author provide us with adequate information?
109,Context,none,none,none,none,-1,-1,gpt,1,"No, I cannot find any information or evidence that supports this claim."
109,Response,none,none,none,none,-1,-1,gpt,0,Do you think that you are somehow able to validate this claim yourself?
109,Context,none,none,none,none,-1,-1,gpt,1,"No, I don’t think I can."
109,Response,none,none,none,none,-1,-1,gpt,0,What about other claims being made in the article? Do they have similar characteristics? Are you in a position to validate them?
109,Context,none,none,none,none,-1,-1,gpt,1,I have to admit that most of the claims made by the author are difficult to validate.
109,Response,none,none,none,none,-1,-1,gpt,0,We must always be aware of claims that are proving difficult to validate. Especially when these claims/assumptions might be based on biased beliefs or have an offensive character. Do you think you are able to distinguish between any potentially biased claims made by the author and the facts/events discussed in the text?
109,Context,none,none,none,none,-1,-1,gpt,1,"Yes, I think I am."
109,Response,none,none,none,none,-1,-1,gpt,0,"If you’ve managed to spot any offensive statements or claims that do not appear well supported, is it possible to identify them as a typical case of hate speech or at least emotional language?"
109,Context,none,none,none,none,-1,-1,gpt,1,"Yes, definitely."
109,Response,none,none,none,none,-1,-1,gpt,0,Can you tell me why?
109,Context,none,none,none,none,-1,-1,gpt,1,"Yes, in most cases the author stresses the racial and ethnic characteristics of the perpetrator, indirectly claiming that these characteristics led to the rape of the 23-year-old."
109,Response,none,none,none,none,-1,-1,gpt,0,"Regardless of the appeal (or not) an explanation might have, it is always important to think or search for alternative viewpoints/opinions. Are you, by any chance, able to think of an alternative way(s) of approaching this particular subject?"
109,Context,none,none,none,none,-1,-1,gpt,1,Yes.
109,Response,none,none,none,none,-1,-1,gpt,0,Can you give me an example?
109,Context,none,none,none,none,-1,-1,gpt,1,"I think the rape of the girl might not have been connected to the ethnic identity of the perpetrator. Even if it were, there’s not enough evidence to assume so. On the other hand, there is certainly no evidence to support the complicity of any “goodists,” whether the woman or the government."
109,Response,none,none,none,none,-1,-1,gpt,0,"Since an event can actually be interpreted in many different ways, we have to carefully assess the individual strengths and weaknesses of a possible alternative viewpoint. Can you think of any potential strengths a different approach might have in this case?"
109,Context,none,none,none,none,-1,-1,gpt,1,Yes. I believe it’s important to avoid generalizing and accusing whole groups of people without sufficient evidence.
109,Response,none,none,none,none,-1,-1,gpt,0,Very well! And what about any weaknesses? Can you think of any?
109,Context,none,none,none,none,-1,-1,gpt,1,I am not sure.
109,Response,none,none,none,none,-1,-1,gpt,0,Can you maybe think of any potential consequences that this article might have for another reader?
109,Context,none,none,none,none,-1,-1,gpt,1,"Yes. I think the article is likely to provoke negative feelings towards immigrants, especially Pakistanis."
109,Response,none,none,none,none,-1,-1,gpt,0,Do you believe that the assumptions/claims of the article are consistent with your own personal experience on the subject (if any)?
109,Context,none,none,none,none,-1,-1,gpt,1,I’m not sure they are.
109,Response,none,none,none,none,-1,-1,gpt,0,"After this short discussion, what are your feelings towards this article?"
109,Context,none,none,none,none,-1,-1,gpt,1,I am reluctant towards the motives and assumptions of the author since they do not appear to be well supported.
109,Response,none,none,none,none,-1,-1,gpt,0,Are you able to form an alternative argument even if you feel that you agree with the author?
109,Context,none,none,none,none,-1,-1,gpt,1,"Yes, I think I can."
109,Response,none,none,none,none,-1,-1,gpt,0,What would you say is the most problematic thing about this article (if any)?
109,Context,none,none,none,none,-1,-1,gpt,1,I believe the use of strong and emotional language clearly borders on hate speech. The author appears to be hostile towards immigrants in general.
109,Response,none,none,none,none,-1,-1,gpt,0,Are you in a position to form a solid argument in support of your claims?
109,Context,none,none,none,none,-1,-1,gpt,1,"Yes, I think I am."
109,Response,none,none,none,none,-1,-1,gpt,0,"So, did you find our discussion helpful?"
109,Context,none,none,none,none,-1,-1,gpt,1,Yes.
109,Response,none,none,none,none,-1,-1,gpt,0,Is there anything more you would like to discuss with me?
109,Context,none,none,none,none,-1,-1,gpt,1,"No, thank you."
109,Response,none,none,none,none,-1,-1,gpt,0,Thank you for using TITAN!
110,Context,none,none,none,none,-1,-1,gpt,1,Hi there!
110,Response,none,none,none,none,-1,-1,gpt,0,Have you read the article “They Knew: Why Didn’t the Unvaccinated Do More to Warn Us”?
110,Context,none,none,none,none,-1,-1,gpt,1,"Yes, I have."
110,Response,none,none,none,none,-1,-1,gpt,0,What do you think the article is about?
110,Context,none,none,none,none,-1,-1,gpt,1,It is about vaccines.
110,Response,none,none,none,none,-1,-1,gpt,0,Could you be more specific? Is there a central claim in this article?
110,Context,none,none,none,none,-1,-1,gpt,1,"Yes, there is. The article claims that unvaccinated people did nothing to help those who got vaccinated."
110,Response,none,none,none,none,-1,-1,gpt,0,What do you mean by that?
110,Context,none,none,none,none,-1,-1,gpt,1,It suggests that unvaccinated people should have warned the vaccinated about the dangers of the vaccine.
110,Response,none,none,none,none,-1,-1,gpt,0,Could you explain that further?
110,Context,none,none,none,none,-1,-1,gpt,1,"The article implies that unvaccinated people knew the vaccine was harmful but chose to remain silent, allowing others to get vaccinated."
110,Response,none,none,none,none,-1,-1,gpt,0,What do you think about this?
110,Context,none,none,none,none,-1,-1,gpt,1,"I’m unsure. If it’s true, that would be very bad, but I don’t really know."
110,Response,none,none,none,none,-1,-1,gpt,0,Why do you say you are unsure?
110,Context,none,none,none,none,-1,-1,gpt,1,I’m not sure whether the article is trustworthy.
110,Response,none,none,none,none,-1,-1,gpt,0,Would you like me to help you with this?
110,Context,none,none,none,none,-1,-1,gpt,1,Yes.
110,Response,none,none,none,none,-1,-1,gpt,0,Where can you find this claim in the article? You may copy and paste the text.
110,Context,none,none,none,none,-1,-1,gpt,1,"“They knew that vaccines did not immunize us. They knew it wasn’t effective, and that they can cause more harm than good. They knew all of that, but instead of warning us, the unvaccinated chose to remain silent.”"
110,Response,none,none,none,none,-1,-1,gpt,0,Which assumptions does this claim make?
110,Context,none,none,none,none,-1,-1,gpt,1,What do you mean?
110,Response,none,none,none,none,-1,-1,gpt,0,On what knowledge does this claim base itself?
110,Context,none,none,none,none,-1,-1,gpt,1,It assumes that vaccinated people knew vaccines were dangerous.
110,Response,none,none,none,none,-1,-1,gpt,0,Is that the only prior knowledge on which this claim builds?
110,Context,none,none,none,none,-1,-1,gpt,1,I’m not sure.
110,Response,none,none,none,none,-1,-1,gpt,0,Do you know what an implicit assumption is?
110,Context,none,none,none,none,-1,-1,gpt,1,No.
110,Response,none,none,none,none,-1,-1,gpt,0,Would you like to know more via this microlesson?
110,Context,none,none,none,none,-1,-1,gpt,1,Yes.
110,Response,none,none,none,none,-1,-1,gpt,0,So would you say the claim in the article has an implicit assumption?
110,Context,none,none,none,none,-1,-1,gpt,1,"Yes, it assumes that vaccines are bad for you."
110,Response,none,none,none,none,-1,-1,gpt,0,"So now that we know all the claims this article is really making, we can look at the argumentation for these claims. What evidence is there to support this?"
110,Context,none,none,none,none,-1,-1,gpt,1,I don’t understand. They say in the article that unvaccinated people knew this and did nothing.
110,Response,none,none,none,none,-1,-1,gpt,0,Does the article give any proof of this or a reason to believe it?
110,Context,none,none,none,none,-1,-1,gpt,1,How could I see that?
110,Response,none,none,none,none,-1,-1,gpt,0,Does the article give extra information such as data or references to trustworthy sources to back the claim?
110,Context,none,none,none,none,-1,-1,gpt,1,"No, it doesn’t."
110,Response,none,none,none,none,-1,-1,gpt,0,So how could you verify this claim?
110,Context,none,none,none,none,-1,-1,gpt,1,"I’m not sure. You can’t, I suppose."
110,Response,none,none,none,none,-1,-1,gpt,0,Is there any other reason to believe the author of the article could know these things or have access to particular information?
110,Context,none,none,none,none,-1,-1,gpt,1,The author is not known.
110,Response,none,none,none,none,-1,-1,gpt,0,"Based on this, would you say that the argumentation of this claim is solid?"
110,Context,none,none,none,none,-1,-1,gpt,1,I guess not.
110,Response,none,none,none,none,-1,-1,gpt,0,Does the article give any alternative viewpoints for this claim?
110,Context,none,none,none,none,-1,-1,gpt,1,What do you mean?
110,Response,none,none,none,none,-1,-1,gpt,0,Does the article give counterarguments in order to report both sides of the story?
110,Context,none,none,none,none,-1,-1,gpt,1,"No, it does not."
110,Response,none,none,none,none,-1,-1,gpt,0,Could you think of an alternative viewpoint on this issue?
110,Context,none,none,none,none,-1,-1,gpt,1,"Yes, I suppose vaccines could actually be good for people."
110,Response,none,none,none,none,-1,-1,gpt,0,Does the article give any arguments to disprove this alternative viewpoint?
110,Context,none,none,none,none,-1,-1,gpt,1,"It says that vaccines are bad for us, but not why."
110,Response,none,none,none,none,-1,-1,gpt,0,Would you say the article is balanced or rather one-sided?
110,Context,none,none,none,none,-1,-1,gpt,1,It is rather one-sided.
110,Response,none,none,none,none,-1,-1,gpt,0,Why would that be?
110,Context,none,none,none,none,-1,-1,gpt,1,Maybe because they want to persuade me.
110,Response,none,none,none,none,-1,-1,gpt,0,Could you think of any other reasons why they wouldn’t give any alternative viewpoints?
110,Context,none,none,none,none,-1,-1,gpt,1,"Maybe because they don’t know the others, or the others might be stronger."
110,Response,none,none,none,none,-1,-1,gpt,0,What effect does this article have on you?
110,Context,none,none,none,none,-1,-1,gpt,1,It makes me angry and frustrated.
110,Response,none,none,none,none,-1,-1,gpt,0,Why do you say that?
110,Context,none,none,none,none,-1,-1,gpt,1,Because it makes me feel like I was misled and treated badly. It makes me worried about my health.
110,Response,none,none,none,none,-1,-1,gpt,0,"Would you say that the claim leading to this feeling is solid, based on our conversation?"
110,Context,none,none,none,none,-1,-1,gpt,1,I would say not.
110,Response,none,none,none,none,-1,-1,gpt,0,Do you now feel more confident about your skill to assess the trustworthiness of this article?
110,Context,none,none,none,none,-1,-1,gpt,1,"Yes, I do. I don’t think it is really trustworthy."
110,Response,none,none,none,none,-1,-1,gpt,0,Why do you think that?
110,Context,none,none,none,none,-1,-1,gpt,1,Because it has implicit assumptions and does not provide arguments to support its claims.
110,Response,none,none,none,none,-1,-1,gpt,0,Are you satisfied with our conversation or would you like to know more about the article?
110,Context,none,none,none,none,-1,-1,gpt,1,I am satisfied.
110,Response,none,none,none,none,-1,-1,gpt,0,Thank you for using TITAN!
111,Context,none,none,none,none,-1,-1,gpt,1,Hi there!
111,Response,none,none,none,none,-1,-1,gpt,0,Have you read the article “Politicians Appearing in Entertainment Television Are Also Campaigning”?
111,Context,none,none,none,none,-1,-1,gpt,1,"Yes, I have."
111,Response,none,none,none,none,-1,-1,gpt,0,What do you think the article is about?
111,Context,none,none,none,none,-1,-1,gpt,1,It’s about celebrity politics and how politicians appearing on entertainment media might distort democratic processes and be detrimental to politics.
111,Response,none,none,none,none,-1,-1,gpt,0,What does the article mean by that?
111,Context,none,none,none,none,-1,-1,gpt,1,"It suggests that we should be cautious about allowing politicians to participate in entertainment programs, as it risks turning them into celebrities rather than focusing on their political roles."
111,Response,none,none,none,none,-1,-1,gpt,0,What do you think about this?
111,Context,none,none,none,none,-1,-1,gpt,1,"The article makes an interesting point, but sometimes I feel it stretches the argument a bit too far."
111,Response,none,none,none,none,-1,-1,gpt,0,Would you like me to help you with this?
111,Context,none,none,none,none,-1,-1,gpt,1,Yes.
111,Response,none,none,none,none,-1,-1,gpt,0,Why do you say the article is going a bit too far?
111,Context,none,none,none,none,-1,-1,gpt,1,Because I think the author sometimes makes bold statements that lack nuance.
111,Response,none,none,none,none,-1,-1,gpt,0,Could you give an example? You may copy and paste the text.
111,Context,none,none,none,none,-1,-1,gpt,1,"“Because if politicians become celebrities, celebrities become politicians, voting becomes a tele-voting gameshow and politics dies.”"
111,Response,none,none,none,none,-1,-1,gpt,0,Why do you doubt this statement?
111,Context,none,none,none,none,-1,-1,gpt,1,I feel like the author might be exaggerating.
111,Response,none,none,none,none,-1,-1,gpt,0,What makes you think that?
111,Context,none,none,none,none,-1,-1,gpt,1,"The word “dies,” for instance."
111,Response,none,none,none,none,-1,-1,gpt,0,What’s the problem with that?
111,Context,none,none,none,none,-1,-1,gpt,1,It seems overly dramatic.
111,Response,none,none,none,none,-1,-1,gpt,0,Do you know what sensational language is?
111,Context,none,none,none,none,-1,-1,gpt,1,"Yes, it’s exaggerated language, using strong words to attract readers' attention."
111,Response,none,none,none,none,-1,-1,gpt,0,Would you like to know more via this microlesson?
111,Context,none,none,none,none,-1,-1,gpt,1,No.
111,Response,none,none,none,none,-1,-1,gpt,0,Would you say this is sensational language?
111,Context,none,none,none,none,-1,-1,gpt,1,Yes.
111,Response,none,none,none,none,-1,-1,gpt,0,Why do you think that?
111,Context,none,none,none,none,-1,-1,gpt,1,"Because politics wouldn’t actually “die,” as the statement suggests."
111,Response,none,none,none,none,-1,-1,gpt,0,Why would the author use sensational language?
111,Context,none,none,none,none,-1,-1,gpt,1,To attract attention.
111,Response,none,none,none,none,-1,-1,gpt,0,Why would the author want to do that?
111,Context,none,none,none,none,-1,-1,gpt,1,To persuade or even mislead readers.
111,Response,none,none,none,none,-1,-1,gpt,0,Are you saying the author uses sensational language to persuade you of a claim?
111,Context,none,none,none,none,-1,-1,gpt,1,Yes.
111,Response,none,none,none,none,-1,-1,gpt,0,Why would the author do that?
111,Context,none,none,none,none,-1,-1,gpt,1,Because the topic is important to them.
111,Response,none,none,none,none,-1,-1,gpt,0,Could there be another reason for this?
111,Context,none,none,none,none,-1,-1,gpt,1,What do you mean?
111,Response,none,none,none,none,-1,-1,gpt,0,Is there another way to look at this sensational language?
111,Context,none,none,none,none,-1,-1,gpt,1,Maybe the author wants to make the text more engaging.
111,Response,none,none,none,none,-1,-1,gpt,0,Why would the author want to do this?
111,Context,none,none,none,none,-1,-1,gpt,1,For creative writing purposes.
111,Response,none,none,none,none,-1,-1,gpt,0,Are there other reasons in the text to believe the author might want to mislead you?
111,Context,none,none,none,none,-1,-1,gpt,1,What do you mean?
111,Response,none,none,none,none,-1,-1,gpt,0,Is there more sensational language elsewhere in the text?
111,Context,none,none,none,none,-1,-1,gpt,1,Not really.
111,Response,none,none,none,none,-1,-1,gpt,0,So what would you say is the most probable function of this sensational language?
111,Context,none,none,none,none,-1,-1,gpt,1,To make the language more impactful.
111,Response,none,none,none,none,-1,-1,gpt,0,What would be the effect of this?
111,Context,none,none,none,none,-1,-1,gpt,1,It would make people more interested in reading the article.
111,Response,none,none,none,none,-1,-1,gpt,0,What do you think of that?
111,Context,none,none,none,none,-1,-1,gpt,1,I guess it’s part of the job.
111,Response,none,none,none,none,-1,-1,gpt,0,So how would you assess the trustworthiness of the article?
111,Context,none,none,none,none,-1,-1,gpt,1,"It’s trustworthy, despite the sensational language at the end."
111,Response,none,none,none,none,-1,-1,gpt,0,Is there reason to distrust the rest of the article?
111,Context,none,none,none,none,-1,-1,gpt,1,Not immediately.
111,Response,none,none,none,none,-1,-1,gpt,0,Are you satisfied with our conversation or would you like to know more about the article?
111,Context,none,none,none,none,-1,-1,gpt,1,I am satisfied.
111,Response,none,none,none,none,-1,-1,gpt,0,Thank you for using TITAN!
112,Context,none,none,none,none,-1,-1,gpt,1,Hello!
112,Response,none,none,none,none,-1,-1,gpt,0,You've selected the article “The Government is Spying on You Through LED Lighting!!”
112,Context,none,none,none,none,-1,-1,gpt,1,Yes.
112,Response,none,none,none,none,-1,-1,gpt,0,What is the main issue in the article?
112,Context,none,none,none,none,-1,-1,gpt,1,The article claims that governments and large corporations are using LED lights to monitor individuals through the Internet of Things.
112,Response,none,none,none,none,-1,-1,gpt,0,What caught your attention about this article?
112,Context,none,none,none,none,-1,-1,gpt,1,The topic is extremely interesting and raises a major concern.
112,Response,none,none,none,none,-1,-1,gpt,0,What do you already know about the issue?
112,Context,none,none,none,none,-1,-1,gpt,1,This is the first time I've heard about this issue.
112,Response,none,none,none,none,-1,-1,gpt,0,Would you like to learn more about the quality of reasoning in this article?
112,Context,none,none,none,none,-1,-1,gpt,1,Certainly!
112,Response,none,none,none,none,-1,-1,gpt,0,Good reasoning or sound reasoning involves avoiding logical fallacies or errors in an argument.
112,Context,none,none,none,none,-1,-1,gpt,1,That’s helpful.
112,Response,none,none,none,none,-1,-1,gpt,0,Would you like me to assist you in identifying logical fallacies in this article?
112,Context,none,none,none,none,-1,-1,gpt,1,"Yes, but I don’t know what a logical fallacy is exactly."
112,Response,none,none,none,none,-1,-1,gpt,0,A logical fallacy is a flaw in reasoning that makes an argument invalid or unsound. It can make an argument potentially misleading.
112,Context,none,none,none,none,-1,-1,gpt,1,That’s useful.
112,Response,none,none,none,none,-1,-1,gpt,0,We can focus on a logical fallacy called Appeal to Authority (argumentum ad auctoritatem).
112,Context,none,none,none,none,-1,-1,gpt,1,Fine!
112,Response,none,none,none,none,-1,-1,gpt,0,Would you like to learn more about this logical fallacy?
112,Context,none,none,none,none,-1,-1,gpt,1,Yes.
112,Response,none,none,none,none,-1,-1,gpt,0,"Appeal to Authority (argumentum ad auctoritatem) occurs when a claim is supported by relying on the expertise of an authority figure, or an expert in a field, rather than on sound reasoning or objective evidence."
112,Context,none,none,none,none,-1,-1,gpt,1,Can you provide an example?
112,Response,none,none,none,none,-1,-1,gpt,0,Here is an example: “You should take vitamins A and C because experts in healthcare said they are the best.” Can you identify the logical fallacy in this claim?
112,Context,none,none,none,none,-1,-1,gpt,1,Not really. This claim is based on the expertise of healthcare specialists.
112,Response,none,none,none,none,-1,-1,gpt,0,"Yes, but is there any evidence provided to support the claim?"
112,Context,none,none,none,none,-1,-1,gpt,1,No.
112,Response,none,none,none,none,-1,-1,gpt,0,This is why this example is a case of an Appeal to Authority fallacy.
112,Context,none,none,none,none,-1,-1,gpt,1,Can you clarify?
112,Response,none,none,none,none,-1,-1,gpt,0,"The claim urges us to use vitamins because experts said so, without providing sound reasoning or objective evidence."
112,Context,none,none,none,none,-1,-1,gpt,1,That’s informative.
112,Response,none,none,none,none,-1,-1,gpt,0,Can you identify a similar practice in the article?
112,Context,none,none,none,none,-1,-1,gpt,1,"Yes, I think the following statement “University research all over the world has shown that LED-lighting is bad for your eyes.”"
112,Response,none,none,none,none,-1,-1,gpt,0,What led you to that decision?
112,Context,none,none,none,none,-1,-1,gpt,1,The expression “university research” appeals to the authority of university researchers.
112,Response,none,none,none,none,-1,-1,gpt,0,"Yes, but can we admit that university research is conducted by experts with careful scientific research published in reputable journals?"
112,Context,none,none,none,none,-1,-1,gpt,1,"Yes, we can admit that."
112,Response,none,none,none,none,-1,-1,gpt,0,"So, why do you suggest that this could be an Appeal to Authority fallacy?"
112,Context,none,none,none,none,-1,-1,gpt,1,"There is no evidence provided to support the claim, and no cited sources."
112,Response,none,none,none,none,-1,-1,gpt,0,"Brilliant! So, the statement can be called into question."
112,Context,none,none,none,none,-1,-1,gpt,1,Yes.
112,Response,none,none,none,none,-1,-1,gpt,0,Are there any alternative viewpoints?
112,Context,none,none,none,none,-1,-1,gpt,1,"Perhaps, no."
112,Response,none,none,none,none,-1,-1,gpt,0,"What about claiming that despite the unspecified evidence of the assertion, the conclusion might still be correct?"
112,Context,none,none,none,none,-1,-1,gpt,1,How is this possible? I’m not sure.
112,Response,none,none,none,none,-1,-1,gpt,0,Your question is valid. We need further reasons to doubt the validity of the statement.
112,Context,none,none,none,none,-1,-1,gpt,1,Yes.
112,Response,none,none,none,none,-1,-1,gpt,0,Is there any additional reason to doubt the validity of the statement?
112,Context,none,none,none,none,-1,-1,gpt,1,I am not sure.
112,Response,none,none,none,none,-1,-1,gpt,0,"Consider the assertion in the statement that university research is globally applicable, “all over the world.”"
112,Context,none,none,none,none,-1,-1,gpt,1,That’s interesting.
112,Response,none,none,none,none,-1,-1,gpt,0,"The phrase is a generalization, suggesting something is universally true."
112,Context,none,none,none,none,-1,-1,gpt,1,That’s helpful.
112,Response,none,none,none,none,-1,-1,gpt,0,"Drawing a conclusion based on limited evidence can result in another logical fallacy, known as Hasty Generalization."
112,Context,none,none,none,none,-1,-1,gpt,1,Could you please explain further?
112,Response,none,none,none,none,-1,-1,gpt,0,"A Hasty Generalization occurs when conclusions are drawn about an entire group based on insufficient evidence, often relying on stereotypes."
112,Context,none,none,none,none,-1,-1,gpt,1,Can you provide an example?
112,Response,none,none,none,none,-1,-1,gpt,0,Consider the claim: “A group of teenagers sabotaged the exhibition. There is no doubt that teenagers are reckless and vicious.”
112,Context,none,none,none,none,-1,-1,gpt,1,That’s informative.
112,Response,none,none,none,none,-1,-1,gpt,0,"So, do you think that statement is also subject to a Hasty Generalization fallacy?"
112,Context,none,none,none,none,-1,-1,gpt,1,Yes.
112,Response,none,none,none,none,-1,-1,gpt,0,Are there any consequences of accepting such statements?
112,Context,none,none,none,none,-1,-1,gpt,1,I don’t think there are any serious implications.
112,Response,none,none,none,none,-1,-1,gpt,0,"Could a fallacious claim, which relies on Hasty Generalization and Appeals to Authority, cause unwarranted anxiety or unnecessary fear in the reader?"
112,Context,none,none,none,none,-1,-1,gpt,1,"Yes, if taken seriously."
112,Response,none,none,none,none,-1,-1,gpt,0,"Moreover, do you agree that the statement might lead to mistrust in LED-lighting technologies and their possible advantages?"
112,Context,none,none,none,none,-1,-1,gpt,1,"Yes, I agree."
112,Response,none,none,none,none,-1,-1,gpt,0,Would you like to learn more about the implications and consequences of disinformation?
112,Context,none,none,none,none,-1,-1,gpt,1,No.
112,Response,none,none,none,none,-1,-1,gpt,0,Was it appropriate to check the article for the Appeal to Authority fallacy?
112,Context,none,none,none,none,-1,-1,gpt,1,"Yes, definitely."
112,Response,none,none,none,none,-1,-1,gpt,0,Do you agree that a claim relying on unsupported authority and broad generalizations is not only invalid but also carries potential negative consequences?
112,Context,none,none,none,none,-1,-1,gpt,1,"Yes, indeed."
112,Response,none,none,none,none,-1,-1,gpt,0,"So, considering the Appeal to Authority fallacy, the claim should be doubted, and the article is in question."
112,Context,none,none,none,none,-1,-1,gpt,1,Yes.
112,Response,none,none,none,none,-1,-1,gpt,0,"We can also assert that the argument is not valid, as the evidence provided is insufficient to support the claim."
112,Context,none,none,none,none,-1,-1,gpt,1,Correct.
112,Response,none,none,none,none,-1,-1,gpt,0,What would be a recommended course of action once an Appeal to Authority fallacy has been identified?
112,Context,none,none,none,none,-1,-1,gpt,1,I am not sure.
112,Response,none,none,none,none,-1,-1,gpt,0,I would suggest examining the validity of the statement by finding reliable evidence and unbiased sources.
112,Context,none,none,none,none,-1,-1,gpt,1,That’s a good suggestion.
112,Response,none,none,none,none,-1,-1,gpt,0,Would you recommend any additional evaluation of the article?
112,Context,none,none,none,none,-1,-1,gpt,1,"Perhaps, the article should be checked for more logical fallacies."
112,Response,none,none,none,none,-1,-1,gpt,0,Would you like further assistance?
112,Context,none,none,none,none,-1,-1,gpt,1,No.
112,Response,none,none,none,none,-1,-1,gpt,0,Thank you for using TITAN!
113,Context,none,none,none,none,-1,-1,gpt,1,Hello!
113,Response,none,none,none,none,-1,-1,gpt,0,You've selected the article “The Government is Spying on You Through LED Lighting!!”
113,Context,none,none,none,none,-1,-1,gpt,1,Yes.
113,Response,none,none,none,none,-1,-1,gpt,0,What is the main issue in the article?
113,Context,none,none,none,none,-1,-1,gpt,1,The article claims that governments and large corporations are using LED lights to monitor individuals through the Internet of Things. It also discusses serious implications for our health and political freedoms regarding LED lighting.
113,Response,none,none,none,none,-1,-1,gpt,0,What caught your attention about this article?
113,Context,none,none,none,none,-1,-1,gpt,1,"While the topic is extremely interesting, the website source appears untrustworthy, as it claims to provide 'The Truth About Technology.'"
113,Response,none,none,none,none,-1,-1,gpt,0,That’s a good reason. What about the claims and the language of the article?
113,Context,none,none,none,none,-1,-1,gpt,1,"The topic and language seem unusual, and there is limited reasoning and evidence to support the claims."
113,Response,none,none,none,none,-1,-1,gpt,0,Can you provide an example?
113,Context,none,none,none,none,-1,-1,gpt,1,There is no evidence provided that large corporations and the government are forcing people to replace regular lights with LED lights.
113,Response,none,none,none,none,-1,-1,gpt,0,What do you already know about the issue?
113,Context,none,none,none,none,-1,-1,gpt,1,This is the first time I've heard about this issue.
113,Response,none,none,none,none,-1,-1,gpt,0,Would you like to learn more about the quality of reasoning in this article?
113,Context,none,none,none,none,-1,-1,gpt,1,"Certainly, yes!"
113,Response,none,none,none,none,-1,-1,gpt,0,Would you like me to provide guidance on how to check for logical fallacies in this article?
113,Context,none,none,none,none,-1,-1,gpt,1,That would be useful.
113,Response,none,none,none,none,-1,-1,gpt,0,We can focus on a logical fallacy called Bandwagon. Do you agree?
113,Context,none,none,none,none,-1,-1,gpt,1,"Yes, and I would like to learn more about this logical fallacy."
113,Response,none,none,none,none,-1,-1,gpt,0,Bandwagon occurs when a claim is supported by stating that ‘everyone’ believes or acts in a particular way.
113,Context,none,none,none,none,-1,-1,gpt,1,Can you provide an example?
113,Response,none,none,none,none,-1,-1,gpt,0,Here is an example: “It’s fine to cheat on exams because it’s a common practice.” Can you identify the logical fallacy in this claim?
113,Context,none,none,none,none,-1,-1,gpt,1,"Yes, in my view, cheating on exams can’t be acceptable, regardless of how common it may be."
113,Response,none,none,none,none,-1,-1,gpt,0,Brilliant! Can you identify a similar practice in the article?
113,Context,none,none,none,none,-1,-1,gpt,1,"Yes, I think the following statement: “We all know that LED came out of nowhere and is taking over everything now.”"
113,Response,none,none,none,none,-1,-1,gpt,0,What led you to that decision?
113,Context,none,none,none,none,-1,-1,gpt,1,The statement assumes that LED lighting is gaining widespread acceptance without providing evidence to support the claim.
113,Response,none,none,none,none,-1,-1,gpt,0,Can you identify any other misleading expression in the statement?
113,Context,none,none,none,none,-1,-1,gpt,1,"Yes, the alleged common agreement that LED lighting “came out of nowhere.”"
113,Response,none,none,none,none,-1,-1,gpt,0,"So, do you think we have a case of a Bandwagon fallacy?"
113,Context,none,none,none,none,-1,-1,gpt,1,Yes. The claim for the widespread acceptance of LED lighting is not based on concrete evidence but on the assumption of an alleged agreement that it came out of nowhere.
113,Response,none,none,none,none,-1,-1,gpt,0,"Perfect! So, the statement can be called into question."
113,Context,none,none,none,none,-1,-1,gpt,1,Yes.
113,Response,none,none,none,none,-1,-1,gpt,0,Are there alternative viewpoints?
113,Context,none,none,none,none,-1,-1,gpt,1,"Yes, even though the statement includes a logical fallacy, LED lighting is gaining widespread acceptance."
113,Response,none,none,none,none,-1,-1,gpt,0,"That’s correct, but can we draw a valid conclusion on unspecified evidence?"
113,Context,none,none,none,none,-1,-1,gpt,1,"No, this is not possible."
113,Response,none,none,none,none,-1,-1,gpt,0,"Drawing a conclusion based on limited or insufficient evidence can result in another logical fallacy, known as Hasty Generalization."
113,Context,none,none,none,none,-1,-1,gpt,1,Could you please explain further?
113,Response,none,none,none,none,-1,-1,gpt,0,"A Hasty Generalization occurs when conclusions are drawn about an entire group or category based on insufficient or limited evidence, often relying on stereotypes."
113,Context,none,none,none,none,-1,-1,gpt,1,Can you provide an example?
113,Response,none,none,none,none,-1,-1,gpt,0,Consider the claim: “A group of teenagers sabotaged the exhibition. There is no doubt that teenagers are reckless and vicious.”
113,Context,none,none,none,none,-1,-1,gpt,1,That’s informative.
113,Response,none,none,none,none,-1,-1,gpt,0,Do you think the conclusion of the statement is uncertain and overly broad due to a hasty generalization that relies on exaggeration and insufficient evidence?
113,Context,none,none,none,none,-1,-1,gpt,1,"Yes, I agree."
113,Response,none,none,none,none,-1,-1,gpt,0,"Additionally, are there any consequences of accepting the statement?"
113,Context,none,none,none,none,-1,-1,gpt,1,I think that such a fallacious claim might lead to an uncritical disbelief about LED lighting.
113,Response,none,none,none,none,-1,-1,gpt,0,How would this affect someone?
113,Context,none,none,none,none,-1,-1,gpt,1,This might cause unnecessary fear in the reader.
113,Response,none,none,none,none,-1,-1,gpt,0,What would be the result?
113,Context,none,none,none,none,-1,-1,gpt,1,It's unfair to make the reader feel subject to a privacy concern.
113,Response,none,none,none,none,-1,-1,gpt,0,"So, there is an ethical implication of the statement."
113,Context,none,none,none,none,-1,-1,gpt,1,"Yes, indeed."
113,Response,none,none,none,none,-1,-1,gpt,0,Can you see an immediate result of this practice in the text?
113,Context,none,none,none,none,-1,-1,gpt,1,"In my view, it leads to the next claim in the article, that LED lights are “connected to the Internet of Things,” and so to worldwide citizens’ control by governments and large corporations."
113,Response,none,none,none,none,-1,-1,gpt,0,What’s the issue with these claims?
113,Context,none,none,none,none,-1,-1,gpt,1,They are also uncritical and unjustified.
113,Response,none,none,none,none,-1,-1,gpt,0,What would be the result?
113,Context,none,none,none,none,-1,-1,gpt,1,"If we accept them, it might cause unreasonable mistrust of LED-lighting technologies and their possible advantages."
113,Response,none,none,none,none,-1,-1,gpt,0,Would you like to learn more about the implications and consequences of disinformation?
113,Context,none,none,none,none,-1,-1,gpt,1,No.
113,Response,none,none,none,none,-1,-1,gpt,0,Was it appropriate to check the article for the Bandwagon fallacy?
113,Context,none,none,none,none,-1,-1,gpt,1,"Yes, definitely."
113,Response,none,none,none,none,-1,-1,gpt,0,Do you agree that a claim relying on an alleged agreement without concrete evidence and hasty generalizations is not only invalid but also carries potential negative consequences?
113,Context,none,none,none,none,-1,-1,gpt,1,"Yes, indeed."
113,Response,none,none,none,none,-1,-1,gpt,0,"So, considering the Bandwagon fallacy, the claim should be doubted, and the article is in question."
113,Context,none,none,none,none,-1,-1,gpt,1,Correct.
113,Response,none,none,none,none,-1,-1,gpt,0,What would be a recommended course of action once a Bandwagon fallacy has been identified?
113,Context,none,none,none,none,-1,-1,gpt,1,I would search for the validity of the statement by finding reliable evidence and sources.
113,Response,none,none,none,none,-1,-1,gpt,0,That’s a good suggestion. Would you recommend any additional evaluation of the article?
113,Context,none,none,none,none,-1,-1,gpt,1,"Perhaps, the article should be checked for more logical fallacies."
113,Response,none,none,none,none,-1,-1,gpt,0,Would you like further assistance?
113,Context,none,none,none,none,-1,-1,gpt,1,No.
113,Response,none,none,none,none,-1,-1,gpt,0,Thank you for using TITAN!
114,Context,none,none,none,none,-1,-1,gpt,1,Hello!
114,Response,none,none,none,none,-1,-1,gpt,0,You've selected the article “Transform Your Body with the Latest Breakthrough in Weight Loss”
114,Context,none,none,none,none,-1,-1,gpt,1,Yes.
114,Response,none,none,none,none,-1,-1,gpt,0,What is the main issue in the article?
114,Context,none,none,none,none,-1,-1,gpt,1,"The article promotes a revolutionary diet product that uses a powerful combination of natural ingredients to suppress appetite, boost metabolism, and burn fat. It claims this product is recommended by experts."
114,Response,none,none,none,none,-1,-1,gpt,0,What caught your attention about this article?
114,Context,none,none,none,none,-1,-1,gpt,1,The product seems revolutionary indeed.
114,Response,none,none,none,none,-1,-1,gpt,0,What do you already know about the product?
114,Context,none,none,none,none,-1,-1,gpt,1,This is the first time I've heard about this product.
114,Response,none,none,none,none,-1,-1,gpt,0,Would you like to learn more about the quality of reasoning in this article?
114,Context,none,none,none,none,-1,-1,gpt,1,"Certainly, yes!"
114,Response,none,none,none,none,-1,-1,gpt,0,Good reasoning or sound reasoning refers to avoiding logical fallacies or errors in an argument.
114,Context,none,none,none,none,-1,-1,gpt,1,That's helpful.
114,Response,none,none,none,none,-1,-1,gpt,0,Would you like me to assist you in identifying logical fallacies in this article?
114,Context,none,none,none,none,-1,-1,gpt,1,"Yes, but I don’t know what a logical fallacy is exactly."
114,Response,none,none,none,none,-1,-1,gpt,0,A logical fallacy is a flaw in reasoning that makes an argument invalid or unsound. A logical fallacy can make an argument potentially misleading.
114,Context,none,none,none,none,-1,-1,gpt,1,That’s useful to verify the claims about this product.
114,Response,none,none,none,none,-1,-1,gpt,0,We can focus on a logical fallacy called Slippery Slope.
114,Context,none,none,none,none,-1,-1,gpt,1,Fine.
114,Response,none,none,none,none,-1,-1,gpt,0,Would you like to learn more about this logical fallacy?
114,Context,none,none,none,none,-1,-1,gpt,1,Yes.
114,Response,none,none,none,none,-1,-1,gpt,0,Slippery Slope occurs when a claim involves the assumption that a particular action will trigger an unmanageable series of unfavorable events.
114,Context,none,none,none,none,-1,-1,gpt,1,Can you be more specific?
114,Response,none,none,none,none,-1,-1,gpt,0,"A claim with a Slippery Slope fallacy asserts a domino effect will result in a disastrous and inevitable outcome, but with insufficient or no evidence provided."
114,Context,none,none,none,none,-1,-1,gpt,1,Can you give me an example?
114,Response,none,none,none,none,-1,-1,gpt,0,"Here is an example: “If you don't enroll in mathematics classes, you won't be able to gain admission to a reputable college.” Can you identify the logical fallacy in this claim?"
114,Context,none,none,none,none,-1,-1,gpt,1,"Not really, mathematics is very important to gain admission if you want to get into a good college."
114,Response,none,none,none,none,-1,-1,gpt,0,Is mathematics the sole crucial subject for gaining admission to a reputable college?
114,Context,none,none,none,none,-1,-1,gpt,1,No.
114,Response,none,none,none,none,-1,-1,gpt,0,"Therefore, the claim is an exaggeration and overemphasizes an undesirable effect."
114,Context,none,none,none,none,-1,-1,gpt,1,Yes.
114,Response,none,none,none,none,-1,-1,gpt,0,"Moreover, is there any proof or evidence provided for the claim above?"
114,Context,none,none,none,none,-1,-1,gpt,1,No.
114,Response,none,none,none,none,-1,-1,gpt,0,"Due to the above reasons, the example is a case of a Slippery Slope logical fallacy."
114,Context,none,none,none,none,-1,-1,gpt,1,That’s clear now.
114,Response,none,none,none,none,-1,-1,gpt,0,Can you identify a similar practice in the article?
114,Context,none,none,none,none,-1,-1,gpt,1,"Yes, I think the following statement: “If you don't act now, your weight could continue to spiral out of control, leading to chronic illnesses such as heart disease, diabetes, and even cancer.”"
114,Response,none,none,none,none,-1,-1,gpt,0,What led you to that decision?
114,Context,none,none,none,none,-1,-1,gpt,1,"The claim hypothesizes that failing to adhere to a dietary practice will lead to unfavorable health results like cancer, heart disease, and diabetes."
114,Response,none,none,none,none,-1,-1,gpt,0,Is it possible?
114,Context,none,none,none,none,-1,-1,gpt,1,"Yes, but the statement seems to exaggerate this issue and does not provide evidence."
114,Response,none,none,none,none,-1,-1,gpt,0,Can you identify this exaggeration?
114,Context,none,none,none,none,-1,-1,gpt,1,"Yes, the expression “your weight could continue to spiral out of control” overstates the situation and is somewhat alarming."
114,Response,none,none,none,none,-1,-1,gpt,0,"So, do you think the statement entails a Slippery Slope fallacy?"
114,Context,none,none,none,none,-1,-1,gpt,1,Yes.
114,Response,none,none,none,none,-1,-1,gpt,0,"Therefore, the statement can be called into question?"
114,Context,none,none,none,none,-1,-1,gpt,1,Yes.
114,Response,none,none,none,none,-1,-1,gpt,0,Are there any alternative viewpoints?
114,Context,none,none,none,none,-1,-1,gpt,1,"Perhaps, no."
114,Response,none,none,none,none,-1,-1,gpt,0,"What about claiming that despite the exaggeration and the lack of evidence, the conclusion underlines several serious dangers for our health?"
114,Context,none,none,none,none,-1,-1,gpt,1,Correct!
114,Response,none,none,none,none,-1,-1,gpt,0,"So, why are you calling the statement into question?"
114,Context,none,none,none,none,-1,-1,gpt,1,I think the health issues mentioned do not necessarily result from not following a dietary practice.
114,Response,none,none,none,none,-1,-1,gpt,0,Excellent! Are there any consequences of accepting the statement?
114,Context,none,none,none,none,-1,-1,gpt,1,I don’t think there are any serious implications.
114,Response,none,none,none,none,-1,-1,gpt,0,"Could a fallacious claim, which relies on a Slippery Slope fallacy, cause unwarranted anxiety or unnecessary fear in the reader?"
114,Context,none,none,none,none,-1,-1,gpt,1,"Yes, of course."
114,Response,none,none,none,none,-1,-1,gpt,0,"Moreover, do you agree that the statement might bring mistrust to diet products in general?"
114,Context,none,none,none,none,-1,-1,gpt,1,Yes.
114,Response,none,none,none,none,-1,-1,gpt,0,"In addition, it might cast significant doubts on scientific research in the field of health and nutrition."
114,Context,none,none,none,none,-1,-1,gpt,1,"Yes, unfortunately."
114,Response,none,none,none,none,-1,-1,gpt,0,"Therefore, the outcome might, in the worst scenario, contradict what the article asserts."
114,Context,none,none,none,none,-1,-1,gpt,1,"Yes, of course."
114,Response,none,none,none,none,-1,-1,gpt,0,Would you like to learn more about the implications and consequences of disinformation?
114,Context,none,none,none,none,-1,-1,gpt,1,No.
114,Response,none,none,none,none,-1,-1,gpt,0,Was it appropriate to check the article for the Slippery Slope fallacy?
114,Context,none,none,none,none,-1,-1,gpt,1,Yes.
114,Response,none,none,none,none,-1,-1,gpt,0,Do you agree that a claim relying on the unsupported assumption that a particular action will trigger a domino effect of unmanageable unfavorable events is not only invalid but also carries serious negative implications?
114,Context,none,none,none,none,-1,-1,gpt,1,"Yes, if it is taken seriously."
114,Response,none,none,none,none,-1,-1,gpt,0,"So, considering the Slippery Slope fallacy, the claim should be doubted, and the article is in question."
114,Context,none,none,none,none,-1,-1,gpt,1,Correct.
114,Response,none,none,none,none,-1,-1,gpt,0,What would be a recommended course of action?
114,Context,none,none,none,none,-1,-1,gpt,1,I am not sure.
114,Response,none,none,none,none,-1,-1,gpt,0,I would suggest examining the reliability of this product by finding consistent evidence and unbiased sources.
114,Context,none,none,none,none,-1,-1,gpt,1,That’s a good suggestion.
114,Response,none,none,none,none,-1,-1,gpt,0,Would you recommend any additional evaluation of the article?
114,Context,none,none,none,none,-1,-1,gpt,1,"Perhaps, the article should be checked for more logical fallacies."
114,Response,none,none,none,none,-1,-1,gpt,0,Would you like further assistance?
114,Context,none,none,none,none,-1,-1,gpt,1,No.
114,Response,none,none,none,none,-1,-1,gpt,0,Thank you for using TITAN!
115,Context,none,none,none,none,-1,-1,gpt,1,Hello!
115,Response,none,none,none,none,-1,-1,gpt,0,You've selected the article “Transform Your Body with the Latest Breakthrough in Weight Loss”
115,Context,none,none,none,none,-1,-1,gpt,1,Yes.
115,Response,none,none,none,none,-1,-1,gpt,0,What is the main issue in the article?
115,Context,none,none,none,none,-1,-1,gpt,1,"The article advertises a new diet product that is recommended by experts and claimed to be justified by scientific research on nutrition. The product contains natural ingredients purported to reduce appetite, increase metabolism, and facilitate fat burning."
115,Response,none,none,none,none,-1,-1,gpt,0,What caught your attention about this article?
115,Context,none,none,none,none,-1,-1,gpt,1,"While the product may seem revolutionary, the hosting website appears to have a sales-oriented focus given its name, 'SkinnySecretsExposed.com'."
115,Response,none,none,none,none,-1,-1,gpt,0,That’s a good observation. What do you already know about the product?
115,Context,none,none,none,none,-1,-1,gpt,1,"I am familiar with various nutrition methods, but this is the first time I’ve heard about this product."
115,Response,none,none,none,none,-1,-1,gpt,0,Are you skeptical about this product?
115,Context,none,none,none,none,-1,-1,gpt,1,"Yes, I think so."
115,Response,none,none,none,none,-1,-1,gpt,0,Are you basing this skepticism on any specific observations?
115,Context,none,none,none,none,-1,-1,gpt,1,The language used in the article seems to be strongly colored and emotional.
115,Response,none,none,none,none,-1,-1,gpt,0,Would you like to learn more about the nature of emotive language?
115,Context,none,none,none,none,-1,-1,gpt,1,Yes.
115,Response,none,none,none,none,-1,-1,gpt,0,"Emotive language aims to elicit an emotional reaction from the audience, whether readers or listeners."
115,Context,none,none,none,none,-1,-1,gpt,1,Can you be more specific?
115,Response,none,none,none,none,-1,-1,gpt,0,Emotive language involves using words and phrases intended to evoke strong emotions to influence or attract attention.
115,Context,none,none,none,none,-1,-1,gpt,1,Can you give me an example?
115,Response,none,none,none,none,-1,-1,gpt,0,"Consider adjectives or adverbs like angrily or proudly, and words that create a sense of shared identity or unity, such as we and us."
115,Context,none,none,none,none,-1,-1,gpt,1,That’s helpful.
115,Response,none,none,none,none,-1,-1,gpt,0,Can you identify similar practices in the article?
115,Context,none,none,none,none,-1,-1,gpt,1,"Yes, from the opening lines of the article: “Do you feel defeated by your weight struggles? Have you exhausted yourself with crash diets and punishing exercise routines that only leave you feeling frustrated and hopeless?”"
115,Response,none,none,none,none,-1,-1,gpt,0,What led you to that decision?
115,Context,none,none,none,none,-1,-1,gpt,1,The phrases used evoke strong feelings in the reader.
115,Response,none,none,none,none,-1,-1,gpt,0,Can you provide examples of such words or phrases?
115,Context,none,none,none,none,-1,-1,gpt,1,"Phrases like feel exhausted, defeated, feeling frustrated and hopeless."
115,Response,none,none,none,none,-1,-1,gpt,0,What led you to this idea?
115,Context,none,none,none,none,-1,-1,gpt,1,These words convey strong emotions and create vivid imagery.
115,Response,none,none,none,none,-1,-1,gpt,0,Do you see the same expression or words being repeated?
115,Context,none,none,none,none,-1,-1,gpt,1,"Yes, the term ‘feel’ is repeated."
115,Response,none,none,none,none,-1,-1,gpt,0,Repetition is another indication of emotive language.
115,Context,none,none,none,none,-1,-1,gpt,1,That’s informative.
115,Response,none,none,none,none,-1,-1,gpt,0,Why do you think emotive language has been used in this article?
115,Context,none,none,none,none,-1,-1,gpt,1,To draw the attention of readers who struggle with weight issues.
115,Response,none,none,none,none,-1,-1,gpt,0,But what about an additional objective to influence the reader to buy the product?
115,Context,none,none,none,none,-1,-1,gpt,1,That’s also right!
115,Response,none,none,none,none,-1,-1,gpt,0,"So, do you think that emotive language is used to persuade and draw the reader’s attention?"
115,Context,none,none,none,none,-1,-1,gpt,1,Yes.
115,Response,none,none,none,none,-1,-1,gpt,0,Are there alternative viewpoints?
115,Context,none,none,none,none,-1,-1,gpt,1,"Yes, despite the emotive language, the questions address serious issues that many people experience with weight loss or dieting."
115,Response,none,none,none,none,-1,-1,gpt,0,Do you think this is true for everyone who follows a diet or tries to lose weight?
115,Context,none,none,none,none,-1,-1,gpt,1,No.
115,Response,none,none,none,none,-1,-1,gpt,0,"So, do you think the opening lines involve a Hasty Generalization?"
115,Context,none,none,none,none,-1,-1,gpt,1,Could you please remind me what this logical fallacy is about?
115,Response,none,none,none,none,-1,-1,gpt,0,A Hasty Generalization occurs when conclusions are drawn about an entire group or category based on insufficient or limited evidence.
115,Context,none,none,none,none,-1,-1,gpt,1,"Yes, the opening lines seem to include a Hasty Generalization."
115,Response,none,none,none,none,-1,-1,gpt,0,Are there any consequences of uncritically considering these questions?
115,Context,none,none,none,none,-1,-1,gpt,1,"Yes, the emotive language might cause unwarranted anxiety in the reader."
115,Response,none,none,none,none,-1,-1,gpt,0,Any other implications?
115,Context,none,none,none,none,-1,-1,gpt,1,No.
115,Response,none,none,none,none,-1,-1,gpt,0,Don’t you think emotive language might also bring skepticism about nutritional practices?
115,Context,none,none,none,none,-1,-1,gpt,1,"Yes, especially when a diet product uses emotive language for promotion."
115,Response,none,none,none,none,-1,-1,gpt,0,Would you like to learn more about the implications and consequences of disinformation?
115,Context,none,none,none,none,-1,-1,gpt,1,No.
115,Response,none,none,none,none,-1,-1,gpt,0,Was it appropriate to check the article for Emotive Language?
115,Context,none,none,none,none,-1,-1,gpt,1,Yes.
115,Response,none,none,none,none,-1,-1,gpt,0,Do you agree that emotive language should not be regarded as a signal of doubt in an article?
115,Context,none,none,none,none,-1,-1,gpt,1,Yes.
115,Response,none,none,none,none,-1,-1,gpt,0,"In addition, do you think emotive language can bring unnecessary anxiety to readers?"
115,Context,none,none,none,none,-1,-1,gpt,1,"Yes, if taken seriously."
115,Response,none,none,none,none,-1,-1,gpt,0,"So, considering the use of Emotive Language in the opening lines, the article should be treated with skepticism."
115,Context,none,none,none,none,-1,-1,gpt,1,"Yes, I agree."
115,Response,none,none,none,none,-1,-1,gpt,0,What would be a recommended course of action once Emotive Language has been identified?
115,Context,none,none,none,none,-1,-1,gpt,1,"Reading the article with caution and seeking justified, reliable evidence to support the claims."
115,Response,none,none,none,none,-1,-1,gpt,0,That’s an excellent suggestion.
115,Context,none,none,none,none,-1,-1,gpt,1,"Yes, a critical thinking approach is best in these cases."
115,Response,none,none,none,none,-1,-1,gpt,0,Would you recommend any additional evaluation of the article?
115,Context,none,none,none,none,-1,-1,gpt,1,Perhaps further identification of emotive language and evaluation of reasoning throughout the article.
115,Response,none,none,none,none,-1,-1,gpt,0,Would you like further assistance?
115,Context,none,none,none,none,-1,-1,gpt,1,No.
115,Response,none,none,none,none,-1,-1,gpt,0,Thank you for using TITAN!
116,Context,none,none,none,none,-1,-1,gpt,1,Hello!
116,Response,none,none,none,none,-1,-1,gpt,0,Which article do you want help with?
116,Context,none,none,none,none,-1,-1,gpt,1,I have read this article: “Transform Your Body with the Latest Breakthrough in Weight Loss.”
116,Response,none,none,none,none,-1,-1,gpt,0,Interesting. What is the main issue discussed in the article?
116,Context,none,none,none,none,-1,-1,gpt,1,It discusses a new diet product that claims to help users lose weight very quickly.
116,Response,none,none,none,none,-1,-1,gpt,0,Is there an explanation of why this product is revolutionary compared to other products?
116,Context,none,none,none,none,-1,-1,gpt,1,"Yes, the article claims the product is backed by scientific research and contains a powerful combination of natural ingredients that work together to suppress appetite, boost metabolism, and burn fat."
116,Response,none,none,none,none,-1,-1,gpt,0,What other claims are being made?
116,Context,none,none,none,none,-1,-1,gpt,1,"Besides aiding weight loss, the product is said to improve energy levels, enhance sleep, and reduce inflammation. It’s also described as safe, affordable, and easy to use."
116,Response,none,none,none,none,-1,-1,gpt,0,Are any disadvantages or risks discussed?
116,Context,none,none,none,none,-1,-1,gpt,1,"No, none are mentioned."
116,Response,none,none,none,none,-1,-1,gpt,0,Is it logical that there are only advantages?
116,Context,none,none,none,none,-1,-1,gpt,1,Probably not. It’s unusual to have only benefits without any drawbacks or risks.
116,Response,none,none,none,none,-1,-1,gpt,0,What is the main assumption being made?
116,Context,none,none,none,none,-1,-1,gpt,1,The assumption is that this product will create a health revolution by helping users shed extra pounds easily and quickly.
116,Response,none,none,none,none,-1,-1,gpt,0,How can we verify if this claim is true?
116,Context,none,none,none,none,-1,-1,gpt,1,The article is very persuasive and enthusiastic about the product’s effectiveness.
116,Response,none,none,none,none,-1,-1,gpt,0,Can you give examples of this?
116,Context,none,none,none,none,-1,-1,gpt,1,Phrases like “Have you exhausted yourself with crash diets and punishing exercise routines that only leave you feeling frustrated and hopeless?” and “It’s time to hear about the latest and most exciting breakthrough in weight loss.”
116,Response,none,none,none,none,-1,-1,gpt,0,"The author uses very emotional language (strong adjectives); e.g., “punishing exercise,” “most exciting breakthrough.” Do you think this is language that a neutral journalist would use?"
116,Context,none,none,none,none,-1,-1,gpt,1,"No, a neutral journalist would likely use more objective and factual language. The use of emotive language suggests a bias."
116,Response,none,none,none,none,-1,-1,gpt,0,Do we expect journalists to show their own opinion or do we expect them to be neutral?
116,Context,none,none,none,none,-1,-1,gpt,1,We expect them to be neutral.
116,Response,none,none,none,none,-1,-1,gpt,0,That is true. We could therefore speak of a potentially unreliable source. Now let’s go back to the content. What are the main reasons to believe this is true?
116,Context,none,none,none,none,-1,-1,gpt,1,The article cites a scientific breakthrough and includes a testimonial from Ella Leyers (an actress I’m a fan of) who endorses the product enthusiastically.
116,Response,none,none,none,none,-1,-1,gpt,0,Does she have specific knowledge about this topic?
116,Context,none,none,none,none,-1,-1,gpt,1,"No, but I find her opinion trustworthy."
116,Response,none,none,none,none,-1,-1,gpt,0,What reasons could she have for sharing this information?
116,Context,none,none,none,none,-1,-1,gpt,1,She might want to share what she believes to be a helpful secret with her fans.
116,Response,none,none,none,none,-1,-1,gpt,0,"Even if it worked for her, why do you think it would work for others?"
116,Context,none,none,none,none,-1,-1,gpt,1,Because she was initially skeptical but is now a happy customer.
116,Response,none,none,none,none,-1,-1,gpt,0,This is a logical fallacy called “Bandwagon.” This technique aims to persuade you that it will work for you just because it worked for someone else. Are there alternative viewpoints mentioned in the text?
116,Context,none,none,none,none,-1,-1,gpt,1,"No, the article focuses solely on the experts and Ella Leyers’ testimonial."
116,Response,none,none,none,none,-1,-1,gpt,0,Can you think of other people whose opinions would be helpful in evaluating this product?
116,Context,none,none,none,none,-1,-1,gpt,1,It would be useful to hear from a dietitian or medical professional about the product.
116,Response,none,none,none,none,-1,-1,gpt,0,"Yes, indeed. Good reasoning. Are there any consequences of accepting the statement that this is a revolutionary diet product?"
116,Context,none,none,none,none,-1,-1,gpt,1,"There might not be serious consequences, but people could be encouraged to try the product without sufficient evidence."
116,Response,none,none,none,none,-1,-1,gpt,0,"Can a claim based on an unverified source, containing emotional language and lacking scientific clarification, lead to good health information that is desirable to disseminate?"
116,Context,none,none,none,none,-1,-1,gpt,1,It may not be the best approach for disseminating reliable health information.
116,Response,none,none,none,none,-1,-1,gpt,0,Would you recommend any additional evaluation of the article?
116,Context,none,none,none,none,-1,-1,gpt,1,"Yes, it should be checked for more logical fallacies and verified for accuracy."
116,Response,none,none,none,none,-1,-1,gpt,0,Would you like further assistance?
116,Context,none,none,none,none,-1,-1,gpt,1,No.
116,Response,none,none,none,none,-1,-1,gpt,0,Thank you for using TITAN!
117,Context,none,none,none,none,-1,-1,gpt,1,Hello!
117,Response,none,none,none,none,-1,-1,gpt,0,You've read the article “Transform Your Body with the Latest Breakthrough in Weight Loss.” Is that correct?
117,Context,none,none,none,none,-1,-1,gpt,1,Yes.
117,Response,none,none,none,none,-1,-1,gpt,0,What is the article about?
117,Context,none,none,none,none,-1,-1,gpt,1,It discusses a new diet product that helps users lose weight quickly.
117,Response,none,none,none,none,-1,-1,gpt,0,What are the main claims being made?
117,Context,none,none,none,none,-1,-1,gpt,1,"The product is claimed to aid weight loss and offer additional health benefits such as improved energy levels, better sleep, and reduced inflammation. It is also described as safe, affordable, and easy to use."
117,Response,none,none,none,none,-1,-1,gpt,0,What assumptions are being made here?
117,Context,none,none,none,none,-1,-1,gpt,1,"The assumption is that this product will create a health revolution by helping users shed extra pounds easily and quickly, while also providing numerous other health benefits."
117,Response,none,none,none,none,-1,-1,gpt,0,Why would the author share this story?
117,Context,none,none,none,none,-1,-1,gpt,1,The author wants to share information about what they consider a groundbreaking product.
117,Response,none,none,none,none,-1,-1,gpt,0,What other motives might the author have for sharing this information?
117,Context,none,none,none,none,-1,-1,gpt,1,The author might benefit financially if the product sells well.
117,Response,none,none,none,none,-1,-1,gpt,0,"In that case, is he still objective?"
117,Context,none,none,none,none,-1,-1,gpt,1,"No, if the author stands to gain from the product’s success, their perspective may not be entirely objective."
117,Response,none,none,none,none,-1,-1,gpt,0,"Right, that could be a reason to look critically at the article. Now let’s go back to the content. What are the main reasons to believe this is true?"
117,Context,none,none,none,none,-1,-1,gpt,1,The article claims there is a scientific breakthrough and includes a testimonial from Ella Leyers (an actress I’m a fan of) who supports the product. Her excitement about it caught my attention.
117,Response,none,none,none,none,-1,-1,gpt,0,Could you think of other reasons why she would share this?
117,Context,none,none,none,none,-1,-1,gpt,1,She might be receiving compensation or some form of benefit for endorsing the product.
117,Response,none,none,none,none,-1,-1,gpt,0,"That could indeed be a motivation, which cannot be ruled out."
117,Context,none,none,none,none,-1,-1,gpt,1,"Okay, good to know. But there are also pictures of her that could prove the product’s effectiveness."
117,Response,none,none,none,none,-1,-1,gpt,0,Photos can sometimes be taken out of context. Would you like to learn more about this?
117,Context,none,none,none,none,-1,-1,gpt,1,"Yes, sure, why not."
117,Response,none,none,none,none,-1,-1,gpt,0,Here’s a microlesson on reverse image searching: This technique allows you to check where images come from and if they have been used in different contexts. You can use tools like Google Images to upload the photo and find other instances of it online.
117,Context,none,none,none,none,-1,-1,gpt,1,That sounds interesting!
117,Response,none,none,none,none,-1,-1,gpt,0,"If the picture is taken out of Context,none,none,none,none,-1,-1,gpt,1, how might this affect the rest of the article?"
117,Context,none,none,none,none,-1,-1,gpt,1,"If the picture is misleading, other aspects of the article might also be questionable or taken out of context."
117,Response,none,none,none,none,-1,-1,gpt,0,Are there alternative viewpoints cited in this article?
117,Context,none,none,none,none,-1,-1,gpt,1,"No, the article focuses only on the positive aspects and testimonials related to the product."
117,Response,none,none,none,none,-1,-1,gpt,0,Are there consequences for accepting the statement that this is a good health product that will help users lose weight quickly?
117,Context,none,none,none,none,-1,-1,gpt,1,"Yes, it could lead to the spread of potentially misleading health information, encouraging people to use products without proven benefits."
117,Response,none,none,none,none,-1,-1,gpt,0,Would you recommend any additional evaluation of the article?
117,Context,none,none,none,none,-1,-1,gpt,1,"Yes, it should be checked for more logical fallacies and verified for accuracy."
117,Response,none,none,none,none,-1,-1,gpt,0,Would you like further assistance?
117,Context,none,none,none,none,-1,-1,gpt,1,No.
117,Response,none,none,none,none,-1,-1,gpt,0,Thank you for using TITAN!
